{"type":"FeatureCollection","features":[{"type":"Feature","properties":{"osm_id":"1107881689","name":null,"april21":true,"july15":true,"nov2":true},"geometry":{"type":"Point","coordinates":[6.780082094245821,7.815705231293817]}},{"type":"Feature","properties":{"osm_id":"1107881691","name":null,"april21":true,"july15":true,"nov2":true},"geometry":{"type":"Point","coordinates":[6.780453411637528,7.8156459800537235]}},{"type":"Feature","properties":{"osm_id":"1107881692","name":null,"april21":true,"july15":true,"nov2":true},"geometry":{"type":"Point","coordinates":[6.780452464150893,7.815855434779543]}},{"type":"Feature","properties":{"osm_id":"1111187195","name":null,"april21":true,"july15":true,"nov2":true},"geometry":{"type":"Point","coordinates":[6.780362553830732,7.815793979150514]}},{"type":"Feature","properties":{"osm_id":"1111187196","name":null,"april21":true,"july15":true,"nov2":true},"geometry":{"type":"Point","coordinates":[6.780672631671515,7.816018446093541]}},{"type":"Feature","properties":{"osm_id":"1111187197","name":null,"april21":true,"july15":true,"nov2":true},"geometry":{"type":"Point","coordinates":[6.780522149998688,7.815926050000552]}},{"type":"Feature","properties":{"osm_id":"1111187198","name":null,"april21":true,"july15":true,"nov2":true},"geometry":{"type":"Point","coordinates":[6.7803617962569,7.815612318360625]}},{"type":"Feature","properties":{"osm_id":"1111187199","name":null,"april21":true,"july15":true,"nov2":true},"geometry":{"type":"Point","coordinates":[6.780530281448921,7.815629993306362]}},{"type":"Feature","properties":{"osm_id":"632760086","name":null,"april21":false,"july15":true,"nov2":false},"geometry":{"type":"Point","coordinates":[6.748205649985381,7.799590949990034]}},{"type":"Feature","properties":{"osm_id":"632760087","name":null,"april21":false,"july15":true,"nov2":false},"geometry":{"type":"Point","coordinates":[6.748163701460332,7.799876885165785]}},{"type":"Feature","properties":{"osm_id":"632760088","name":null,"april21":false,"july15":true,"nov2":false},"geometry":{"type":"Point","coordinates":[6.748186725764928,7.800504148653019]}},{"type":"Feature","properties":{"osm_id":"632760089","name":null,"april21":false,"july15":true,"nov2":false},"geometry":{"type":"Point","coordinates":[6.746373428307722,7.798764537190318]}},{"type":"Feature","properties":{"osm_id":"632760091","name":null,"april21":false,"july15":true,"nov2":false},"geometry":{"type":"Point","coordinates":[6.7470462359365015,7.799674519460635]}},{"type":"Feature","properties":{"osm_id":"632760093","name":null,"april21":false,"july15":true,"nov2":false},"geometry":{"type":"Point","coordinates":[6.748422499999294,7.799774600000889]}},{"type":"Feature","properties":{"osm_id":"632760094","name":null,"april21":false,"july15":true,"nov2":false},"geometry":{"type":"Point","coordinates":[6.748307866544357,7.799507451424314]}},{"type":"Feature","properties":{"osm_id":"632760095","name":null,"april21":false,"july15":true,"nov2":false},"geometry":{"type":"Point","coordinates":[6.74653654868859,7.799060671697806]}},{"type":"Feature","properties":{"osm_id":"632760096","name":null,"april21":false,"july15":true,"nov2":false},"geometry":{"type":"Point","coordinates":[6.746405950935866,7.79898806739154]}},{"type":"Feature","properties":{"osm_id":"632760097","name":null,"april21":false,"july15":true,"nov2":false},"geometry":{"type":"Point","coordinates":[6.746513199999816,7.798912700001186]}},{"type":"Feature","properties":{"osm_id":"632760098","name":null,"april21":false,"july15":true,"nov2":false},"geometry":{"type":"Point","coordinates":[6.745807419558608,7.79938216465214]}},{"type":"Feature","properties":{"osm_id":"632760099","name":null,"april21":false,"july15":true,"nov2":false},"geometry":{"type":"Point","coordinates":[6.745847338481431,7.799049275494642]}},{"type":"Feature","properties":{"osm_id":"632760100","name":null,"april21":false,"july15":true,"nov2":false},"geometry":{"type":"Point","coordinates":[6.7454880860875015,7.798534619698989]}},{"type":"Feature","properties":{"osm_id":"632760101","name":null,"april21":false,"july15":true,"nov2":false},"geometry":{"type":"Point","coordinates":[6.745055024933028,7.798862313497225]}},{"type":"Feature","properties":{"osm_id":"632760102","name":null,"april21":false,"july15":true,"nov2":false},"geometry":{"type":"Point","coordinates":[6.745211516489634,7.7980699672336335]}},{"type":"Feature","properties":{"osm_id":"632760103","name":null,"april21":false,"july15":true,"nov2":false},"geometry":{"type":"Point","coordinates":[6.745035519563281,7.798143476139424]}},{"type":"Feature","properties":{"osm_id":"632760104","name":null,"april21":false,"july15":true,"nov2":false},"geometry":{"type":"Point","coordinates":[6.7448699267802406,7.798192092100506]}},{"type":"Feature","properties":{"osm_id":"632760105","name":null,"april21":false,"july15":true,"nov2":false},"geometry":{"type":"Point","coordinates":[6.744680948945174,7.798232881585695]}},{"type":"Feature","properties":{"osm_id":"632760106","name":null,"april21":false,"july15":true,"nov2":false},"geometry":{"type":"Point","coordinates":[6.744505609164179,7.798196595365385]}},{"type":"Feature","properties":{"osm_id":"632760107","name":null,"april21":false,"july15":true,"nov2":false},"geometry":{"type":"Point","coordinates":[6.7442580505426575,7.798250717766011]}},{"type":"Feature","properties":{"osm_id":"632760109","name":null,"april21":false,"july15":true,"nov2":false},"geometry":{"type":"Point","coordinates":[6.744343399994376,7.798639149990385]}},{"type":"Feature","properties":{"osm_id":"632760110","name":null,"april21":false,"july15":true,"nov2":false},"geometry":{"type":"Point","coordinates":[6.744433207245396,7.798682972134379]}},{"type":"Feature","properties":{"osm_id":"632760111","name":null,"april21":false,"july15":true,"nov2":false},"geometry":{"type":"Point","coordinates":[6.744621987856048,7.798634969379628]}},{"type":"Feature","properties":{"osm_id":"632760112","name":null,"april21":false,"july15":true,"nov2":false},"geometry":{"type":"Point","coordinates":[6.744616549999179,7.798825749999293]}},{"type":"Feature","properties":{"osm_id":"632760114","name":null,"april21":false,"july15":true,"nov2":false},"geometry":{"type":"Point","coordinates":[6.744812007717535,7.798847975125697]}},{"type":"Feature","properties":{"osm_id":"632760115","name":null,"april21":false,"july15":true,"nov2":false},"geometry":{"type":"Point","coordinates":[6.744846313684822,7.798980977964815]}},{"type":"Feature","properties":{"osm_id":"632760116","name":null,"april21":false,"july15":true,"nov2":false},"geometry":{"type":"Point","coordinates":[6.744833549237523,7.799193117428481]}},{"type":"Feature","properties":{"osm_id":"632760117","name":"Nitram Martins Building","april21":false,"july15":true,"nov2":false},"geometry":{"type":"Point","coordinates":[6.744843749540537,7.799427539665856]}},{"type":"Feature","properties":{"osm_id":"632760118","name":null,"april21":false,"july15":true,"nov2":false},"geometry":{"type":"Point","coordinates":[6.744974300000667,7.799441699999333]}},{"type":"Feature","properties":{"osm_id":"632760120","name":null,"april21":false,"july15":true,"nov2":false},"geometry":{"type":"Point","coordinates":[6.745907526418489,7.7995046219505735]}},{"type":"Feature","properties":{"osm_id":"632760121","name":null,"april21":false,"july15":true,"nov2":false},"geometry":{"type":"Point","coordinates":[6.7458939302735255,7.799234491569309]}},{"type":"Feature","properties":{"osm_id":"632760122","name":null,"april21":false,"july15":true,"nov2":false},"geometry":{"type":"Point","coordinates":[6.745770399997445,7.798881899998846]}},{"type":"Feature","properties":{"osm_id":"632760123","name":null,"april21":false,"july15":true,"nov2":false},"geometry":{"type":"Point","coordinates":[6.746149604306191,7.798481935756507]}},{"type":"Feature","properties":{"osm_id":"632760124","name":null,"april21":false,"july15":true,"nov2":false},"geometry":{"type":"Point","coordinates":[6.746663225944166,7.799153657351986]}},{"type":"Feature","properties":{"osm_id":"632760125","name":null,"april21":false,"july15":true,"nov2":false},"geometry":{"type":"Point","coordinates":[6.746673919155912,7.799068010572567]}},{"type":"Feature","properties":{"osm_id":"632760127","name":null,"april21":false,"july15":true,"nov2":false},"geometry":{"type":"Point","coordinates":[6.748071862505461,7.799359469788684]}},{"type":"Feature","properties":{"osm_id":"632760128","name":null,"april21":false,"july15":true,"nov2":false},"geometry":{"type":"Point","coordinates":[6.7489563959292616,7.7997917305514335]}},{"type":"Feature","properties":{"osm_id":"632760129","name":null,"april21":false,"july15":true,"nov2":false},"geometry":{"type":"Point","coordinates":[6.7483258926595715,7.800810780569755]}},{"type":"Feature","properties":{"osm_id":"632760649","name":null,"april21":false,"july15":true,"nov2":false},"geometry":{"type":"Point","coordinates":[6.748514200000828,7.800762350005706]}},{"type":"Feature","properties":{"osm_id":"632760651","name":null,"april21":false,"july15":true,"nov2":false},"geometry":{"type":"Point","coordinates":[6.748413583439534,7.8013680151577685]}},{"type":"Feature","properties":{"osm_id":"632760653","name":null,"april21":false,"july15":true,"nov2":false},"geometry":{"type":"Point","coordinates":[6.74885445000383,7.8000504500345365]}},{"type":"Feature","properties":{"osm_id":"632760655","name":null,"april21":false,"july15":true,"nov2":false},"geometry":{"type":"Point","coordinates":[6.749012250001708,7.800694900006328]}},{"type":"Feature","properties":{"osm_id":"632760657","name":null,"april21":false,"july15":true,"nov2":false},"geometry":{"type":"Point","coordinates":[6.748708518396465,7.800712198346192]}},{"type":"Feature","properties":{"osm_id":"632760658","name":null,"april21":false,"july15":true,"nov2":false},"geometry":{"type":"Point","coordinates":[6.748848099999259,7.800666250000526]}},{"type":"Feature","properties":{"osm_id":"632760660","name":null,"april21":false,"july15":true,"nov2":false},"geometry":{"type":"Point","coordinates":[6.74892613019906,7.800641006404423]}},{"type":"Feature","properties":{"osm_id":"632760662","name":null,"april21":false,"july15":true,"nov2":false},"geometry":{"type":"Point","coordinates":[6.749007299999487,7.800608900001078]}},{"type":"Feature","properties":{"osm_id":"632760663","name":null,"april21":false,"july15":true,"nov2":false},"geometry":{"type":"Point","coordinates":[6.7483752156170755,7.800370154477421]}},{"type":"Feature","properties":{"osm_id":"632760664","name":null,"april21":false,"july15":true,"nov2":false},"geometry":{"type":"Point","coordinates":[6.748345099997493,7.7996436999977625]}},{"type":"Feature","properties":{"osm_id":"632760665","name":null,"april21":false,"july15":true,"nov2":false},"geometry":{"type":"Point","coordinates":[6.747204390135824,7.799710223153126]}},{"type":"Feature","properties":{"osm_id":"632760668","name":null,"april21":false,"july15":true,"nov2":false},"geometry":{"type":"Point","coordinates":[6.745456055441359,7.799025577615766]}},{"type":"Feature","properties":{"osm_id":"632760669","name":null,"april21":false,"july15":true,"nov2":false},"geometry":{"type":"Point","coordinates":[6.744156377719329,7.7990338146036375]}},{"type":"Feature","properties":{"osm_id":"632760670","name":null,"april21":false,"july15":true,"nov2":false},"geometry":{"type":"Point","coordinates":[6.744465193918632,7.799010323744956]}},{"type":"Feature","properties":{"osm_id":"632760671","name":null,"april21":false,"july15":true,"nov2":false},"geometry":{"type":"Point","coordinates":[6.744449699999824,7.799134750000211]}},{"type":"Feature","properties":{"osm_id":"632760672","name":null,"april21":false,"july15":true,"nov2":false},"geometry":{"type":"Point","coordinates":[6.74443850702181,7.799272127756019]}},{"type":"Feature","properties":{"osm_id":"632760673","name":null,"april21":false,"july15":true,"nov2":false},"geometry":{"type":"Point","coordinates":[6.744190620690306,7.799239894567192]}},{"type":"Feature","properties":{"osm_id":"632760674","name":null,"april21":false,"july15":true,"nov2":false},"geometry":{"type":"Point","coordinates":[6.743826925926432,7.799987216739086]}},{"type":"Feature","properties":{"osm_id":"632760675","name":"Opay Office","april21":false,"july15":true,"nov2":false},"geometry":{"type":"Point","coordinates":[6.743817699999361,7.799837150001248]}},{"type":"Feature","properties":{"osm_id":"632760676","name":null,"april21":false,"july15":true,"nov2":false},"geometry":{"type":"Point","coordinates":[6.743814249999233,7.799767250001519]}},{"type":"Feature","properties":{"osm_id":"632760677","name":"Shushan Pharmacy","april21":false,"july15":true,"nov2":false},"geometry":{"type":"Point","coordinates":[6.743816249999495,7.799692800001005]}},{"type":"Feature","properties":{"osm_id":"632760678","name":null,"april21":false,"july15":true,"nov2":false},"geometry":{"type":"Point","coordinates":[6.743589388497938,7.799455157443837]}},{"type":"Feature","properties":{"osm_id":"632760679","name":null,"april21":false,"july15":true,"nov2":false},"geometry":{"type":"Point","coordinates":[6.743572023558042,7.799137383031165]}},{"type":"Feature","properties":{"osm_id":"632763092","name":null,"april21":false,"july15":true,"nov2":false},"geometry":{"type":"Point","coordinates":[6.743316400000365,7.799160249995045]}},{"type":"Feature","properties":{"osm_id":"632763093","name":null,"april21":false,"july15":true,"nov2":false},"geometry":{"type":"Point","coordinates":[6.743315192161127,7.799463078712159]}},{"type":"Feature","properties":{"osm_id":"632763094","name":null,"april21":false,"july15":true,"nov2":false},"geometry":{"type":"Point","coordinates":[6.743350795035994,7.799787226229165]}},{"type":"Feature","properties":{"osm_id":"632763102","name":null,"april21":false,"july15":true,"nov2":false},"geometry":{"type":"Point","coordinates":[6.74384059999937,7.800213450001408]}},{"type":"Feature","properties":{"osm_id":"632763103","name":null,"april21":false,"july15":true,"nov2":false},"geometry":{"type":"Point","coordinates":[6.743850427048848,7.800298256247808]}},{"type":"Feature","properties":{"osm_id":"632763104","name":null,"april21":false,"july15":true,"nov2":false},"geometry":{"type":"Point","coordinates":[6.744243575481566,7.799695903847734]}},{"type":"Feature","properties":{"osm_id":"632763105","name":null,"april21":false,"july15":true,"nov2":false},"geometry":{"type":"Point","coordinates":[6.744678278420836,7.7999155548447865]}},{"type":"Feature","properties":{"osm_id":"632763106","name":null,"april21":false,"july15":true,"nov2":false},"geometry":{"type":"Point","coordinates":[6.744714194243963,7.8001446765030025]}},{"type":"Feature","properties":{"osm_id":"632763107","name":null,"april21":false,"july15":true,"nov2":false},"geometry":{"type":"Point","coordinates":[6.744479249994116,7.8002948500219595]}},{"type":"Feature","properties":{"osm_id":"632763108","name":"Chucks Shopping Mall","april21":false,"july15":true,"nov2":false},"geometry":{"type":"Point","coordinates":[6.744333526470184,7.800541453329023]}},{"type":"Feature","properties":{"osm_id":"632763109","name":"Kogi State Internaal Revenue Service (KGIRS)","april21":false,"july15":true,"nov2":false},"geometry":{"type":"Point","coordinates":[6.74453146284591,7.800108030872403]}},{"type":"Feature","properties":{"osm_id":"632763110","name":null,"april21":false,"july15":true,"nov2":false},"geometry":{"type":"Point","coordinates":[6.74454234999967,7.799768850000513]}},{"type":"Feature","properties":{"osm_id":"632763111","name":null,"april21":false,"july15":true,"nov2":false},"geometry":{"type":"Point","coordinates":[6.745066449998869,7.80009605000215]}},{"type":"Feature","properties":{"osm_id":"632763112","name":null,"april21":false,"july15":true,"nov2":false},"geometry":{"type":"Point","coordinates":[6.744858926252058,7.800123991392586]}},{"type":"Feature","properties":{"osm_id":"632763113","name":null,"april21":false,"july15":true,"nov2":false},"geometry":{"type":"Point","coordinates":[6.744875736026384,7.799896598329034]}},{"type":"Feature","properties":{"osm_id":"632763114","name":null,"april21":false,"july15":true,"nov2":false},"geometry":{"type":"Point","coordinates":[6.745215600000616,7.800166300000765]}},{"type":"Feature","properties":{"osm_id":"632763115","name":null,"april21":false,"july15":true,"nov2":false},"geometry":{"type":"Point","coordinates":[6.745161367375241,7.799872914759323]}},{"type":"Feature","properties":{"osm_id":"632763116","name":null,"april21":false,"july15":true,"nov2":false},"geometry":{"type":"Point","coordinates":[6.745321200004747,7.7999676000036935]}},{"type":"Feature","properties":{"osm_id":"632763117","name":null,"april21":false,"july15":true,"nov2":false},"geometry":{"type":"Point","coordinates":[6.745328049998828,7.800341250000619]}},{"type":"Feature","properties":{"osm_id":"632763734","name":null,"april21":false,"july15":true,"nov2":false},"geometry":{"type":"Point","coordinates":[6.746672149998708,7.800521100005211]}},{"type":"Feature","properties":{"osm_id":"632763740","name":null,"april21":false,"july15":true,"nov2":false},"geometry":{"type":"Point","coordinates":[6.746742149996206,7.8000587000052874]}},{"type":"Feature","properties":{"osm_id":"632763741","name":null,"april21":false,"july15":true,"nov2":false},"geometry":{"type":"Point","coordinates":[6.747025243050201,7.800108469372435]}},{"type":"Feature","properties":{"osm_id":"632763742","name":null,"april21":false,"july15":true,"nov2":false},"geometry":{"type":"Point","coordinates":[6.747219699999588,7.800100200001153]}},{"type":"Feature","properties":{"osm_id":"632763743","name":null,"april21":false,"july15":true,"nov2":false},"geometry":{"type":"Point","coordinates":[6.747280633374727,7.800477956303109]}},{"type":"Feature","properties":{"osm_id":"632763744","name":null,"april21":false,"july15":true,"nov2":false},"geometry":{"type":"Point","coordinates":[6.747308841222819,7.8006503103454445]}},{"type":"Feature","properties":{"osm_id":"632763745","name":null,"april21":false,"july15":true,"nov2":false},"geometry":{"type":"Point","coordinates":[6.747384747754055,7.800573265624841]}},{"type":"Feature","properties":{"osm_id":"632763746","name":null,"april21":false,"july15":true,"nov2":false},"geometry":{"type":"Point","coordinates":[6.747712650001334,7.800763200003658]}},{"type":"Feature","properties":{"osm_id":"632763747","name":null,"april21":false,"july15":true,"nov2":false},"geometry":{"type":"Point","coordinates":[6.747640250000466,7.800441200000712]}},{"type":"Feature","properties":{"osm_id":"632763748","name":null,"april21":false,"july15":true,"nov2":false},"geometry":{"type":"Point","coordinates":[6.7472417499966895,7.800687350000155]}},{"type":"Feature","properties":{"osm_id":"632763749","name":null,"april21":false,"july15":true,"nov2":false},"geometry":{"type":"Point","coordinates":[6.746709661262195,7.800344324890708]}},{"type":"Feature","properties":{"osm_id":"632763750","name":null,"april21":false,"july15":true,"nov2":false},"geometry":{"type":"Point","coordinates":[6.747167999999669,7.800832849999911]}},{"type":"Feature","properties":{"osm_id":"632763751","name":null,"april21":false,"july15":true,"nov2":false},"geometry":{"type":"Point","coordinates":[6.747158954418761,7.800719187636277]}},{"type":"Feature","properties":{"osm_id":"632766585","name":null,"april21":false,"july15":true,"nov2":false},"geometry":{"type":"Point","coordinates":[6.747572649989993,7.800492550001878]}},{"type":"Feature","properties":{"osm_id":"632766587","name":null,"april21":false,"july15":true,"nov2":false},"geometry":{"type":"Point","coordinates":[6.747839026467735,7.8006437849308705]}},{"type":"Feature","properties":{"osm_id":"632766589","name":null,"april21":false,"july15":true,"nov2":false},"geometry":{"type":"Point","coordinates":[6.747722049995696,7.800412050001378]}},{"type":"Feature","properties":{"osm_id":"632766591","name":null,"april21":false,"july15":true,"nov2":false},"geometry":{"type":"Point","coordinates":[6.7473681603814475,7.800148667554963]}},{"type":"Feature","properties":{"osm_id":"632766593","name":null,"april21":false,"july15":true,"nov2":false},"geometry":{"type":"Point","coordinates":[6.747954103081803,7.80094573119762]}},{"type":"Feature","properties":{"osm_id":"632766596","name":null,"april21":false,"july15":true,"nov2":false},"geometry":{"type":"Point","coordinates":[6.747912638991683,7.801147973735239]}},{"type":"Feature","properties":{"osm_id":"632766598","name":null,"april21":false,"july15":true,"nov2":false},"geometry":{"type":"Point","coordinates":[6.747677612416889,7.801203508309197]}},{"type":"Feature","properties":{"osm_id":"632766602","name":null,"april21":false,"july15":true,"nov2":false},"geometry":{"type":"Point","coordinates":[6.7480934699624004,7.801651067276856]}},{"type":"Feature","properties":{"osm_id":"632766604","name":null,"april21":false,"july15":true,"nov2":false},"geometry":{"type":"Point","coordinates":[6.74783060000104,7.801784400007455]}},{"type":"Feature","properties":{"osm_id":"632768898","name":null,"april21":false,"july15":true,"nov2":false},"geometry":{"type":"Point","coordinates":[6.7451697988837305,7.801530960119545]}},{"type":"Feature","properties":{"osm_id":"632768899","name":null,"april21":false,"july15":true,"nov2":false},"geometry":{"type":"Point","coordinates":[6.744971199415685,7.801479187620455]}},{"type":"Feature","properties":{"osm_id":"632768900","name":null,"april21":false,"july15":true,"nov2":false},"geometry":{"type":"Point","coordinates":[6.744604369868562,7.801528026868674]}},{"type":"Feature","properties":{"osm_id":"632768901","name":null,"april21":false,"july15":true,"nov2":false},"geometry":{"type":"Point","coordinates":[6.744608527418505,7.801348622372841]}},{"type":"Feature","properties":{"osm_id":"632768902","name":null,"april21":false,"july15":true,"nov2":false},"geometry":{"type":"Point","coordinates":[6.744434699998135,7.8007285499954975]}},{"type":"Feature","properties":{"osm_id":"632768903","name":null,"april21":false,"july15":true,"nov2":false},"geometry":{"type":"Point","coordinates":[6.744629973145336,7.800714343349405]}},{"type":"Feature","properties":{"osm_id":"632768904","name":null,"april21":false,"july15":true,"nov2":false},"geometry":{"type":"Point","coordinates":[6.744942700000141,7.800082749999467]}},{"type":"Feature","properties":{"osm_id":"632768905","name":null,"april21":false,"july15":true,"nov2":false},"geometry":{"type":"Point","coordinates":[6.74472425406145,7.800287689237116]}},{"type":"Feature","properties":{"osm_id":"632768906","name":null,"april21":false,"july15":true,"nov2":false},"geometry":{"type":"Point","coordinates":[6.745192950003632,7.800979950006953]}},{"type":"Feature","properties":{"osm_id":"632768917","name":null,"april21":false,"july15":true,"nov2":false},"geometry":{"type":"Point","coordinates":[6.747039749994267,7.8008432500002804]}},{"type":"Feature","properties":{"osm_id":"632768919","name":null,"april21":false,"july15":true,"nov2":false},"geometry":{"type":"Point","coordinates":[6.747051630612152,7.80066814855102]}},{"type":"Feature","properties":{"osm_id":"632768921","name":null,"april21":false,"july15":true,"nov2":false},"geometry":{"type":"Point","coordinates":[6.747960089175721,7.80011353287356]}},{"type":"Feature","properties":{"osm_id":"632770413","name":null,"april21":false,"july15":true,"nov2":false},"geometry":{"type":"Point","coordinates":[6.748139344872801,7.801846371737172]}},{"type":"Feature","properties":{"osm_id":"632770416","name":null,"april21":false,"july15":true,"nov2":false},"geometry":{"type":"Point","coordinates":[6.748436721203525,7.802322681215168]}},{"type":"Feature","properties":{"osm_id":"632770418","name":null,"april21":false,"july15":true,"nov2":false},"geometry":{"type":"Point","coordinates":[6.748692769824565,7.802205030362695]}},{"type":"Feature","properties":{"osm_id":"632770421","name":null,"april21":false,"july15":true,"nov2":false},"geometry":{"type":"Point","coordinates":[6.748764300001796,7.801976750008986]}},{"type":"Feature","properties":{"osm_id":"632770424","name":null,"april21":false,"july15":true,"nov2":false},"geometry":{"type":"Point","coordinates":[6.7488326529644,7.80208661839228]}},{"type":"Feature","properties":{"osm_id":"632770426","name":null,"april21":false,"july15":true,"nov2":false},"geometry":{"type":"Point","coordinates":[6.74881105000121,7.802034250007559]}},{"type":"Feature","properties":{"osm_id":"632770428","name":null,"april21":false,"july15":true,"nov2":false},"geometry":{"type":"Point","coordinates":[6.748848735593135,7.8021662300208385]}},{"type":"Feature","properties":{"osm_id":"632770430","name":null,"april21":false,"july15":true,"nov2":false},"geometry":{"type":"Point","coordinates":[6.749012649998597,7.802259399999493]}},{"type":"Feature","properties":{"osm_id":"632770434","name":null,"april21":false,"july15":true,"nov2":false},"geometry":{"type":"Point","coordinates":[6.749128041017572,7.803465328788922]}},{"type":"Feature","properties":{"osm_id":"632770437","name":null,"april21":false,"july15":true,"nov2":false},"geometry":{"type":"Point","coordinates":[6.748940199986543,7.8032853499687205]}},{"type":"Feature","properties":{"osm_id":"632772147","name":null,"april21":false,"july15":true,"nov2":false},"geometry":{"type":"Point","coordinates":[6.74850887933318,7.8032773526584585]}},{"type":"Feature","properties":{"osm_id":"632772149","name":null,"april21":false,"july15":true,"nov2":false},"geometry":{"type":"Point","coordinates":[6.7485096762088705,7.8033961744162]}},{"type":"Feature","properties":{"osm_id":"632772151","name":null,"april21":false,"july15":true,"nov2":false},"geometry":{"type":"Point","coordinates":[6.74858444384588,7.8035993768276715]}},{"type":"Feature","properties":{"osm_id":"632772161","name":null,"april21":false,"july15":true,"nov2":false},"geometry":{"type":"Point","coordinates":[6.748585170113187,7.803933697710432]}},{"type":"Feature","properties":{"osm_id":"632772169","name":null,"april21":false,"july15":true,"nov2":false},"geometry":{"type":"Point","coordinates":[6.748444768069634,7.804490746627989]}},{"type":"Feature","properties":{"osm_id":"632772179","name":null,"april21":false,"july15":true,"nov2":false},"geometry":{"type":"Point","coordinates":[6.748060582844299,7.804764350530978]}},{"type":"Feature","properties":{"osm_id":"632772181","name":null,"april21":false,"july15":true,"nov2":false},"geometry":{"type":"Point","coordinates":[6.747951285082546,7.804610965525053]}},{"type":"Feature","properties":{"osm_id":"632786777","name":null,"april21":false,"july15":true,"nov2":false},"geometry":{"type":"Point","coordinates":[6.744946349986944,7.803591749990747]}},{"type":"Feature","properties":{"osm_id":"632786778","name":null,"april21":false,"july15":true,"nov2":false},"geometry":{"type":"Point","coordinates":[6.744772125346282,7.803424804927728]}},{"type":"Feature","properties":{"osm_id":"632789860","name":null,"april21":false,"july15":true,"nov2":false},"geometry":{"type":"Point","coordinates":[6.7445568077166325,7.802817321547394]}},{"type":"Feature","properties":{"osm_id":"632789864","name":null,"april21":false,"july15":true,"nov2":false},"geometry":{"type":"Point","coordinates":[6.745163604960959,7.802001672072861]}},{"type":"Feature","properties":{"osm_id":"632789865","name":null,"april21":false,"july15":true,"nov2":false},"geometry":{"type":"Point","coordinates":[6.744802973222833,7.802122393219685]}},{"type":"Feature","properties":{"osm_id":"632789868","name":null,"april21":false,"july15":true,"nov2":false},"geometry":{"type":"Point","coordinates":[6.74457347411791,7.801766410896715]}},{"type":"Feature","properties":{"osm_id":"632789870","name":null,"april21":false,"july15":true,"nov2":false},"geometry":{"type":"Point","coordinates":[6.744867742889484,7.801745358704411]}},{"type":"Feature","properties":{"osm_id":"632789872","name":null,"april21":false,"july15":true,"nov2":false},"geometry":{"type":"Point","coordinates":[6.744689599999135,7.801660250001647]}},{"type":"Feature","properties":{"osm_id":"632789873","name":null,"april21":false,"july15":true,"nov2":false},"geometry":{"type":"Point","coordinates":[6.744925992416747,7.801273463245275]}},{"type":"Feature","properties":{"osm_id":"632789875","name":null,"april21":false,"july15":true,"nov2":false},"geometry":{"type":"Point","coordinates":[6.745347166641958,7.800860864599189]}},{"type":"Feature","properties":{"osm_id":"632789877","name":null,"april21":false,"july15":true,"nov2":false},"geometry":{"type":"Point","coordinates":[6.742822449998385,7.80190700000952]}},{"type":"Feature","properties":{"osm_id":"632789880","name":null,"april21":false,"july15":true,"nov2":false},"geometry":{"type":"Point","coordinates":[6.743021149998853,7.801811499988235]}},{"type":"Feature","properties":{"osm_id":"632789881","name":null,"april21":false,"july15":true,"nov2":false},"geometry":{"type":"Point","coordinates":[6.743032899999556,7.80200200000054]}},{"type":"Feature","properties":{"osm_id":"632789890","name":null,"april21":false,"july15":true,"nov2":false},"geometry":{"type":"Point","coordinates":[6.74336921475675,7.801736896708013]}},{"type":"Feature","properties":{"osm_id":"632791610","name":null,"april21":false,"july15":true,"nov2":false},"geometry":{"type":"Point","coordinates":[6.741049025364757,7.800215525599505]}},{"type":"Feature","properties":{"osm_id":"632791614","name":null,"april21":false,"july15":true,"nov2":false},"geometry":{"type":"Point","coordinates":[6.7417219831031865,7.800140050169171]}},{"type":"Feature","properties":{"osm_id":"632791615","name":null,"april21":false,"july15":true,"nov2":false},"geometry":{"type":"Point","coordinates":[6.741874099998468,7.799981200007925]}},{"type":"Feature","properties":{"osm_id":"632791622","name":null,"april21":false,"july15":true,"nov2":false},"geometry":{"type":"Point","coordinates":[6.742133038612754,7.799555782679373]}},{"type":"Feature","properties":{"osm_id":"632791624","name":null,"april21":false,"july15":true,"nov2":false},"geometry":{"type":"Point","coordinates":[6.741181151252922,7.799492720480027]}},{"type":"Feature","properties":{"osm_id":"632791625","name":null,"april21":false,"july15":true,"nov2":false},"geometry":{"type":"Point","coordinates":[6.740637546508164,7.799335728622132]}},{"type":"Feature","properties":{"osm_id":"632791626","name":null,"april21":false,"july15":true,"nov2":false},"geometry":{"type":"Point","coordinates":[6.741225280438154,7.799179729695033]}},{"type":"Feature","properties":{"osm_id":"632791627","name":null,"april21":false,"july15":true,"nov2":false},"geometry":{"type":"Point","coordinates":[6.7413460667128815,7.7990812833887535]}},{"type":"Feature","properties":{"osm_id":"632792941","name":null,"april21":false,"july15":true,"nov2":false},"geometry":{"type":"Point","coordinates":[6.741783049999396,7.799099000001178]}},{"type":"Feature","properties":{"osm_id":"632792948","name":null,"april21":false,"july15":true,"nov2":false},"geometry":{"type":"Point","coordinates":[6.743052173766609,7.7986514355713386]}},{"type":"Feature","properties":{"osm_id":"632792950","name":null,"april21":false,"july15":true,"nov2":false},"geometry":{"type":"Point","coordinates":[6.742973473297778,7.798666140996871]}},{"type":"Feature","properties":{"osm_id":"632792951","name":null,"april21":false,"july15":true,"nov2":false},"geometry":{"type":"Point","coordinates":[6.7428713726484455,7.798680959185256]}},{"type":"Feature","properties":{"osm_id":"632792953","name":null,"april21":false,"july15":true,"nov2":false},"geometry":{"type":"Point","coordinates":[6.742691470457603,7.798673808646337]}},{"type":"Feature","properties":{"osm_id":"632792954","name":null,"april21":false,"july15":true,"nov2":false},"geometry":{"type":"Point","coordinates":[6.742503275014631,7.7987069073598505]}},{"type":"Feature","properties":{"osm_id":"632792955","name":null,"april21":false,"july15":true,"nov2":false},"geometry":{"type":"Point","coordinates":[6.7424103499997345,7.798703100000455]}},{"type":"Feature","properties":{"osm_id":"632792956","name":null,"april21":false,"july15":true,"nov2":false},"geometry":{"type":"Point","coordinates":[6.742319235026646,7.798705968141716]}},{"type":"Feature","properties":{"osm_id":"632792957","name":null,"april21":false,"july15":true,"nov2":false},"geometry":{"type":"Point","coordinates":[6.742295054794448,7.798792926319631]}},{"type":"Feature","properties":{"osm_id":"632792958","name":null,"april21":false,"july15":true,"nov2":false},"geometry":{"type":"Point","coordinates":[6.742294199999977,7.798386549999854]}},{"type":"Feature","properties":{"osm_id":"632792959","name":null,"april21":false,"july15":true,"nov2":false},"geometry":{"type":"Point","coordinates":[6.742224346340271,7.798703492875022]}},{"type":"Feature","properties":{"osm_id":"632792960","name":null,"april21":false,"july15":true,"nov2":false},"geometry":{"type":"Point","coordinates":[6.7421364999998366,7.798697650000201]}},{"type":"Feature","properties":{"osm_id":"632792961","name":null,"april21":false,"july15":true,"nov2":false},"geometry":{"type":"Point","coordinates":[6.741965409024761,7.798712324178902]}},{"type":"Feature","properties":{"osm_id":"632792962","name":null,"april21":false,"july15":true,"nov2":false},"geometry":{"type":"Point","coordinates":[6.741871608318451,7.798716123660875]}},{"type":"Feature","properties":{"osm_id":"632792963","name":null,"april21":false,"july15":true,"nov2":false},"geometry":{"type":"Point","coordinates":[6.741776699999438,7.7987393000008725]}},{"type":"Feature","properties":{"osm_id":"632792964","name":null,"april21":false,"july15":true,"nov2":false},"geometry":{"type":"Point","coordinates":[6.741688875913605,7.798754358369932]}},{"type":"Feature","properties":{"osm_id":"632792965","name":null,"april21":false,"july15":true,"nov2":false},"geometry":{"type":"Point","coordinates":[6.7415945662067935,7.798758532944239]}},{"type":"Feature","properties":{"osm_id":"632796290","name":null,"april21":false,"july15":true,"nov2":false},"geometry":{"type":"Point","coordinates":[6.741498633192085,7.798762516546683]}},{"type":"Feature","properties":{"osm_id":"632796291","name":null,"april21":false,"july15":true,"nov2":false},"geometry":{"type":"Point","coordinates":[6.74130364999977,7.798768399999907]}},{"type":"Feature","properties":{"osm_id":"632796292","name":null,"april21":false,"july15":true,"nov2":false},"geometry":{"type":"Point","coordinates":[6.741229176384363,7.798779209123862]}},{"type":"Feature","properties":{"osm_id":"632796294","name":null,"april21":false,"july15":true,"nov2":false},"geometry":{"type":"Point","coordinates":[6.741018275987432,7.798777956219349]}},{"type":"Feature","properties":{"osm_id":"632796295","name":null,"april21":false,"july15":true,"nov2":false},"geometry":{"type":"Point","coordinates":[6.740893149998486,7.798796700003834]}},{"type":"Feature","properties":{"osm_id":"632796296","name":null,"april21":false,"july15":true,"nov2":false},"geometry":{"type":"Point","coordinates":[6.74077790797692,7.798803774419871]}},{"type":"Feature","properties":{"osm_id":"632796297","name":null,"april21":false,"july15":true,"nov2":false},"geometry":{"type":"Point","coordinates":[6.740689275316753,7.798815356147106]}},{"type":"Feature","properties":{"osm_id":"632799459","name":null,"april21":false,"july15":true,"nov2":false},"geometry":{"type":"Point","coordinates":[6.740532950000373,7.7988281499988155]}},{"type":"Feature","properties":{"osm_id":"632799460","name":null,"april21":false,"july15":true,"nov2":false},"geometry":{"type":"Point","coordinates":[6.740456167222196,7.798824795185751]}},{"type":"Feature","properties":{"osm_id":"632799461","name":null,"april21":false,"july15":true,"nov2":false},"geometry":{"type":"Point","coordinates":[6.740352699999855,7.798847650000056]}},{"type":"Feature","properties":{"osm_id":"632799462","name":null,"april21":false,"july15":true,"nov2":false},"geometry":{"type":"Point","coordinates":[6.7402583554492255,7.798842307354013]}},{"type":"Feature","properties":{"osm_id":"632799463","name":null,"april21":false,"july15":true,"nov2":false},"geometry":{"type":"Point","coordinates":[6.740163375130221,7.798847194384787]}},{"type":"Feature","properties":{"osm_id":"632799472","name":null,"april21":false,"july15":true,"nov2":false},"geometry":{"type":"Point","coordinates":[6.7392014144316885,7.798804869315399]}},{"type":"Feature","properties":{"osm_id":"632799474","name":null,"april21":false,"july15":true,"nov2":false},"geometry":{"type":"Point","coordinates":[6.739170199999501,7.7986999500004455]}},{"type":"Feature","properties":{"osm_id":"632799475","name":null,"april21":false,"july15":true,"nov2":false},"geometry":{"type":"Point","coordinates":[6.739158792416223,7.798611627326458]}},{"type":"Feature","properties":{"osm_id":"632799489","name":null,"april21":false,"july15":true,"nov2":false},"geometry":{"type":"Point","coordinates":[6.739513624085775,7.7986722970527165]}},{"type":"Feature","properties":{"osm_id":"632799490","name":null,"april21":false,"july15":true,"nov2":false},"geometry":{"type":"Point","coordinates":[6.739917428638148,7.79827248970988]}},{"type":"Feature","properties":{"osm_id":"632799491","name":null,"april21":false,"july15":true,"nov2":false},"geometry":{"type":"Point","coordinates":[6.740046248744737,7.798261783108776]}},{"type":"Feature","properties":{"osm_id":"632799492","name":null,"april21":false,"july15":true,"nov2":false},"geometry":{"type":"Point","coordinates":[6.740251326520781,7.79823275270862]}},{"type":"Feature","properties":{"osm_id":"632799493","name":null,"april21":false,"july15":true,"nov2":false},"geometry":{"type":"Point","coordinates":[6.740511463090346,7.7982250313269]}},{"type":"Feature","properties":{"osm_id":"632799494","name":null,"april21":false,"july15":true,"nov2":false},"geometry":{"type":"Point","coordinates":[6.740696453098305,7.7982047256075795]}},{"type":"Feature","properties":{"osm_id":"632799495","name":null,"april21":false,"july15":true,"nov2":false},"geometry":{"type":"Point","coordinates":[6.739906579619944,7.798511082653623]}},{"type":"Feature","properties":{"osm_id":"632799496","name":null,"april21":false,"july15":true,"nov2":false},"geometry":{"type":"Point","coordinates":[6.7399134999978045,7.798632950006151]}},{"type":"Feature","properties":{"osm_id":"632799497","name":null,"april21":false,"july15":true,"nov2":false},"geometry":{"type":"Point","coordinates":[6.740322479475714,7.798605670906679]}},{"type":"Feature","properties":{"osm_id":"632799498","name":null,"april21":false,"july15":true,"nov2":false},"geometry":{"type":"Point","coordinates":[6.740492017250233,7.798593770710359]}},{"type":"Feature","properties":{"osm_id":"632799886","name":null,"april21":false,"july15":true,"nov2":false},"geometry":{"type":"Point","coordinates":[6.7397248633743905,7.798273721859676]}},{"type":"Feature","properties":{"osm_id":"632799888","name":null,"april21":false,"july15":true,"nov2":false},"geometry":{"type":"Point","coordinates":[6.741075329552258,7.798542007145563]}},{"type":"Feature","properties":{"osm_id":"632799889","name":null,"april21":false,"july15":true,"nov2":false},"geometry":{"type":"Point","coordinates":[6.741268924270925,7.798531209301965]}},{"type":"Feature","properties":{"osm_id":"632805822","name":null,"april21":false,"july15":true,"nov2":false},"geometry":{"type":"Point","coordinates":[6.736012700001748,7.798422300014]}},{"type":"Feature","properties":{"osm_id":"632805823","name":null,"april21":false,"july15":true,"nov2":false},"geometry":{"type":"Point","coordinates":[6.735957085923426,7.798346616392726]}},{"type":"Feature","properties":{"osm_id":"632807696","name":null,"april21":false,"july15":true,"nov2":false},"geometry":{"type":"Point","coordinates":[6.736127799994656,7.798155699999102]}},{"type":"Feature","properties":{"osm_id":"632807698","name":null,"april21":false,"july15":true,"nov2":false},"geometry":{"type":"Point","coordinates":[6.736263827484231,7.798171308718048]}},{"type":"Feature","properties":{"osm_id":"632812520","name":null,"april21":false,"july15":true,"nov2":false},"geometry":{"type":"Point","coordinates":[6.739441318126614,7.799270169603689]}},{"type":"Feature","properties":{"osm_id":"632812522","name":null,"april21":false,"july15":true,"nov2":false},"geometry":{"type":"Point","coordinates":[6.739535999997982,7.799674100004793]}},{"type":"Feature","properties":{"osm_id":"632812524","name":null,"april21":false,"july15":true,"nov2":false},"geometry":{"type":"Point","coordinates":[6.739940874535915,7.799518248558583]}},{"type":"Feature","properties":{"osm_id":"632812526","name":null,"april21":false,"july15":true,"nov2":false},"geometry":{"type":"Point","coordinates":[6.7399850499980225,7.799335400004207]}},{"type":"Feature","properties":{"osm_id":"632812527","name":null,"april21":false,"july15":true,"nov2":false},"geometry":{"type":"Point","coordinates":[6.740144899997257,7.799330300005346]}},{"type":"Feature","properties":{"osm_id":"632812529","name":null,"april21":false,"july15":true,"nov2":false},"geometry":{"type":"Point","coordinates":[6.740474139439384,7.799349565933786]}},{"type":"Feature","properties":{"osm_id":"632812530","name":null,"april21":false,"july15":true,"nov2":false},"geometry":{"type":"Point","coordinates":[6.740253296549105,7.799484475151578]}},{"type":"Feature","properties":{"osm_id":"632812531","name":null,"april21":false,"july15":true,"nov2":false},"geometry":{"type":"Point","coordinates":[6.740367850002012,7.799484649996101]}},{"type":"Feature","properties":{"osm_id":"632812532","name":null,"april21":false,"july15":true,"nov2":false},"geometry":{"type":"Point","coordinates":[6.740984566053064,7.799204869810358]}},{"type":"Feature","properties":{"osm_id":"632812533","name":null,"april21":false,"july15":true,"nov2":false},"geometry":{"type":"Point","coordinates":[6.741487846968843,7.799930413262084]}},{"type":"Feature","properties":{"osm_id":"632812534","name":null,"april21":false,"july15":true,"nov2":false},"geometry":{"type":"Point","coordinates":[6.7412192797088055,7.799989306238468]}},{"type":"Feature","properties":{"osm_id":"632812535","name":null,"april21":false,"july15":true,"nov2":false},"geometry":{"type":"Point","coordinates":[6.741115349996486,7.7997830500282905]}},{"type":"Feature","properties":{"osm_id":"632812536","name":null,"april21":false,"july15":true,"nov2":false},"geometry":{"type":"Point","coordinates":[6.741719950000721,7.79974765002703]}},{"type":"Feature","properties":{"osm_id":"632812537","name":null,"april21":false,"july15":true,"nov2":false},"geometry":{"type":"Point","coordinates":[6.741597530047647,7.799670452355155]}},{"type":"Feature","properties":{"osm_id":"632812538","name":null,"april21":false,"july15":true,"nov2":false},"geometry":{"type":"Point","coordinates":[6.741575649998398,7.799566850017308]}},{"type":"Feature","properties":{"osm_id":"632812539","name":null,"april21":false,"july15":true,"nov2":false},"geometry":{"type":"Point","coordinates":[6.74095572887237,7.799933287795431]}},{"type":"Feature","properties":{"osm_id":"632816761","name":null,"april21":false,"july15":true,"nov2":false},"geometry":{"type":"Point","coordinates":[6.742928855252627,7.802611303749751]}},{"type":"Feature","properties":{"osm_id":"632816762","name":null,"april21":false,"july15":true,"nov2":false},"geometry":{"type":"Point","coordinates":[6.7427903652770285,7.802808279151369]}},{"type":"Feature","properties":{"osm_id":"632816764","name":null,"april21":false,"july15":true,"nov2":false},"geometry":{"type":"Point","coordinates":[6.7429649323473875,7.803532627222208]}},{"type":"Feature","properties":{"osm_id":"632816765","name":null,"april21":false,"july15":true,"nov2":false},"geometry":{"type":"Point","coordinates":[6.742980433949629,7.803225139287893]}},{"type":"Feature","properties":{"osm_id":"632816766","name":null,"april21":false,"july15":true,"nov2":false},"geometry":{"type":"Point","coordinates":[6.7426049402245365,7.802972923526331]}},{"type":"Feature","properties":{"osm_id":"632816767","name":null,"april21":false,"july15":true,"nov2":false},"geometry":{"type":"Point","coordinates":[6.742807665940978,7.803067063456992]}},{"type":"Feature","properties":{"osm_id":"632819335","name":null,"april21":false,"july15":true,"nov2":false},"geometry":{"type":"Point","coordinates":[6.74343124999585,7.803610600019476]}},{"type":"Feature","properties":{"osm_id":"632819336","name":null,"april21":false,"july15":true,"nov2":false},"geometry":{"type":"Point","coordinates":[6.743449452027271,7.803458453428529]}},{"type":"Feature","properties":{"osm_id":"632819337","name":null,"april21":false,"july15":true,"nov2":false},"geometry":{"type":"Point","coordinates":[6.743458419922875,7.803201691345628]}},{"type":"Feature","properties":{"osm_id":"632819338","name":null,"april21":false,"july15":true,"nov2":false},"geometry":{"type":"Point","coordinates":[6.743271004162268,7.803272057115656]}},{"type":"Feature","properties":{"osm_id":"632819339","name":null,"april21":false,"july15":true,"nov2":false},"geometry":{"type":"Point","coordinates":[6.743422800000837,7.803007999989252]}},{"type":"Feature","properties":{"osm_id":"632819340","name":null,"april21":false,"july15":true,"nov2":false},"geometry":{"type":"Point","coordinates":[6.7435836274987,7.803129311557237]}},{"type":"Feature","properties":{"osm_id":"632819341","name":null,"april21":false,"july15":true,"nov2":false},"geometry":{"type":"Point","coordinates":[6.743572599999059,7.802974249999536]}},{"type":"Feature","properties":{"osm_id":"632819342","name":null,"april21":false,"july15":true,"nov2":false},"geometry":{"type":"Point","coordinates":[6.743739427858179,7.802983700453419]}},{"type":"Feature","properties":{"osm_id":"632819343","name":null,"april21":false,"july15":true,"nov2":false},"geometry":{"type":"Point","coordinates":[6.7435457999999455,7.802857850000033]}},{"type":"Feature","properties":{"osm_id":"632819344","name":null,"april21":false,"july15":true,"nov2":false},"geometry":{"type":"Point","coordinates":[6.743680163006716,7.802797624686807]}},{"type":"Feature","properties":{"osm_id":"632819345","name":null,"april21":false,"july15":true,"nov2":false},"geometry":{"type":"Point","coordinates":[6.743522849997086,7.802569350005633]}},{"type":"Feature","properties":{"osm_id":"632819348","name":null,"april21":false,"july15":true,"nov2":false},"geometry":{"type":"Point","coordinates":[6.743331600000476,7.802714399999139]}},{"type":"Feature","properties":{"osm_id":"632819349","name":null,"april21":false,"july15":true,"nov2":false},"geometry":{"type":"Point","coordinates":[6.7434870927951085,7.802339578737081]}},{"type":"Feature","properties":{"osm_id":"632819350","name":null,"april21":false,"july15":true,"nov2":false},"geometry":{"type":"Point","coordinates":[6.743536828641323,7.8021980910380835]}},{"type":"Feature","properties":{"osm_id":"632819351","name":null,"april21":false,"july15":true,"nov2":false},"geometry":{"type":"Point","coordinates":[6.743757800004813,7.8022344499879255]}},{"type":"Feature","properties":{"osm_id":"632819352","name":null,"april21":false,"july15":true,"nov2":false},"geometry":{"type":"Point","coordinates":[6.742565149989024,7.803898799990118]}},{"type":"Feature","properties":{"osm_id":"632819353","name":null,"april21":false,"july15":true,"nov2":false},"geometry":{"type":"Point","coordinates":[6.742761850007709,7.803724650014223]}},{"type":"Feature","properties":{"osm_id":"632821398","name":null,"april21":false,"july15":true,"nov2":false},"geometry":{"type":"Point","coordinates":[6.7430375499994994,7.804728500001114]}},{"type":"Feature","properties":{"osm_id":"632821399","name":null,"april21":false,"july15":true,"nov2":false},"geometry":{"type":"Point","coordinates":[6.74295203070973,7.804623687276437]}},{"type":"Feature","properties":{"osm_id":"632821402","name":null,"april21":false,"july15":true,"nov2":false},"geometry":{"type":"Point","coordinates":[6.742645408775401,7.804454274962736]}},{"type":"Feature","properties":{"osm_id":"632821403","name":null,"april21":false,"july15":true,"nov2":false},"geometry":{"type":"Point","coordinates":[6.742725243850386,7.804330178121733]}},{"type":"Feature","properties":{"osm_id":"632821405","name":null,"april21":false,"july15":true,"nov2":false},"geometry":{"type":"Point","coordinates":[6.742978609174854,7.804283298542623]}},{"type":"Feature","properties":{"osm_id":"632821406","name":null,"april21":false,"july15":true,"nov2":false},"geometry":{"type":"Point","coordinates":[6.742776757484123,7.804479121950962]}},{"type":"Feature","properties":{"osm_id":"632821407","name":null,"april21":false,"july15":true,"nov2":false},"geometry":{"type":"Point","coordinates":[6.7428523014724515,7.804383146338968]}},{"type":"Feature","properties":{"osm_id":"632821408","name":null,"april21":false,"july15":true,"nov2":false},"geometry":{"type":"Point","coordinates":[6.743062099999865,7.8044573499991765]}},{"type":"Feature","properties":{"osm_id":"632822415","name":null,"april21":false,"july15":true,"nov2":false},"geometry":{"type":"Point","coordinates":[6.743176149995643,7.804257650007186]}},{"type":"Feature","properties":{"osm_id":"632844265","name":null,"april21":false,"july15":true,"nov2":false},"geometry":{"type":"Point","coordinates":[6.743204349999815,7.803661400000253]}},{"type":"Feature","properties":{"osm_id":"632844785","name":null,"april21":false,"july15":true,"nov2":false},"geometry":{"type":"Point","coordinates":[6.743039594296713,7.804630374848678]}},{"type":"Feature","properties":{"osm_id":"673926775","name":null,"april21":false,"july15":true,"nov2":false},"geometry":{"type":"Point","coordinates":[6.74416479999636,7.797849149989051]}},{"type":"Feature","properties":{"osm_id":"673926776","name":null,"april21":false,"july15":true,"nov2":false},"geometry":{"type":"Point","coordinates":[6.744392667231791,7.797792115992755]}},{"type":"Feature","properties":{"osm_id":"853997487","name":null,"april21":false,"july15":true,"nov2":false},"geometry":{"type":"Point","coordinates":[6.739697891578345,7.79886062585518]}},{"type":"Feature","properties":{"osm_id":"853997489","name":null,"april21":false,"july15":true,"nov2":false},"geometry":{"type":"Point","coordinates":[6.741120249999634,7.798782750000376]}},{"type":"Feature","properties":{"osm_id":"853997499","name":null,"april21":false,"july15":true,"nov2":false},"geometry":{"type":"Point","coordinates":[6.748293793659689,7.803351336326611]}},{"type":"Feature","properties":{"osm_id":"853997500","name":null,"april21":false,"july15":true,"nov2":false},"geometry":{"type":"Point","coordinates":[6.748459299999229,7.8032059500055375]}},{"type":"Feature","properties":{"osm_id":"853997507","name":null,"april21":false,"july15":true,"nov2":false},"geometry":{"type":"Point","coordinates":[6.743560942148088,7.798618409835114]}},{"type":"Feature","properties":{"osm_id":"853997509","name":null,"april21":false,"july15":true,"nov2":false},"geometry":{"type":"Point","coordinates":[6.743457104103638,7.79862502309433]}},{"type":"Feature","properties":{"osm_id":"853997512","name":null,"april21":false,"july15":true,"nov2":false},"geometry":{"type":"Point","coordinates":[6.742766449999363,7.7986799000015665]}},{"type":"Feature","properties":{"osm_id":"853997513","name":null,"april21":false,"july15":true,"nov2":false},"geometry":{"type":"Point","coordinates":[6.7488097499988955,7.802325499998182]}},{"type":"Feature","properties":{"osm_id":"853997514","name":null,"april21":false,"july15":true,"nov2":false},"geometry":{"type":"Point","coordinates":[6.748911549998718,7.8022905500000785]}},{"type":"Feature","properties":{"osm_id":"853997519","name":null,"april21":false,"july15":true,"nov2":false},"geometry":{"type":"Point","coordinates":[6.741268499999465,7.799872950000814]}},{"type":"Feature","properties":{"osm_id":"853997520","name":null,"april21":false,"july15":true,"nov2":false},"geometry":{"type":"Point","coordinates":[6.741627698006174,7.799445477749277]}},{"type":"Feature","properties":{"osm_id":"1105086468","name":null,"april21":false,"july15":true,"nov2":false},"geometry":{"type":"Point","coordinates":[6.74223816404737,7.793554713756693]}},{"type":"Feature","properties":{"osm_id":"1105086470","name":null,"april21":false,"july15":true,"nov2":false},"geometry":{"type":"Point","coordinates":[6.742274570644065,7.793078679464904]}},{"type":"Feature","properties":{"osm_id":"1105086471","name":null,"april21":false,"july15":true,"nov2":false},"geometry":{"type":"Point","coordinates":[6.742452268096361,7.793205049076657]}},{"type":"Feature","properties":{"osm_id":"1105086472","name":null,"april21":false,"july15":true,"nov2":false},"geometry":{"type":"Point","coordinates":[6.742710818180139,7.793162269870316]}},{"type":"Feature","properties":{"osm_id":"1105086473","name":null,"april21":false,"july15":true,"nov2":false},"geometry":{"type":"Point","coordinates":[6.742344170559858,7.794087129584823]}},{"type":"Feature","properties":{"osm_id":"1105086474","name":null,"april21":false,"july15":true,"nov2":false},"geometry":{"type":"Point","coordinates":[6.74260808590559,7.793898190161245]}},{"type":"Feature","properties":{"osm_id":"1105086475","name":null,"april21":false,"july15":true,"nov2":false},"geometry":{"type":"Point","coordinates":[6.742667549998437,7.794044950004592]}},{"type":"Feature","properties":{"osm_id":"1105086476","name":null,"april21":false,"july15":true,"nov2":false},"geometry":{"type":"Point","coordinates":[6.742853020913033,7.794114661478154]}},{"type":"Feature","properties":{"osm_id":"1105086477","name":null,"april21":false,"july15":true,"nov2":false},"geometry":{"type":"Point","coordinates":[6.742575299974127,7.794219087700536]}},{"type":"Feature","properties":{"osm_id":"1105256241","name":null,"april21":false,"july15":true,"nov2":false},"geometry":{"type":"Point","coordinates":[6.77919954999932,7.800011900001447]}},{"type":"Feature","properties":{"osm_id":"1105256243","name":null,"april21":false,"july15":true,"nov2":false},"geometry":{"type":"Point","coordinates":[6.7790837999982285,7.79990945000003]}},{"type":"Feature","properties":{"osm_id":"1105256244","name":null,"april21":false,"july15":true,"nov2":false},"geometry":{"type":"Point","coordinates":[6.7790918658064365,7.799780294237457]}},{"type":"Feature","properties":{"osm_id":"1105256246","name":null,"april21":false,"july15":true,"nov2":false},"geometry":{"type":"Point","coordinates":[6.778877001038992,7.799656866919931]}},{"type":"Feature","properties":{"osm_id":"1105256250","name":null,"april21":false,"july15":true,"nov2":false},"geometry":{"type":"Point","coordinates":[6.778534799999843,7.7992899500005555]}},{"type":"Feature","properties":{"osm_id":"1105256263","name":null,"april21":false,"july15":true,"nov2":false},"geometry":{"type":"Point","coordinates":[6.778231915942757,7.798935522626974]}},{"type":"Feature","properties":{"osm_id":"1105256272","name":null,"april21":false,"july15":true,"nov2":false},"geometry":{"type":"Point","coordinates":[6.777698349999296,7.798434750000248]}},{"type":"Feature","properties":{"osm_id":"1105256284","name":null,"april21":false,"july15":true,"nov2":false},"geometry":{"type":"Point","coordinates":[6.777130649999194,7.7977288000003515]}},{"type":"Feature","properties":{"osm_id":"1105373164","name":null,"april21":false,"july15":true,"nov2":false},"geometry":{"type":"Point","coordinates":[6.748459141930358,7.802098430666436]}},{"type":"Feature","properties":{"osm_id":"1105373165","name":null,"april21":false,"july15":true,"nov2":false},"geometry":{"type":"Point","coordinates":[6.74873474999984,7.802383200001294]}},{"type":"Feature","properties":{"osm_id":"1105373166","name":null,"april21":false,"july15":true,"nov2":false},"geometry":{"type":"Point","coordinates":[6.748759949999309,7.802471700002156]}},{"type":"Feature","properties":{"osm_id":"1105373285","name":null,"april21":false,"july15":true,"nov2":false},"geometry":{"type":"Point","coordinates":[6.748817797561737,7.8004392809623075]}},{"type":"Feature","properties":{"osm_id":"1105375137","name":null,"april21":false,"july15":true,"nov2":false},"geometry":{"type":"Point","coordinates":[6.747146173993883,7.800020959119759]}},{"type":"Feature","properties":{"osm_id":"1105375138","name":null,"april21":false,"july15":true,"nov2":false},"geometry":{"type":"Point","coordinates":[6.747005923830982,7.800014759960138]}},{"type":"Feature","properties":{"osm_id":"1105375139","name":null,"april21":false,"july15":true,"nov2":false},"geometry":{"type":"Point","coordinates":[6.747522390260393,7.8001016165893855]}},{"type":"Feature","properties":{"osm_id":"1105375140","name":null,"april21":false,"july15":true,"nov2":false},"geometry":{"type":"Point","coordinates":[6.747519333210392,7.800588753428759]}},{"type":"Feature","properties":{"osm_id":"1105375141","name":null,"april21":false,"july15":true,"nov2":false},"geometry":{"type":"Point","coordinates":[6.747768171243695,7.800338923781546]}},{"type":"Feature","properties":{"osm_id":"1105375142","name":null,"april21":false,"july15":true,"nov2":false},"geometry":{"type":"Point","coordinates":[6.747212264191205,7.7989575719493756]}},{"type":"Feature","properties":{"osm_id":"1105375143","name":null,"april21":false,"july15":true,"nov2":false},"geometry":{"type":"Point","coordinates":[6.746338500000516,7.799193500002644]}},{"type":"Feature","properties":{"osm_id":"1105375144","name":null,"april21":false,"july15":true,"nov2":false},"geometry":{"type":"Point","coordinates":[6.746089330697627,7.798968681291384]}},{"type":"Feature","properties":{"osm_id":"1105375145","name":null,"april21":false,"july15":true,"nov2":false},"geometry":{"type":"Point","coordinates":[6.745696349999181,7.798999500002669]}},{"type":"Feature","properties":{"osm_id":"1105375146","name":null,"april21":false,"july15":true,"nov2":false},"geometry":{"type":"Point","coordinates":[6.7457405223011575,7.799374957057451]}},{"type":"Feature","properties":{"osm_id":"1105375147","name":null,"april21":false,"july15":true,"nov2":false},"geometry":{"type":"Point","coordinates":[6.745608794885453,7.799439623050685]}},{"type":"Feature","properties":{"osm_id":"1105375148","name":null,"april21":false,"july15":true,"nov2":false},"geometry":{"type":"Point","coordinates":[6.745937800000253,7.799625199999979]}},{"type":"Feature","properties":{"osm_id":"1105375149","name":null,"april21":false,"july15":true,"nov2":false},"geometry":{"type":"Point","coordinates":[6.745847994773357,7.799615224355339]}},{"type":"Feature","properties":{"osm_id":"1105375150","name":null,"april21":false,"july15":true,"nov2":false},"geometry":{"type":"Point","coordinates":[6.745799349999768,7.799547000000571]}},{"type":"Feature","properties":{"osm_id":"1105375151","name":null,"april21":false,"july15":true,"nov2":false},"geometry":{"type":"Point","coordinates":[6.74579545783153,7.799466277792041]}},{"type":"Feature","properties":{"osm_id":"1105375152","name":null,"april21":false,"july15":true,"nov2":false},"geometry":{"type":"Point","coordinates":[6.7459860759695145,7.7993772898764036]}},{"type":"Feature","properties":{"osm_id":"1105375155","name":null,"april21":false,"july15":true,"nov2":false},"geometry":{"type":"Point","coordinates":[6.746751316534806,7.7989074287038065]}},{"type":"Feature","properties":{"osm_id":"1105375156","name":null,"april21":false,"july15":true,"nov2":false},"geometry":{"type":"Point","coordinates":[6.746430100002559,7.798833500005206]}},{"type":"Feature","properties":{"osm_id":"1105375157","name":null,"april21":false,"july15":true,"nov2":false},"geometry":{"type":"Point","coordinates":[6.7456678337958,7.79816486260042]}},{"type":"Feature","properties":{"osm_id":"1105375158","name":null,"april21":false,"july15":true,"nov2":false},"geometry":{"type":"Point","coordinates":[6.7464610795601345,7.798546894360769]}},{"type":"Feature","properties":{"osm_id":"1105375159","name":null,"april21":false,"july15":true,"nov2":false},"geometry":{"type":"Point","coordinates":[6.746286754570181,7.798315037279767]}},{"type":"Feature","properties":{"osm_id":"1105375160","name":null,"april21":false,"july15":true,"nov2":false},"geometry":{"type":"Point","coordinates":[6.7469517524655425,7.798505367904737]}},{"type":"Feature","properties":{"osm_id":"1105375161","name":null,"april21":false,"july15":true,"nov2":false},"geometry":{"type":"Point","coordinates":[6.7470076168221755,7.798478390093854]}},{"type":"Feature","properties":{"osm_id":"1105375162","name":null,"april21":false,"july15":true,"nov2":false},"geometry":{"type":"Point","coordinates":[6.747151999996637,7.798439249999803]}},{"type":"Feature","properties":{"osm_id":"1105375163","name":null,"april21":false,"july15":true,"nov2":false},"geometry":{"type":"Point","coordinates":[6.747374653138867,7.798906670928913]}},{"type":"Feature","properties":{"osm_id":"1105375164","name":null,"april21":false,"july15":true,"nov2":false},"geometry":{"type":"Point","coordinates":[6.747569197717996,7.799648103176968]}},{"type":"Feature","properties":{"osm_id":"1105375165","name":null,"april21":false,"july15":true,"nov2":false},"geometry":{"type":"Point","coordinates":[6.747646220648155,7.799447693007413]}},{"type":"Feature","properties":{"osm_id":"1105538282","name":null,"april21":false,"july15":true,"nov2":false},"geometry":{"type":"Point","coordinates":[6.74788504026591,7.803538781749837]}},{"type":"Feature","properties":{"osm_id":"1105538293","name":null,"april21":false,"july15":true,"nov2":false},"geometry":{"type":"Point","coordinates":[6.748054114133177,7.801374551865882]}},{"type":"Feature","properties":{"osm_id":"1105538294","name":null,"april21":false,"july15":true,"nov2":false},"geometry":{"type":"Point","coordinates":[6.748165100000019,7.801428000003257]}},{"type":"Feature","properties":{"osm_id":"1105538295","name":null,"april21":false,"july15":true,"nov2":false},"geometry":{"type":"Point","coordinates":[6.748175999999483,7.801329650000072]}},{"type":"Feature","properties":{"osm_id":"1105538302","name":null,"april21":false,"july15":true,"nov2":false},"geometry":{"type":"Point","coordinates":[6.747108384559059,7.801582410466997]}},{"type":"Feature","properties":{"osm_id":"1105538303","name":null,"april21":false,"july15":true,"nov2":false},"geometry":{"type":"Point","coordinates":[6.746940987859062,7.80136091721699]}},{"type":"Feature","properties":{"osm_id":"1105538304","name":null,"april21":false,"july15":true,"nov2":false},"geometry":{"type":"Point","coordinates":[6.747259716466763,7.801489271074956]}},{"type":"Feature","properties":{"osm_id":"1105538305","name":null,"april21":false,"july15":true,"nov2":false},"geometry":{"type":"Point","coordinates":[6.747197599992462,7.80126384999444]}},{"type":"Feature","properties":{"osm_id":"1105538306","name":null,"april21":false,"july15":true,"nov2":false},"geometry":{"type":"Point","coordinates":[6.747463835099255,7.801315745911086]}},{"type":"Feature","properties":{"osm_id":"1105538307","name":null,"april21":false,"july15":true,"nov2":false},"geometry":{"type":"Point","coordinates":[6.747311732801233,7.801072850454043]}},{"type":"Feature","properties":{"osm_id":"1105543086","name":null,"april21":false,"july15":true,"nov2":false},"geometry":{"type":"Point","coordinates":[6.746934792552194,7.800868897231114]}},{"type":"Feature","properties":{"osm_id":"1105543089","name":null,"april21":false,"july15":true,"nov2":false},"geometry":{"type":"Point","coordinates":[6.748254769347337,7.802293728345332]}},{"type":"Feature","properties":{"osm_id":"1105543091","name":null,"april21":false,"july15":true,"nov2":false},"geometry":{"type":"Point","coordinates":[6.748241398918056,7.802232929026197]}},{"type":"Feature","properties":{"osm_id":"1105543735","name":null,"april21":false,"july15":true,"nov2":false},"geometry":{"type":"Point","coordinates":[6.748350049174749,7.801171182681827]}},{"type":"Feature","properties":{"osm_id":"1107064763","name":null,"april21":false,"july15":true,"nov2":false},"geometry":{"type":"Point","coordinates":[6.748328969377126,7.801823190705311]}},{"type":"Feature","properties":{"osm_id":"1107064764","name":null,"april21":false,"july15":true,"nov2":false},"geometry":{"type":"Point","coordinates":[6.748395428051717,7.802129358458389]}},{"type":"Feature","properties":{"osm_id":"1107064765","name":null,"april21":false,"july15":true,"nov2":false},"geometry":{"type":"Point","coordinates":[6.748675549999437,7.802491199999039]}},{"type":"Feature","properties":{"osm_id":"1107064766","name":null,"april21":false,"july15":true,"nov2":false},"geometry":{"type":"Point","coordinates":[6.749055449999638,7.801957050000965]}},{"type":"Feature","properties":{"osm_id":"1107064767","name":null,"april21":false,"july15":true,"nov2":false},"geometry":{"type":"Point","coordinates":[6.749013926774168,7.8020471578670865]}},{"type":"Feature","properties":{"osm_id":"1107064768","name":null,"april21":false,"july15":true,"nov2":false},"geometry":{"type":"Point","coordinates":[6.748976099999619,7.802147749999597]}},{"type":"Feature","properties":{"osm_id":"1107064769","name":null,"april21":false,"july15":true,"nov2":false},"geometry":{"type":"Point","coordinates":[6.749101542786325,7.802287078838354]}},{"type":"Feature","properties":{"osm_id":"1107251917","name":null,"april21":false,"july15":true,"nov2":false},"geometry":{"type":"Point","coordinates":[6.748530000000576,7.820515849998701]}},{"type":"Feature","properties":{"osm_id":"1107251943","name":null,"april21":false,"july15":true,"nov2":false},"geometry":{"type":"Point","coordinates":[6.746114125789343,7.820172610144154]}},{"type":"Feature","properties":{"osm_id":"1107251944","name":null,"april21":false,"july15":true,"nov2":false},"geometry":{"type":"Point","coordinates":[6.746030549999519,7.820185800000885]}},{"type":"Feature","properties":{"osm_id":"1107251948","name":null,"april21":false,"july15":true,"nov2":false},"geometry":{"type":"Point","coordinates":[6.746558232244385,7.819895854997505]}},{"type":"Feature","properties":{"osm_id":"1107251950","name":null,"april21":false,"july15":true,"nov2":false},"geometry":{"type":"Point","coordinates":[6.746295849999477,7.819936350001751]}},{"type":"Feature","properties":{"osm_id":"1107251951","name":null,"april21":false,"july15":true,"nov2":false},"geometry":{"type":"Point","coordinates":[6.7461792499997495,7.8199018000004745]}},{"type":"Feature","properties":{"osm_id":"1107251952","name":null,"april21":false,"july15":true,"nov2":false},"geometry":{"type":"Point","coordinates":[6.746189799999457,7.819976850000273]}},{"type":"Feature","properties":{"osm_id":"1107251953","name":null,"april21":false,"july15":true,"nov2":false},"geometry":{"type":"Point","coordinates":[6.746051149999156,7.820039200001631]}},{"type":"Feature","properties":{"osm_id":"1107444707","name":null,"april21":false,"july15":true,"nov2":false},"geometry":{"type":"Point","coordinates":[6.745076309077221,7.799220519363757]}},{"type":"Feature","properties":{"osm_id":"1107444712","name":null,"april21":false,"july15":true,"nov2":false},"geometry":{"type":"Point","coordinates":[6.742785799999772,7.803375400002509]}},{"type":"Feature","properties":{"osm_id":"1107444713","name":null,"april21":false,"july15":true,"nov2":false},"geometry":{"type":"Point","coordinates":[6.742653339214841,7.803528485287842]}},{"type":"Feature","properties":{"osm_id":"1107881682","name":null,"april21":false,"july15":true,"nov2":true},"geometry":{"type":"Point","coordinates":[6.780114299998738,7.815645050000672]}},{"type":"Feature","properties":{"osm_id":"1107881683","name":null,"april21":false,"july15":true,"nov2":true},"geometry":{"type":"Point","coordinates":[6.77991748559986,7.815500417394622]}},{"type":"Feature","properties":{"osm_id":"1107881684","name":null,"april21":false,"july15":true,"nov2":true},"geometry":{"type":"Point","coordinates":[6.779965668159923,7.815551109941174]}},{"type":"Feature","properties":{"osm_id":"1107881685","name":null,"april21":false,"july15":true,"nov2":true},"geometry":{"type":"Point","coordinates":[6.779931399999352,7.815622700000749]}},{"type":"Feature","properties":{"osm_id":"1107881686","name":null,"april21":false,"july15":true,"nov2":true},"geometry":{"type":"Point","coordinates":[6.779846799998647,7.8154601500008924]}},{"type":"Feature","properties":{"osm_id":"1107881687","name":null,"april21":false,"july15":true,"nov2":true},"geometry":{"type":"Point","coordinates":[6.779753185599842,7.815418017394572]}},{"type":"Feature","properties":{"osm_id":"1107881688","name":null,"april21":false,"july15":true,"nov2":true},"geometry":{"type":"Point","coordinates":[6.780052849999446,7.815590000000427]}},{"type":"Feature","properties":{"osm_id":"1107881694","name":null,"april21":false,"july15":true,"nov2":false},"geometry":{"type":"Point","coordinates":[6.778515739452795,7.8148919715684855]}},{"type":"Feature","properties":{"osm_id":"1107881695","name":null,"april21":false,"july15":true,"nov2":true},"geometry":{"type":"Point","coordinates":[6.780015994020251,7.815650968640087]}},{"type":"Feature","properties":{"osm_id":"1107960211","name":null,"april21":false,"july15":true,"nov2":false},"geometry":{"type":"Point","coordinates":[6.748684233949471,7.803848726409196]}},{"type":"Feature","properties":{"osm_id":"1107960212","name":null,"april21":false,"july15":true,"nov2":false},"geometry":{"type":"Point","coordinates":[6.748386050002125,7.804427650003022]}},{"type":"Feature","properties":{"osm_id":"1107960223","name":null,"april21":false,"july15":true,"nov2":false},"geometry":{"type":"Point","coordinates":[6.74839633431055,7.803653838614883]}},{"type":"Feature","properties":{"osm_id":"1107960224","name":null,"april21":false,"july15":true,"nov2":false},"geometry":{"type":"Point","coordinates":[6.748489781455597,7.803781845974142]}},{"type":"Feature","properties":{"osm_id":"1107960225","name":null,"april21":false,"july15":true,"nov2":false},"geometry":{"type":"Point","coordinates":[6.748437349999029,7.803810149995263]}},{"type":"Feature","properties":{"osm_id":"1107960226","name":null,"april21":false,"july15":true,"nov2":false},"geometry":{"type":"Point","coordinates":[6.748008044437163,7.804875830896721]}},{"type":"Feature","properties":{"osm_id":"1107960227","name":null,"april21":false,"july15":true,"nov2":false},"geometry":{"type":"Point","coordinates":[6.748274389063668,7.804688482278883]}},{"type":"Feature","properties":{"osm_id":"1107960229","name":null,"april21":false,"july15":true,"nov2":false},"geometry":{"type":"Point","coordinates":[6.748430812731067,7.804603318006107]}},{"type":"Feature","properties":{"osm_id":"1108554921","name":null,"april21":false,"july15":true,"nov2":false},"geometry":{"type":"Point","coordinates":[6.748047473594688,7.804420733176245]}},{"type":"Feature","properties":{"osm_id":"1109597750","name":null,"april21":false,"july15":true,"nov2":false},"geometry":{"type":"Point","coordinates":[6.746064806462665,7.796893620517746]}},{"type":"Feature","properties":{"osm_id":"1109597752","name":null,"april21":false,"july15":true,"nov2":false},"geometry":{"type":"Point","coordinates":[6.745875229400658,7.796493711962992]}},{"type":"Feature","properties":{"osm_id":"1109597753","name":null,"april21":false,"july15":true,"nov2":false},"geometry":{"type":"Point","coordinates":[6.746481514474229,7.796423968204597]}},{"type":"Feature","properties":{"osm_id":"1109597754","name":null,"april21":false,"july15":true,"nov2":false},"geometry":{"type":"Point","coordinates":[6.746524871592457,7.796093487932573]}},{"type":"Feature","properties":{"osm_id":"1109597755","name":null,"april21":false,"july15":true,"nov2":false},"geometry":{"type":"Point","coordinates":[6.745918072422565,7.795015059667491]}},{"type":"Feature","properties":{"osm_id":"1109597756","name":null,"april21":false,"july15":true,"nov2":false},"geometry":{"type":"Point","coordinates":[6.7457764999983185,7.793933450001923]}},{"type":"Feature","properties":{"osm_id":"1109598461","name":null,"april21":false,"july15":true,"nov2":false},"geometry":{"type":"Point","coordinates":[6.745974039877457,7.795197102535483]}},{"type":"Feature","properties":{"osm_id":"1109598462","name":null,"april21":false,"july15":true,"nov2":false},"geometry":{"type":"Point","coordinates":[6.746389049998127,7.795856599998866]}},{"type":"Feature","properties":{"osm_id":"1109598463","name":null,"april21":false,"july15":true,"nov2":false},"geometry":{"type":"Point","coordinates":[6.746372473167185,7.795633106211294]}},{"type":"Feature","properties":{"osm_id":"1109598464","name":null,"april21":false,"july15":true,"nov2":false},"geometry":{"type":"Point","coordinates":[6.746220735375617,7.796351860725296]}},{"type":"Feature","properties":{"osm_id":"1109598465","name":null,"april21":false,"july15":true,"nov2":false},"geometry":{"type":"Point","coordinates":[6.746992616066714,7.796764567184775]}},{"type":"Feature","properties":{"osm_id":"1110838335","name":null,"april21":false,"july15":true,"nov2":false},"geometry":{"type":"Point","coordinates":[6.743592849999545,7.782022200000721]}},{"type":"Feature","properties":{"osm_id":"1110838339","name":null,"april21":false,"july15":true,"nov2":false},"geometry":{"type":"Point","coordinates":[6.743441775113482,7.782031641261646]}},{"type":"Feature","properties":{"osm_id":"1111187190","name":null,"april21":false,"july15":true,"nov2":false},"geometry":{"type":"Point","coordinates":[6.778506517919685,7.814806551990023]}},{"type":"Feature","properties":{"osm_id":"1111187193","name":null,"april21":false,"july15":true,"nov2":false},"geometry":{"type":"Point","coordinates":[6.77867112871838,7.815003568176022]}},{"type":"Feature","properties":{"osm_id":"1111189931","name":null,"april21":false,"july15":true,"nov2":false},"geometry":{"type":"Point","coordinates":[6.777968899999965,7.798735250000267]}},{"type":"Feature","properties":{"osm_id":"1111189932","name":null,"april21":false,"july15":true,"nov2":false},"geometry":{"type":"Point","coordinates":[6.779829700860313,7.8008959169812435]}},{"type":"Feature","properties":{"osm_id":"1111189933","name":null,"april21":false,"july15":true,"nov2":false},"geometry":{"type":"Point","coordinates":[6.779958299807574,7.80102816664687]}},{"type":"Feature","properties":{"osm_id":"1111189935","name":null,"april21":false,"july15":true,"nov2":false},"geometry":{"type":"Point","coordinates":[6.780490498971244,7.801402833482602]}},{"type":"Feature","properties":{"osm_id":"1111189936","name":null,"april21":false,"july15":true,"nov2":false},"geometry":{"type":"Point","coordinates":[6.7776208999999,7.798354700000169]}},{"type":"Feature","properties":{"osm_id":"1111189938","name":null,"april21":false,"july15":true,"nov2":false},"geometry":{"type":"Point","coordinates":[6.778613168716906,7.799435410141526]}},{"type":"Feature","properties":{"osm_id":"1111189939","name":null,"april21":false,"july15":true,"nov2":false},"geometry":{"type":"Point","coordinates":[6.77854834999984,7.799419000000236]}},{"type":"Feature","properties":{"osm_id":"1111189946","name":null,"april21":false,"july15":true,"nov2":false},"geometry":{"type":"Point","coordinates":[6.779648109471203,7.800675231829405]}},{"type":"Feature","properties":{"osm_id":"1111189948","name":null,"april21":false,"july15":true,"nov2":false},"geometry":{"type":"Point","coordinates":[6.77962216296815,7.800633067204971]}},{"type":"Feature","properties":{"osm_id":"1111189949","name":null,"april21":false,"july15":true,"nov2":false},"geometry":{"type":"Point","coordinates":[6.779496627151426,7.8005099701254315]}},{"type":"Feature","properties":{"osm_id":"1111189950","name":null,"april21":false,"july15":true,"nov2":false},"geometry":{"type":"Point","coordinates":[6.779479400000391,7.800402800000867]}},{"type":"Feature","properties":{"osm_id":"1111190086","name":null,"april21":false,"july15":true,"nov2":false},"geometry":{"type":"Point","coordinates":[6.7780106499998265,7.79884230000003]}},{"type":"Feature","properties":{"osm_id":"1111190087","name":null,"april21":false,"july15":true,"nov2":false},"geometry":{"type":"Point","coordinates":[6.777863420649051,7.798632895693592]}},{"type":"Feature","properties":{"osm_id":"1111226911","name":null,"april21":false,"july15":true,"nov2":false},"geometry":{"type":"Point","coordinates":[6.735270147590216,7.7976097282100625]}},{"type":"Feature","properties":{"osm_id":"1111226912","name":null,"april21":false,"july15":true,"nov2":false},"geometry":{"type":"Point","coordinates":[6.735105634328919,7.797906952055596]}},{"type":"Feature","properties":{"osm_id":"1111231940","name":null,"april21":false,"july15":true,"nov2":false},"geometry":{"type":"Point","coordinates":[6.736277400001005,7.797419500006323]}},{"type":"Feature","properties":{"osm_id":"1111231941","name":null,"april21":false,"july15":true,"nov2":false},"geometry":{"type":"Point","coordinates":[6.736464219726614,7.797526469118948]}},{"type":"Feature","properties":{"osm_id":"1111231942","name":null,"april21":false,"july15":true,"nov2":false},"geometry":{"type":"Point","coordinates":[6.73526155000057,7.798014749996579]}},{"type":"Feature","properties":{"osm_id":"1111231943","name":null,"april21":false,"july15":true,"nov2":false},"geometry":{"type":"Point","coordinates":[6.7353366169363085,7.797788199885183]}},{"type":"Feature","properties":{"osm_id":"1111231944","name":null,"april21":false,"july15":true,"nov2":false},"geometry":{"type":"Point","coordinates":[6.7356176021213665,7.797881867727095]}},{"type":"Feature","properties":{"osm_id":"1111231945","name":null,"april21":false,"july15":true,"nov2":false},"geometry":{"type":"Point","coordinates":[6.735516806099434,7.797747868673486]}},{"type":"Feature","properties":{"osm_id":"1111231946","name":null,"april21":false,"july15":true,"nov2":false},"geometry":{"type":"Point","coordinates":[6.73546674999977,7.797644150002269]}},{"type":"Feature","properties":{"osm_id":"1111231947","name":null,"april21":false,"july15":true,"nov2":false},"geometry":{"type":"Point","coordinates":[6.736054048177211,7.797386945604361]}},{"type":"Feature","properties":{"osm_id":"1111232198","name":null,"april21":false,"july15":true,"nov2":false},"geometry":{"type":"Point","coordinates":[6.735206192144683,7.797322850267529]}},{"type":"Feature","properties":{"osm_id":"1111232199","name":null,"april21":false,"july15":true,"nov2":false},"geometry":{"type":"Point","coordinates":[6.735221849998609,7.797083500002617]}},{"type":"Feature","properties":{"osm_id":"1111232200","name":null,"april21":false,"july15":true,"nov2":false},"geometry":{"type":"Point","coordinates":[6.735430384860703,7.796984024425964]}},{"type":"Feature","properties":{"osm_id":"1111232201","name":null,"april21":false,"july15":true,"nov2":false},"geometry":{"type":"Point","coordinates":[6.735751360874234,7.797039026083693]}},{"type":"Feature","properties":{"osm_id":"1111232202","name":null,"april21":false,"july15":true,"nov2":false},"geometry":{"type":"Point","coordinates":[6.736044607957673,7.797002321253624]}},{"type":"Feature","properties":{"osm_id":"1111232203","name":null,"april21":false,"july15":true,"nov2":false},"geometry":{"type":"Point","coordinates":[6.736508624544053,7.796919246385425]}},{"type":"Feature","properties":{"osm_id":"1111232204","name":null,"april21":false,"july15":true,"nov2":false},"geometry":{"type":"Point","coordinates":[6.737063999998264,7.79707005000368]}},{"type":"Feature","properties":{"osm_id":"1111232205","name":null,"april21":false,"july15":true,"nov2":false},"geometry":{"type":"Point","coordinates":[6.736708599998283,7.797056100003681]}},{"type":"Feature","properties":{"osm_id":"1111232206","name":null,"april21":false,"july15":true,"nov2":false},"geometry":{"type":"Point","coordinates":[6.736510799998272,7.797040800003687]}},{"type":"Feature","properties":{"osm_id":"1111232207","name":null,"april21":false,"july15":true,"nov2":false},"geometry":{"type":"Point","coordinates":[6.736332099998248,7.797052750003697]}},{"type":"Feature","properties":{"osm_id":"1111232568","name":null,"april21":false,"july15":true,"nov2":false},"geometry":{"type":"Point","coordinates":[6.7370062999880815,7.797707849991179]}},{"type":"Feature","properties":{"osm_id":"1111232569","name":null,"april21":false,"july15":true,"nov2":false},"geometry":{"type":"Point","coordinates":[6.737185999994877,7.797606850014875]}},{"type":"Feature","properties":{"osm_id":"1111232578","name":null,"april21":false,"july15":true,"nov2":false},"geometry":{"type":"Point","coordinates":[6.7382257499909795,7.796667699990062]}},{"type":"Feature","properties":{"osm_id":"1111232579","name":null,"april21":false,"july15":true,"nov2":false},"geometry":{"type":"Point","coordinates":[6.738098699999807,7.7966254000003055]}},{"type":"Feature","properties":{"osm_id":"1111232580","name":null,"april21":false,"july15":true,"nov2":false},"geometry":{"type":"Point","coordinates":[6.73801867762156,7.7966646750778095]}},{"type":"Feature","properties":{"osm_id":"1111232581","name":null,"april21":false,"july15":true,"nov2":false},"geometry":{"type":"Point","coordinates":[6.737432774282758,7.796921905613258]}},{"type":"Feature","properties":{"osm_id":"1111232582","name":null,"april21":false,"july15":true,"nov2":false},"geometry":{"type":"Point","coordinates":[6.737268480604344,7.796948222607077]}},{"type":"Feature","properties":{"osm_id":"1111232584","name":null,"april21":false,"july15":true,"nov2":false},"geometry":{"type":"Point","coordinates":[6.73732769611059,7.796720773609051]}},{"type":"Feature","properties":{"osm_id":"1111232585","name":null,"april21":false,"july15":true,"nov2":false},"geometry":{"type":"Point","coordinates":[6.737024950001115,7.796546350000282]}},{"type":"Feature","properties":{"osm_id":"1111232586","name":null,"april21":false,"july15":true,"nov2":false},"geometry":{"type":"Point","coordinates":[6.737003499999566,7.796672200000861]}},{"type":"Feature","properties":{"osm_id":"1111232587","name":null,"april21":false,"july15":true,"nov2":false},"geometry":{"type":"Point","coordinates":[6.736998990484436,7.796778024371929]}},{"type":"Feature","properties":{"osm_id":"1111232588","name":null,"april21":false,"july15":true,"nov2":false},"geometry":{"type":"Point","coordinates":[6.737160543205248,7.796889324366283]}},{"type":"Feature","properties":{"osm_id":"1111232589","name":null,"april21":false,"july15":true,"nov2":false},"geometry":{"type":"Point","coordinates":[6.73702234999855,7.796906800002731]}},{"type":"Feature","properties":{"osm_id":"1111232590","name":null,"april21":false,"july15":true,"nov2":false},"geometry":{"type":"Point","coordinates":[6.736784575282676,7.796866792841638]}},{"type":"Feature","properties":{"osm_id":"1111232591","name":null,"april21":false,"july15":true,"nov2":false},"geometry":{"type":"Point","coordinates":[6.736514733184968,7.796759383468805]}},{"type":"Feature","properties":{"osm_id":"1111232592","name":null,"april21":false,"july15":true,"nov2":false},"geometry":{"type":"Point","coordinates":[6.736532823628309,7.796516928777042]}},{"type":"Feature","properties":{"osm_id":"1111232593","name":null,"april21":false,"july15":true,"nov2":false},"geometry":{"type":"Point","coordinates":[6.736480599999978,7.796614000000118]}},{"type":"Feature","properties":{"osm_id":"1111232594","name":null,"april21":false,"july15":true,"nov2":false},"geometry":{"type":"Point","coordinates":[6.736364074067131,7.796440055773152]}},{"type":"Feature","properties":{"osm_id":"1111232595","name":null,"april21":false,"july15":true,"nov2":false},"geometry":{"type":"Point","coordinates":[6.736371776547545,7.796694886748343]}},{"type":"Feature","properties":{"osm_id":"1111232596","name":null,"april21":false,"july15":true,"nov2":false},"geometry":{"type":"Point","coordinates":[6.736065600007001,7.796602299992181]}},{"type":"Feature","properties":{"osm_id":"1111232597","name":null,"april21":false,"july15":true,"nov2":false},"geometry":{"type":"Point","coordinates":[6.736153981930173,7.79687912646962]}},{"type":"Feature","properties":{"osm_id":"1111232598","name":null,"april21":false,"july15":true,"nov2":false},"geometry":{"type":"Point","coordinates":[6.73621629999808,7.797303900000345]}},{"type":"Feature","properties":{"osm_id":"1111232599","name":null,"april21":false,"july15":true,"nov2":false},"geometry":{"type":"Point","coordinates":[6.736905349999263,7.797345950002989]}},{"type":"Feature","properties":{"osm_id":"1111232600","name":null,"april21":false,"july15":true,"nov2":false},"geometry":{"type":"Point","coordinates":[6.736727896093567,7.797311380851375]}},{"type":"Feature","properties":{"osm_id":"1111232601","name":null,"april21":false,"july15":true,"nov2":false},"geometry":{"type":"Point","coordinates":[6.735694699998899,7.797282600002163]}},{"type":"Feature","properties":{"osm_id":"1111235102","name":null,"april21":false,"july15":true,"nov2":false},"geometry":{"type":"Point","coordinates":[6.741382165571717,7.79736795218002]}},{"type":"Feature","properties":{"osm_id":"1111235103","name":null,"april21":false,"july15":true,"nov2":false},"geometry":{"type":"Point","coordinates":[6.741118591020352,7.797477660329602]}},{"type":"Feature","properties":{"osm_id":"1111235104","name":null,"april21":false,"july15":true,"nov2":false},"geometry":{"type":"Point","coordinates":[6.740835958942713,7.797007472854914]}},{"type":"Feature","properties":{"osm_id":"1111235105","name":null,"april21":false,"july15":true,"nov2":false},"geometry":{"type":"Point","coordinates":[6.740946620367109,7.797111957736101]}},{"type":"Feature","properties":{"osm_id":"1111235106","name":null,"april21":false,"july15":true,"nov2":false},"geometry":{"type":"Point","coordinates":[6.740805299996867,7.797271300002516]}},{"type":"Feature","properties":{"osm_id":"1111235107","name":null,"april21":false,"july15":true,"nov2":false},"geometry":{"type":"Point","coordinates":[6.740357733157646,7.797317849462878]}},{"type":"Feature","properties":{"osm_id":"1111235108","name":null,"april21":false,"july15":true,"nov2":false},"geometry":{"type":"Point","coordinates":[6.740564960033124,7.7975550254596975]}},{"type":"Feature","properties":{"osm_id":"1111235109","name":null,"april21":false,"july15":true,"nov2":false},"geometry":{"type":"Point","coordinates":[6.740669524536228,7.797861960571629]}},{"type":"Feature","properties":{"osm_id":"1111235110","name":null,"april21":false,"july15":true,"nov2":false},"geometry":{"type":"Point","coordinates":[6.740806999999987,7.797855300000112]}},{"type":"Feature","properties":{"osm_id":"1111235111","name":null,"april21":false,"july15":true,"nov2":false},"geometry":{"type":"Point","coordinates":[6.740799644301358,7.797671274511145]}},{"type":"Feature","properties":{"osm_id":"1111235112","name":null,"april21":false,"july15":true,"nov2":false},"geometry":{"type":"Point","coordinates":[6.740658129563795,7.797675908212334]}},{"type":"Feature","properties":{"osm_id":"1111235113","name":null,"april21":false,"july15":true,"nov2":false},"geometry":{"type":"Point","coordinates":[6.740235032390296,7.797782224426637]}},{"type":"Feature","properties":{"osm_id":"1111235114","name":null,"april21":false,"july15":true,"nov2":false},"geometry":{"type":"Point","coordinates":[6.740481794872347,7.79779552901359]}},{"type":"Feature","properties":{"osm_id":"1111235115","name":null,"april21":false,"july15":true,"nov2":false},"geometry":{"type":"Point","coordinates":[6.74027993431086,7.79764473254718]}},{"type":"Feature","properties":{"osm_id":"1111235116","name":null,"april21":false,"july15":true,"nov2":false},"geometry":{"type":"Point","coordinates":[6.740106275453056,7.797272691787453]}},{"type":"Feature","properties":{"osm_id":"1111235117","name":null,"april21":false,"july15":true,"nov2":false},"geometry":{"type":"Point","coordinates":[6.740051267378593,7.7974228413964335]}},{"type":"Feature","properties":{"osm_id":"1111235118","name":null,"april21":false,"july15":true,"nov2":false},"geometry":{"type":"Point","coordinates":[6.739937299999597,7.797367650002874]}},{"type":"Feature","properties":{"osm_id":"1111235119","name":null,"april21":false,"july15":true,"nov2":false},"geometry":{"type":"Point","coordinates":[6.739776776853887,7.79767068968983]}},{"type":"Feature","properties":{"osm_id":"1111235121","name":null,"april21":false,"july15":true,"nov2":false},"geometry":{"type":"Point","coordinates":[6.739231835601889,7.797668628365541]}},{"type":"Feature","properties":{"osm_id":"1111235122","name":null,"april21":false,"july15":true,"nov2":false},"geometry":{"type":"Point","coordinates":[6.739241482911367,7.797388123951596]}},{"type":"Feature","properties":{"osm_id":"1111235123","name":null,"april21":false,"july15":true,"nov2":false},"geometry":{"type":"Point","coordinates":[6.739256676527266,7.797513807122719]}},{"type":"Feature","properties":{"osm_id":"1111235124","name":null,"april21":false,"july15":true,"nov2":false},"geometry":{"type":"Point","coordinates":[6.738995175961468,7.797555005445529]}},{"type":"Feature","properties":{"osm_id":"1111235131","name":null,"april21":false,"july15":true,"nov2":false},"geometry":{"type":"Point","coordinates":[6.738423550213949,7.797567777828283]}},{"type":"Feature","properties":{"osm_id":"1111235234","name":"Rhotel Pharmacy & Supermarket","april21":false,"july15":true,"nov2":false},"geometry":{"type":"Point","coordinates":[6.742069344250897,7.796697665656727]}},{"type":"Feature","properties":{"osm_id":"1111235235","name":"Joechyk Investments","april21":false,"july15":true,"nov2":false},"geometry":{"type":"Point","coordinates":[6.741902511592755,7.79684105474407]}},{"type":"Feature","properties":{"osm_id":"1111235236","name":null,"april21":false,"july15":true,"nov2":false},"geometry":{"type":"Point","coordinates":[6.741457049999463,7.796955449999939]}},{"type":"Feature","properties":{"osm_id":"1111235237","name":null,"april21":false,"july15":true,"nov2":false},"geometry":{"type":"Point","coordinates":[6.741537270801644,7.796944386869045]}},{"type":"Feature","properties":{"osm_id":"1111235238","name":null,"april21":false,"july15":true,"nov2":false},"geometry":{"type":"Point","coordinates":[6.7416581000019224,7.796833850006113]}},{"type":"Feature","properties":{"osm_id":"1111235239","name":"Globacom Office","april21":false,"july15":true,"nov2":false},"geometry":{"type":"Point","coordinates":[6.742316367413417,7.796986393727292]}},{"type":"Feature","properties":{"osm_id":"1111235240","name":"Fola Pearl Textiles","april21":false,"july15":true,"nov2":false},"geometry":{"type":"Point","coordinates":[6.742609373273502,7.797229970247322]}},{"type":"Feature","properties":{"osm_id":"1111235241","name":null,"april21":false,"july15":true,"nov2":false},"geometry":{"type":"Point","coordinates":[6.742552817027886,7.797363949298992]}},{"type":"Feature","properties":{"osm_id":"1111235242","name":"Royal Foam Depot","april21":false,"july15":true,"nov2":false},"geometry":{"type":"Point","coordinates":[6.742794099998626,7.797514550000635]}},{"type":"Feature","properties":{"osm_id":"1111235243","name":null,"april21":false,"july15":true,"nov2":false},"geometry":{"type":"Point","coordinates":[6.742673149998631,7.797598200003288]}},{"type":"Feature","properties":{"osm_id":"1111235244","name":null,"april21":false,"july15":true,"nov2":false},"geometry":{"type":"Point","coordinates":[6.742494099999084,7.797625450002181]}},{"type":"Feature","properties":{"osm_id":"1111235245","name":null,"april21":false,"july15":true,"nov2":false},"geometry":{"type":"Point","coordinates":[6.742335199999049,7.797635400002263]}},{"type":"Feature","properties":{"osm_id":"1111235246","name":null,"april21":false,"july15":true,"nov2":false},"geometry":{"type":"Point","coordinates":[6.742169549999014,7.797641400002337]}},{"type":"Feature","properties":{"osm_id":"1111235247","name":null,"april21":false,"july15":true,"nov2":false},"geometry":{"type":"Point","coordinates":[6.741997922638399,7.797663324086414]}},{"type":"Feature","properties":{"osm_id":"1111235248","name":null,"april21":false,"july15":true,"nov2":false},"geometry":{"type":"Point","coordinates":[6.741847043950235,7.797665328007243]}},{"type":"Feature","properties":{"osm_id":"1111235249","name":null,"april21":false,"july15":true,"nov2":false},"geometry":{"type":"Point","coordinates":[6.7416773499988825,7.797682550002627]}},{"type":"Feature","properties":{"osm_id":"1111235250","name":null,"april21":false,"july15":true,"nov2":false},"geometry":{"type":"Point","coordinates":[6.74218833569227,7.79714576827618]}},{"type":"Feature","properties":{"osm_id":"1111235251","name":null,"april21":false,"july15":true,"nov2":false},"geometry":{"type":"Point","coordinates":[6.742215149999658,7.797236800000514]}},{"type":"Feature","properties":{"osm_id":"1111235252","name":null,"april21":false,"july15":true,"nov2":false},"geometry":{"type":"Point","coordinates":[6.742220524393945,7.7973430899206475]}},{"type":"Feature","properties":{"osm_id":"1111235253","name":null,"april21":false,"july15":true,"nov2":false},"geometry":{"type":"Point","coordinates":[6.7420844078975914,7.797242124402164]}},{"type":"Feature","properties":{"osm_id":"1111235254","name":null,"april21":false,"july15":true,"nov2":false},"geometry":{"type":"Point","coordinates":[6.742085049999592,7.797356400000502]}},{"type":"Feature","properties":{"osm_id":"1111235255","name":null,"april21":false,"july15":true,"nov2":false},"geometry":{"type":"Point","coordinates":[6.741759880102023,7.797322333946211]}},{"type":"Feature","properties":{"osm_id":"1111235256","name":null,"april21":false,"july15":true,"nov2":false},"geometry":{"type":"Point","coordinates":[6.741321399996496,7.797528350009677]}},{"type":"Feature","properties":{"osm_id":"1111235257","name":null,"april21":false,"july15":true,"nov2":false},"geometry":{"type":"Point","coordinates":[6.741522326273551,7.797525454538331]}},{"type":"Feature","properties":{"osm_id":"1111235258","name":null,"april21":false,"july15":true,"nov2":false},"geometry":{"type":"Point","coordinates":[6.741525250004697,7.797712199989678]}},{"type":"Feature","properties":{"osm_id":"1111235259","name":null,"april21":false,"july15":true,"nov2":false},"geometry":{"type":"Point","coordinates":[6.741353199998546,7.797768350002808]}},{"type":"Feature","properties":{"osm_id":"1111235260","name":null,"april21":false,"july15":true,"nov2":false},"geometry":{"type":"Point","coordinates":[6.741086084121537,7.79773501393422]}},{"type":"Feature","properties":{"osm_id":"1111235294","name":null,"april21":false,"july15":true,"nov2":false},"geometry":{"type":"Point","coordinates":[6.741095581980622,7.796858418944987]}},{"type":"Feature","properties":{"osm_id":"1111237440","name":null,"april21":false,"july15":true,"nov2":false},"geometry":{"type":"Point","coordinates":[6.741614646395693,7.796658956407376]}},{"type":"Feature","properties":{"osm_id":"1111237441","name":null,"april21":false,"july15":true,"nov2":false},"geometry":{"type":"Point","coordinates":[6.741059786958537,7.796544531737079]}},{"type":"Feature","properties":{"osm_id":"1111237445","name":"United Bank of Africa","april21":false,"july15":true,"nov2":false},"geometry":{"type":"Point","coordinates":[6.73989791495842,7.795645108186753]}},{"type":"Feature","properties":{"osm_id":"1111237446","name":null,"april21":false,"july15":true,"nov2":false},"geometry":{"type":"Point","coordinates":[6.739130650000464,7.796386449998968]}},{"type":"Feature","properties":{"osm_id":"1111237447","name":null,"april21":false,"july15":true,"nov2":false},"geometry":{"type":"Point","coordinates":[6.739049475141559,7.796374490354555]}},{"type":"Feature","properties":{"osm_id":"1111237448","name":null,"april21":false,"july15":true,"nov2":false},"geometry":{"type":"Point","coordinates":[6.738997209874289,7.7963764751444815]}},{"type":"Feature","properties":{"osm_id":"1111237449","name":null,"april21":false,"july15":true,"nov2":false},"geometry":{"type":"Point","coordinates":[6.739408899999326,7.796426950001275]}},{"type":"Feature","properties":{"osm_id":"1111237450","name":null,"april21":false,"july15":true,"nov2":false},"geometry":{"type":"Point","coordinates":[6.739248625143201,7.796441544202707]}},{"type":"Feature","properties":{"osm_id":"1111237451","name":null,"april21":false,"july15":true,"nov2":false},"geometry":{"type":"Point","coordinates":[6.739291561023907,7.796308675148662]}},{"type":"Feature","properties":{"osm_id":"1111237452","name":null,"april21":false,"july15":true,"nov2":false},"geometry":{"type":"Point","coordinates":[6.739710649998953,7.795954600002061]}},{"type":"Feature","properties":{"osm_id":"1111237453","name":null,"april21":false,"july15":true,"nov2":false},"geometry":{"type":"Point","coordinates":[6.7395490499992405,7.795944650001445]}},{"type":"Feature","properties":{"osm_id":"1111237454","name":null,"april21":false,"july15":true,"nov2":false},"geometry":{"type":"Point","coordinates":[6.739315699999162,7.796114050001564]}},{"type":"Feature","properties":{"osm_id":"1111237455","name":"Union Bank","april21":false,"july15":true,"nov2":false},"geometry":{"type":"Point","coordinates":[6.738779249996659,7.795591200006639]}},{"type":"Feature","properties":{"osm_id":"1111237456","name":"Barbie Place","april21":false,"july15":true,"nov2":false},"geometry":{"type":"Point","coordinates":[6.738369543256842,7.795752624860952]}},{"type":"Feature","properties":{"osm_id":"1111237457","name":null,"april21":false,"july15":true,"nov2":false},"geometry":{"type":"Point","coordinates":[6.738518399997172,7.796179150005686]}},{"type":"Feature","properties":{"osm_id":"1111237458","name":null,"april21":false,"july15":true,"nov2":false},"geometry":{"type":"Point","coordinates":[6.73848487483575,7.796029005134758]}},{"type":"Feature","properties":{"osm_id":"1111237459","name":null,"april21":false,"july15":true,"nov2":false},"geometry":{"type":"Point","coordinates":[6.738770549999172,7.7959406500014525]}},{"type":"Feature","properties":{"osm_id":"1111237460","name":null,"april21":false,"july15":true,"nov2":false},"geometry":{"type":"Point","coordinates":[6.739043058847951,7.795952729084898]}},{"type":"Feature","properties":{"osm_id":"1111237462","name":null,"april21":false,"july15":true,"nov2":false},"geometry":{"type":"Point","coordinates":[6.739035899996848,7.796225200006177]}},{"type":"Feature","properties":{"osm_id":"1111237463","name":null,"april21":false,"july15":true,"nov2":false},"geometry":{"type":"Point","coordinates":[6.73901541389038,7.796083825161267]}},{"type":"Feature","properties":{"osm_id":"1111237464","name":null,"april21":false,"july15":true,"nov2":false},"geometry":{"type":"Point","coordinates":[6.739053489530193,7.7956750203387175]}},{"type":"Feature","properties":{"osm_id":"1111237466","name":null,"april21":false,"july15":true,"nov2":false},"geometry":{"type":"Point","coordinates":[6.739538325599261,7.796109388828771]}},{"type":"Feature","properties":{"osm_id":"1111237467","name":null,"april21":false,"july15":true,"nov2":false},"geometry":{"type":"Point","coordinates":[6.739683150000545,7.796133299999417]}},{"type":"Feature","properties":{"osm_id":"1111237468","name":"Rahman Plaza","april21":false,"july15":true,"nov2":false},"geometry":{"type":"Point","coordinates":[6.740175574398196,7.795648906075431]}},{"type":"Feature","properties":{"osm_id":"1111237469","name":null,"april21":false,"july15":true,"nov2":false},"geometry":{"type":"Point","coordinates":[6.741432770743941,7.796165953295234]}},{"type":"Feature","properties":{"osm_id":"1111237470","name":null,"april21":false,"july15":true,"nov2":false},"geometry":{"type":"Point","coordinates":[6.741910746349666,7.7962675325098525]}},{"type":"Feature","properties":{"osm_id":"1111237471","name":"TechGuys Ltd.","april21":false,"july15":true,"nov2":false},"geometry":{"type":"Point","coordinates":[6.741771834283819,7.796104782124847]}},{"type":"Feature","properties":{"osm_id":"1111237472","name":"Anointed Collection","april21":false,"july15":true,"nov2":false},"geometry":{"type":"Point","coordinates":[6.741467567868884,7.795940152482711]}},{"type":"Feature","properties":{"osm_id":"1111237473","name":null,"april21":false,"july15":true,"nov2":false},"geometry":{"type":"Point","coordinates":[6.740666199997965,7.795925650004951]}},{"type":"Feature","properties":{"osm_id":"1111237475","name":null,"april21":false,"july15":true,"nov2":false},"geometry":{"type":"Point","coordinates":[6.740628652342725,7.795730126624153]}},{"type":"Feature","properties":{"osm_id":"1111237476","name":null,"april21":false,"july15":true,"nov2":false},"geometry":{"type":"Point","coordinates":[6.740416171529364,7.795770776436881]}},{"type":"Feature","properties":{"osm_id":"1111237477","name":null,"april21":false,"july15":true,"nov2":false},"geometry":{"type":"Point","coordinates":[6.741664171794466,7.796786524685726]}},{"type":"Feature","properties":{"osm_id":"1111237478","name":null,"april21":false,"july15":true,"nov2":false},"geometry":{"type":"Point","coordinates":[6.740246825829197,7.795868784610225]}},{"type":"Feature","properties":{"osm_id":"1111237479","name":null,"april21":false,"july15":true,"nov2":false},"geometry":{"type":"Point","coordinates":[6.740118899999387,7.795879700001182]}},{"type":"Feature","properties":{"osm_id":"1111237480","name":null,"april21":false,"july15":true,"nov2":false},"geometry":{"type":"Point","coordinates":[6.740196749999953,7.7961093999997475]}},{"type":"Feature","properties":{"osm_id":"1111237481","name":null,"april21":false,"july15":true,"nov2":false},"geometry":{"type":"Point","coordinates":[6.740348475218272,7.796446241675434]}},{"type":"Feature","properties":{"osm_id":"1111237483","name":null,"april21":false,"july15":true,"nov2":false},"geometry":{"type":"Point","coordinates":[6.740496526132303,7.796433658739654]}},{"type":"Feature","properties":{"osm_id":"1111237484","name":null,"april21":false,"july15":true,"nov2":false},"geometry":{"type":"Point","coordinates":[6.739890105236175,7.796971030556504]}},{"type":"Feature","properties":{"osm_id":"1111237485","name":null,"april21":false,"july15":true,"nov2":false},"geometry":{"type":"Point","coordinates":[6.740327949999702,7.79690310000223]}},{"type":"Feature","properties":{"osm_id":"1111237486","name":null,"april21":false,"july15":true,"nov2":false},"geometry":{"type":"Point","coordinates":[6.740836349999374,7.796567450001421]}},{"type":"Feature","properties":{"osm_id":"1111237487","name":"De-Macon Trading Enterprise","april21":false,"july15":true,"nov2":false},"geometry":{"type":"Point","coordinates":[6.742062360049548,7.7966055546907365]}},{"type":"Feature","properties":{"osm_id":"1111237556","name":null,"april21":false,"july15":true,"nov2":false},"geometry":{"type":"Point","coordinates":[6.742832550004317,7.7964216000110556]}},{"type":"Feature","properties":{"osm_id":"1111237557","name":null,"april21":false,"july15":true,"nov2":false},"geometry":{"type":"Point","coordinates":[6.7432451370363395,7.797258737935733]}},{"type":"Feature","properties":{"osm_id":"1111237558","name":null,"april21":false,"july15":true,"nov2":false},"geometry":{"type":"Point","coordinates":[6.74318745000362,7.7971843000041146]}},{"type":"Feature","properties":{"osm_id":"1111237559","name":null,"april21":false,"july15":true,"nov2":false},"geometry":{"type":"Point","coordinates":[6.743345724386098,7.797071380321989]}},{"type":"Feature","properties":{"osm_id":"1111237560","name":null,"april21":false,"july15":true,"nov2":false},"geometry":{"type":"Point","coordinates":[6.7432089000265805,7.796864100026443]}},{"type":"Feature","properties":{"osm_id":"1111237561","name":null,"april21":false,"july15":true,"nov2":false},"geometry":{"type":"Point","coordinates":[6.744094699991648,7.796624949999732]}},{"type":"Feature","properties":{"osm_id":"1111237562","name":null,"april21":false,"july15":true,"nov2":false},"geometry":{"type":"Point","coordinates":[6.743877799998306,7.796664150010183]}},{"type":"Feature","properties":{"osm_id":"1111237563","name":null,"april21":false,"july15":true,"nov2":false},"geometry":{"type":"Point","coordinates":[6.743885972783093,7.79569800228349]}},{"type":"Feature","properties":{"osm_id":"1111237564","name":null,"april21":false,"july15":true,"nov2":false},"geometry":{"type":"Point","coordinates":[6.743677062506689,7.795904867624537]}},{"type":"Feature","properties":{"osm_id":"1111237565","name":null,"april21":false,"july15":true,"nov2":false},"geometry":{"type":"Point","coordinates":[6.743529297131604,7.795914431441377]}},{"type":"Feature","properties":{"osm_id":"1111237566","name":null,"april21":false,"july15":true,"nov2":false},"geometry":{"type":"Point","coordinates":[6.743016800002106,7.795939100038891]}},{"type":"Feature","properties":{"osm_id":"1111237577","name":null,"april21":false,"july15":true,"nov2":false},"geometry":{"type":"Point","coordinates":[6.743722199999941,7.795329200003317]}},{"type":"Feature","properties":{"osm_id":"1111237578","name":null,"april21":false,"july15":true,"nov2":false},"geometry":{"type":"Point","coordinates":[6.743577003069766,7.795509717704315]}},{"type":"Feature","properties":{"osm_id":"1111237579","name":null,"april21":false,"july15":true,"nov2":false},"geometry":{"type":"Point","coordinates":[6.743676000003181,7.795583150005901]}},{"type":"Feature","properties":{"osm_id":"1111237580","name":null,"april21":false,"july15":true,"nov2":false},"geometry":{"type":"Point","coordinates":[6.74361861736795,7.795411532372608]}},{"type":"Feature","properties":{"osm_id":"1111237581","name":null,"april21":false,"july15":true,"nov2":false},"geometry":{"type":"Point","coordinates":[6.743453267752391,7.795691355193188]}},{"type":"Feature","properties":{"osm_id":"1111237582","name":null,"april21":false,"july15":true,"nov2":false},"geometry":{"type":"Point","coordinates":[6.74338745923144,7.795543784778442]}},{"type":"Feature","properties":{"osm_id":"1111237583","name":null,"april21":false,"july15":true,"nov2":false},"geometry":{"type":"Point","coordinates":[6.744104200924829,7.795508767513467]}},{"type":"Feature","properties":{"osm_id":"1111237584","name":null,"april21":false,"july15":true,"nov2":false},"geometry":{"type":"Point","coordinates":[6.7438312618503256,7.795475219291369]}},{"type":"Feature","properties":{"osm_id":"1111241376","name":"Fen Hotel","april21":false,"july15":true,"nov2":false},"geometry":{"type":"Point","coordinates":[6.737428959007077,7.795799962271963]}},{"type":"Feature","properties":{"osm_id":"1111241377","name":null,"april21":false,"july15":true,"nov2":false},"geometry":{"type":"Point","coordinates":[6.7374059499965355,7.79604625000685]}},{"type":"Feature","properties":{"osm_id":"1111241378","name":null,"april21":false,"july15":true,"nov2":false},"geometry":{"type":"Point","coordinates":[6.737810981862624,7.796234992140507]}},{"type":"Feature","properties":{"osm_id":"1111241379","name":null,"april21":false,"july15":true,"nov2":false},"geometry":{"type":"Point","coordinates":[6.737673499997863,7.796259549995653]}},{"type":"Feature","properties":{"osm_id":"1111241380","name":null,"april21":false,"july15":true,"nov2":false},"geometry":{"type":"Point","coordinates":[6.737924649952008,7.796219733259155]}},{"type":"Feature","properties":{"osm_id":"1111241381","name":null,"april21":false,"july15":true,"nov2":false},"geometry":{"type":"Point","coordinates":[6.738105549980265,7.796223699972691]}},{"type":"Feature","properties":{"osm_id":"1111241382","name":null,"april21":false,"july15":true,"nov2":false},"geometry":{"type":"Point","coordinates":[6.738692899998737,7.797108550000599]}},{"type":"Feature","properties":{"osm_id":"1111241384","name":null,"april21":false,"july15":true,"nov2":false},"geometry":{"type":"Point","coordinates":[6.738836275459676,7.797026214759381]}},{"type":"Feature","properties":{"osm_id":"1111241385","name":null,"april21":false,"july15":true,"nov2":false},"geometry":{"type":"Point","coordinates":[6.739485670964071,7.797069906295497]}},{"type":"Feature","properties":{"osm_id":"1111241386","name":null,"april21":false,"july15":true,"nov2":false},"geometry":{"type":"Point","coordinates":[6.744455543283635,7.797375526557809]}},{"type":"Feature","properties":{"osm_id":"1111241387","name":null,"april21":false,"july15":true,"nov2":false},"geometry":{"type":"Point","coordinates":[6.744308608269616,7.797383471331117]}},{"type":"Feature","properties":{"osm_id":"1111241388","name":null,"april21":false,"july15":true,"nov2":false},"geometry":{"type":"Point","coordinates":[6.7444572237794125,7.797473895014666]}},{"type":"Feature","properties":{"osm_id":"1111241389","name":null,"april21":false,"july15":true,"nov2":false},"geometry":{"type":"Point","coordinates":[6.744325299999449,7.797503250003064]}},{"type":"Feature","properties":{"osm_id":"1111241390","name":null,"april21":false,"july15":true,"nov2":false},"geometry":{"type":"Point","coordinates":[6.743791200013447,7.7974430000136135]}},{"type":"Feature","properties":{"osm_id":"1111241391","name":null,"april21":false,"july15":true,"nov2":false},"geometry":{"type":"Point","coordinates":[6.743521495974509,7.797493315414513]}},{"type":"Feature","properties":{"osm_id":"1111241976","name":null,"april21":false,"july15":true,"nov2":false},"geometry":{"type":"Point","coordinates":[6.739468199997864,7.794918400003835]}},{"type":"Feature","properties":{"osm_id":"1111241977","name":null,"april21":false,"july15":true,"nov2":false},"geometry":{"type":"Point","coordinates":[6.7392687000035885,7.795145399998865]}},{"type":"Feature","properties":{"osm_id":"1111241979","name":null,"april21":false,"july15":true,"nov2":false},"geometry":{"type":"Point","coordinates":[6.739041849990442,7.795024400022832]}},{"type":"Feature","properties":{"osm_id":"1111241980","name":null,"april21":false,"july15":true,"nov2":false},"geometry":{"type":"Point","coordinates":[6.740059336152212,7.79484113243879]}},{"type":"Feature","properties":{"osm_id":"1111241981","name":null,"april21":false,"july15":true,"nov2":false},"geometry":{"type":"Point","coordinates":[6.740506567418463,7.794852410173363]}},{"type":"Feature","properties":{"osm_id":"1111241982","name":null,"april21":false,"july15":true,"nov2":false},"geometry":{"type":"Point","coordinates":[6.740592433648589,7.79481122359697]}},{"type":"Feature","properties":{"osm_id":"1111241983","name":null,"april21":false,"july15":true,"nov2":false},"geometry":{"type":"Point","coordinates":[6.740507266882985,7.794733493306091]}},{"type":"Feature","properties":{"osm_id":"1111241984","name":null,"april21":false,"july15":true,"nov2":false},"geometry":{"type":"Point","coordinates":[6.740096168230832,7.794618567075296]}},{"type":"Feature","properties":{"osm_id":"1111241985","name":null,"april21":false,"july15":true,"nov2":false},"geometry":{"type":"Point","coordinates":[6.738958941191748,7.794370123437333]}},{"type":"Feature","properties":{"osm_id":"1111241986","name":null,"april21":false,"july15":true,"nov2":false},"geometry":{"type":"Point","coordinates":[6.739298279208095,7.794740827980168]}},{"type":"Feature","properties":{"osm_id":"1111241988","name":null,"april21":false,"july15":true,"nov2":false},"geometry":{"type":"Point","coordinates":[6.738857027788002,7.7947036411854205]}},{"type":"Feature","properties":{"osm_id":"1111241989","name":null,"april21":false,"july15":true,"nov2":false},"geometry":{"type":"Point","coordinates":[6.73857805000769,7.794965399994809]}},{"type":"Feature","properties":{"osm_id":"1111241990","name":null,"april21":false,"july15":true,"nov2":false},"geometry":{"type":"Point","coordinates":[6.7394658858648855,7.795118173216053]}},{"type":"Feature","properties":{"osm_id":"1111241991","name":null,"april21":false,"july15":true,"nov2":false},"geometry":{"type":"Point","coordinates":[6.740568949994736,7.795239050010893]}},{"type":"Feature","properties":{"osm_id":"1111241992","name":null,"april21":false,"july15":true,"nov2":false},"geometry":{"type":"Point","coordinates":[6.740363099997873,7.795231150004317]}},{"type":"Feature","properties":{"osm_id":"1111241995","name":null,"april21":false,"july15":true,"nov2":false},"geometry":{"type":"Point","coordinates":[6.739778399997899,7.795195250004279]}},{"type":"Feature","properties":{"osm_id":"1111261029","name":null,"april21":false,"july15":true,"nov2":false},"geometry":{"type":"Point","coordinates":[6.748941700000971,7.8203083499988235]}},{"type":"Feature","properties":{"osm_id":"1111287182","name":null,"april21":false,"july15":true,"nov2":false},"geometry":{"type":"Point","coordinates":[6.733785450001096,7.795993600001248]}},{"type":"Feature","properties":{"osm_id":"1111287183","name":null,"april21":false,"july15":true,"nov2":false},"geometry":{"type":"Point","coordinates":[6.733890283571617,7.796087350753445]}},{"type":"Feature","properties":{"osm_id":"1111287184","name":null,"april21":false,"july15":true,"nov2":false},"geometry":{"type":"Point","coordinates":[6.734035899999839,7.796162800001524]}},{"type":"Feature","properties":{"osm_id":"1111287190","name":null,"april21":false,"july15":true,"nov2":false},"geometry":{"type":"Point","coordinates":[6.73401229999997,7.796817900001714]}},{"type":"Feature","properties":{"osm_id":"1111287192","name":null,"april21":false,"july15":true,"nov2":false},"geometry":{"type":"Point","coordinates":[6.734308073527209,7.797503626863956]}},{"type":"Feature","properties":{"osm_id":"1111570941","name":null,"april21":false,"july15":true,"nov2":false},"geometry":{"type":"Point","coordinates":[6.7469547746366825,7.819865921347767]}},{"type":"Feature","properties":{"osm_id":"1111570942","name":null,"april21":false,"july15":true,"nov2":false},"geometry":{"type":"Point","coordinates":[6.747064331955718,7.8198464563261965]}},{"type":"Feature","properties":{"osm_id":"1111570981","name":null,"april21":false,"july15":true,"nov2":false},"geometry":{"type":"Point","coordinates":[6.747188949999732,7.819673700000461]}},{"type":"Feature","properties":{"osm_id":"1111570983","name":null,"april21":false,"july15":true,"nov2":false},"geometry":{"type":"Point","coordinates":[6.747153317791071,7.819576390644053]}},{"type":"Feature","properties":{"osm_id":"1111571000","name":null,"april21":false,"july15":true,"nov2":false},"geometry":{"type":"Point","coordinates":[6.746939636857028,7.8196566218862245]}},{"type":"Feature","properties":{"osm_id":"1111571001","name":null,"april21":false,"july15":true,"nov2":false},"geometry":{"type":"Point","coordinates":[6.746858102270391,7.819680917197078]}},{"type":"Feature","properties":{"osm_id":"1111571002","name":null,"april21":false,"july15":true,"nov2":false},"geometry":{"type":"Point","coordinates":[6.746778057036324,7.819637864379315]}},{"type":"Feature","properties":{"osm_id":"1111571003","name":null,"april21":false,"july15":true,"nov2":false},"geometry":{"type":"Point","coordinates":[6.746863958699565,7.819758817214887]}},{"type":"Feature","properties":{"osm_id":"1111571004","name":null,"april21":false,"july15":true,"nov2":false},"geometry":{"type":"Point","coordinates":[6.746737955089583,7.819820817685215]}},{"type":"Feature","properties":{"osm_id":"1111708544","name":null,"april21":false,"july15":true,"nov2":false},"geometry":{"type":"Point","coordinates":[6.74336701597792,7.789894969183334]}},{"type":"Feature","properties":{"osm_id":"1111708545","name":null,"april21":false,"july15":true,"nov2":false},"geometry":{"type":"Point","coordinates":[6.743813980811683,7.789641352966791]}},{"type":"Feature","properties":{"osm_id":"1111708549","name":null,"april21":false,"july15":true,"nov2":false},"geometry":{"type":"Point","coordinates":[6.7440376451009865,7.790304527605341]}},{"type":"Feature","properties":{"osm_id":"1111708550","name":null,"april21":false,"july15":true,"nov2":false},"geometry":{"type":"Point","coordinates":[6.74418944047045,7.790338231755622]}},{"type":"Feature","properties":{"osm_id":"1111708551","name":null,"april21":false,"july15":true,"nov2":false},"geometry":{"type":"Point","coordinates":[6.74432566563816,7.790322351146895]}},{"type":"Feature","properties":{"osm_id":"1111708552","name":null,"april21":false,"july15":true,"nov2":false},"geometry":{"type":"Point","coordinates":[6.744359352615992,7.790397518097149]}},{"type":"Feature","properties":{"osm_id":"1111708553","name":null,"april21":false,"july15":true,"nov2":false},"geometry":{"type":"Point","coordinates":[6.744222850000343,7.790471300001713]}},{"type":"Feature","properties":{"osm_id":"1111708554","name":null,"april21":false,"july15":true,"nov2":false},"geometry":{"type":"Point","coordinates":[6.744299817963726,7.790542238552185]}},{"type":"Feature","properties":{"osm_id":"1111708555","name":null,"april21":false,"july15":true,"nov2":false},"geometry":{"type":"Point","coordinates":[6.744386829602904,7.790515666570811]}},{"type":"Feature","properties":{"osm_id":"1111708556","name":null,"april21":false,"july15":true,"nov2":false},"geometry":{"type":"Point","coordinates":[6.7444534334631445,7.790629835798236]}},{"type":"Feature","properties":{"osm_id":"1111708557","name":null,"april21":false,"july15":true,"nov2":false},"geometry":{"type":"Point","coordinates":[6.743846383062804,7.790794455137816]}},{"type":"Feature","properties":{"osm_id":"1111708558","name":null,"april21":false,"july15":true,"nov2":false},"geometry":{"type":"Point","coordinates":[6.744075299999333,7.790850850001605]}},{"type":"Feature","properties":{"osm_id":"1111708559","name":null,"april21":false,"july15":true,"nov2":false},"geometry":{"type":"Point","coordinates":[6.7442256666820946,7.790827536116615]}},{"type":"Feature","properties":{"osm_id":"1111708561","name":null,"april21":false,"july15":true,"nov2":false},"geometry":{"type":"Point","coordinates":[6.74384495000322,7.79116845000665]}},{"type":"Feature","properties":{"osm_id":"1111708562","name":null,"april21":false,"july15":true,"nov2":false},"geometry":{"type":"Point","coordinates":[6.744043900000602,7.791125250004549]}},{"type":"Feature","properties":{"osm_id":"1111708563","name":null,"april21":false,"july15":true,"nov2":false},"geometry":{"type":"Point","coordinates":[6.74449309187557,7.791346629876761]}},{"type":"Feature","properties":{"osm_id":"1111708564","name":null,"april21":false,"july15":true,"nov2":false},"geometry":{"type":"Point","coordinates":[6.7443284899720695,7.791259128133179]}},{"type":"Feature","properties":{"osm_id":"1111708565","name":null,"april21":false,"july15":true,"nov2":false},"geometry":{"type":"Point","coordinates":[6.744595797123312,7.792633530144833]}},{"type":"Feature","properties":{"osm_id":"1111708566","name":null,"april21":false,"july15":true,"nov2":false},"geometry":{"type":"Point","coordinates":[6.744766849999939,7.792521950006394]}},{"type":"Feature","properties":{"osm_id":"1111708567","name":null,"april21":false,"july15":true,"nov2":false},"geometry":{"type":"Point","coordinates":[6.74451376291772,7.792245571403585]}},{"type":"Feature","properties":{"osm_id":"1111708568","name":null,"april21":false,"july15":true,"nov2":false},"geometry":{"type":"Point","coordinates":[6.744358849998091,7.792281549998715]}},{"type":"Feature","properties":{"osm_id":"1111708569","name":null,"april21":false,"july15":true,"nov2":false},"geometry":{"type":"Point","coordinates":[6.7440960102362615,7.792197220195796]}},{"type":"Feature","properties":{"osm_id":"1111708570","name":null,"april21":false,"july15":true,"nov2":false},"geometry":{"type":"Point","coordinates":[6.74398374999917,7.79210600000178]}},{"type":"Feature","properties":{"osm_id":"1111708571","name":null,"april21":false,"july15":true,"nov2":false},"geometry":{"type":"Point","coordinates":[6.743991199999976,7.791795200002027]}},{"type":"Feature","properties":{"osm_id":"1111708572","name":null,"april21":false,"july15":true,"nov2":false},"geometry":{"type":"Point","coordinates":[6.743919299999627,7.791888000001076]}},{"type":"Feature","properties":{"osm_id":"1111708573","name":null,"april21":false,"july15":true,"nov2":false},"geometry":{"type":"Point","coordinates":[6.744353228670448,7.79184745400202]}},{"type":"Feature","properties":{"osm_id":"1111708574","name":null,"april21":false,"july15":true,"nov2":false},"geometry":{"type":"Point","coordinates":[6.744555265829677,7.791825733058507]}},{"type":"Feature","properties":{"osm_id":"1111708575","name":null,"april21":false,"july15":true,"nov2":false},"geometry":{"type":"Point","coordinates":[6.744715821938569,7.791741090940389]}},{"type":"Feature","properties":{"osm_id":"1111708576","name":null,"april21":false,"july15":true,"nov2":false},"geometry":{"type":"Point","coordinates":[6.7447314573276405,7.791646226175989]}},{"type":"Feature","properties":{"osm_id":"1111708578","name":null,"april21":false,"july15":true,"nov2":false},"geometry":{"type":"Point","coordinates":[6.745137463955126,7.792853351447405]}},{"type":"Feature","properties":{"osm_id":"1111708579","name":null,"april21":false,"july15":true,"nov2":false},"geometry":{"type":"Point","coordinates":[6.744980599999856,7.792974050001193]}},{"type":"Feature","properties":{"osm_id":"1111708580","name":null,"april21":false,"july15":true,"nov2":false},"geometry":{"type":"Point","coordinates":[6.74492269999852,7.793064950000378]}},{"type":"Feature","properties":{"osm_id":"1111708581","name":null,"april21":false,"july15":true,"nov2":false},"geometry":{"type":"Point","coordinates":[6.744801717476628,7.793147699270852]}},{"type":"Feature","properties":{"osm_id":"1111708582","name":null,"april21":false,"july15":true,"nov2":false},"geometry":{"type":"Point","coordinates":[6.744484956912338,7.793091572756941]}},{"type":"Feature","properties":{"osm_id":"1111708583","name":null,"april21":false,"july15":true,"nov2":false},"geometry":{"type":"Point","coordinates":[6.744502228052815,7.79322605800216]}},{"type":"Feature","properties":{"osm_id":"1111708584","name":null,"april21":false,"july15":true,"nov2":false},"geometry":{"type":"Point","coordinates":[6.744663568601321,7.793323834818763]}},{"type":"Feature","properties":{"osm_id":"1111708585","name":null,"april21":false,"july15":true,"nov2":false},"geometry":{"type":"Point","coordinates":[6.744933431956564,7.793542604773162]}},{"type":"Feature","properties":{"osm_id":"1111708586","name":null,"april21":false,"july15":true,"nov2":false},"geometry":{"type":"Point","coordinates":[6.744847068110192,7.793589091783078]}},{"type":"Feature","properties":{"osm_id":"1111708587","name":null,"april21":false,"july15":true,"nov2":false},"geometry":{"type":"Point","coordinates":[6.744761666500333,7.793634190572909]}},{"type":"Feature","properties":{"osm_id":"1111708588","name":null,"april21":false,"july15":true,"nov2":false},"geometry":{"type":"Point","coordinates":[6.744671549995894,7.7936600500005655]}},{"type":"Feature","properties":{"osm_id":"1111708589","name":null,"april21":false,"july15":true,"nov2":false},"geometry":{"type":"Point","coordinates":[6.744518949999015,7.793705100000738]}},{"type":"Feature","properties":{"osm_id":"1111708590","name":null,"april21":false,"july15":true,"nov2":false},"geometry":{"type":"Point","coordinates":[6.7445458945733225,7.79383427967619]}},{"type":"Feature","properties":{"osm_id":"1111708591","name":null,"april21":false,"july15":true,"nov2":false},"geometry":{"type":"Point","coordinates":[6.744758850001535,7.793763400005294]}},{"type":"Feature","properties":{"osm_id":"1111708592","name":null,"april21":false,"july15":true,"nov2":false},"geometry":{"type":"Point","coordinates":[6.744800079295687,7.7938860861630035]}},{"type":"Feature","properties":{"osm_id":"1111708593","name":null,"april21":false,"july15":true,"nov2":false},"geometry":{"type":"Point","coordinates":[6.744645083601725,7.793816131509426]}},{"type":"Feature","properties":{"osm_id":"1111708594","name":null,"april21":false,"july15":true,"nov2":false},"geometry":{"type":"Point","coordinates":[6.7439174499987935,7.794644500001187]}},{"type":"Feature","properties":{"osm_id":"1111708595","name":null,"april21":false,"july15":true,"nov2":false},"geometry":{"type":"Point","coordinates":[6.743583399998997,7.794884150002181]}},{"type":"Feature","properties":{"osm_id":"1111708596","name":null,"april21":false,"july15":true,"nov2":false},"geometry":{"type":"Point","coordinates":[6.743467817089894,7.7950011964308255]}},{"type":"Feature","properties":{"osm_id":"1111708598","name":null,"april21":false,"july15":true,"nov2":false},"geometry":{"type":"Point","coordinates":[6.743125299994107,7.794913850005394]}},{"type":"Feature","properties":{"osm_id":"1111708606","name":null,"april21":false,"july15":true,"nov2":false},"geometry":{"type":"Point","coordinates":[6.742943884628854,7.795541837544683]}},{"type":"Feature","properties":{"osm_id":"1111708618","name":"Nigosan Health & Wellness Center","april21":false,"july15":true,"nov2":false},"geometry":{"type":"Point","coordinates":[6.737155612863576,7.795675276832052]}},{"type":"Feature","properties":{"osm_id":"1111708619","name":"Plaza","april21":false,"july15":true,"nov2":false},"geometry":{"type":"Point","coordinates":[6.736958149993586,7.795610000011926]}},{"type":"Feature","properties":{"osm_id":"1111708620","name":null,"april21":false,"july15":true,"nov2":false},"geometry":{"type":"Point","coordinates":[6.73689860000185,7.795849649992218]}},{"type":"Feature","properties":{"osm_id":"1111708621","name":null,"april21":false,"july15":true,"nov2":false},"geometry":{"type":"Point","coordinates":[6.7366976730633885,7.7958126934096725]}},{"type":"Feature","properties":{"osm_id":"1111708622","name":null,"april21":false,"july15":true,"nov2":false},"geometry":{"type":"Point","coordinates":[6.7371426775233925,7.795868122793119]}},{"type":"Feature","properties":{"osm_id":"1111708623","name":null,"april21":false,"july15":true,"nov2":false},"geometry":{"type":"Point","coordinates":[6.73719152131321,7.796019724515881]}},{"type":"Feature","properties":{"osm_id":"1111708624","name":null,"april21":false,"july15":true,"nov2":false},"geometry":{"type":"Point","coordinates":[6.73690792194157,7.796037447183179]}},{"type":"Feature","properties":{"osm_id":"1111708625","name":null,"april21":false,"july15":true,"nov2":false},"geometry":{"type":"Point","coordinates":[6.736739278112601,7.79617307612082]}},{"type":"Feature","properties":{"osm_id":"1111708626","name":null,"april21":false,"july15":true,"nov2":false},"geometry":{"type":"Point","coordinates":[6.736880825758303,7.796204463095353]}},{"type":"Feature","properties":{"osm_id":"1111708627","name":null,"april21":false,"july15":true,"nov2":false},"geometry":{"type":"Point","coordinates":[6.737868599997844,7.794924999998707]}},{"type":"Feature","properties":{"osm_id":"1111708628","name":null,"april21":false,"july15":true,"nov2":false},"geometry":{"type":"Point","coordinates":[6.737905280729679,7.795029055853088]}},{"type":"Feature","properties":{"osm_id":"1111708629","name":null,"april21":false,"july15":true,"nov2":false},"geometry":{"type":"Point","coordinates":[6.737946381541598,7.795129561292433]}},{"type":"Feature","properties":{"osm_id":"1111708630","name":null,"april21":false,"july15":true,"nov2":false},"geometry":{"type":"Point","coordinates":[6.737983949999171,7.795230700000203]}},{"type":"Feature","properties":{"osm_id":"1111708631","name":null,"april21":false,"july15":true,"nov2":false},"geometry":{"type":"Point","coordinates":[6.737514675189573,7.7947415604015315]}},{"type":"Feature","properties":{"osm_id":"1111708632","name":null,"april21":false,"july15":true,"nov2":false},"geometry":{"type":"Point","coordinates":[6.737150178221092,7.795148256121309]}},{"type":"Feature","properties":{"osm_id":"1111708633","name":null,"april21":false,"july15":true,"nov2":false},"geometry":{"type":"Point","coordinates":[6.737325399999032,7.794975799997252]}},{"type":"Feature","properties":{"osm_id":"1111708634","name":null,"april21":false,"july15":true,"nov2":false},"geometry":{"type":"Point","coordinates":[6.737467829617226,7.794953153536405]}},{"type":"Feature","properties":{"osm_id":"1111708635","name":null,"april21":false,"july15":true,"nov2":false},"geometry":{"type":"Point","coordinates":[6.737656649993516,7.795027349992008]}},{"type":"Feature","properties":{"osm_id":"1111708636","name":null,"april21":false,"july15":true,"nov2":false},"geometry":{"type":"Point","coordinates":[6.737798243973522,7.795190875415485]}},{"type":"Feature","properties":{"osm_id":"1111708637","name":null,"april21":false,"july15":true,"nov2":false},"geometry":{"type":"Point","coordinates":[6.73756294998522,7.79519965003982]}},{"type":"Feature","properties":{"osm_id":"1111708638","name":null,"april21":false,"july15":true,"nov2":false},"geometry":{"type":"Point","coordinates":[6.737213849999586,7.794096199999979]}},{"type":"Feature","properties":{"osm_id":"1111708639","name":null,"april21":false,"july15":true,"nov2":false},"geometry":{"type":"Point","coordinates":[6.737388749997777,7.7941485000047726]}},{"type":"Feature","properties":{"osm_id":"1111708640","name":null,"april21":false,"july15":true,"nov2":false},"geometry":{"type":"Point","coordinates":[6.737110500005905,7.794257900029344]}},{"type":"Feature","properties":{"osm_id":"1111708642","name":null,"april21":false,"july15":true,"nov2":false},"geometry":{"type":"Point","coordinates":[6.737613699999641,7.794076950001421]}},{"type":"Feature","properties":{"osm_id":"1111708643","name":null,"april21":false,"july15":true,"nov2":false},"geometry":{"type":"Point","coordinates":[6.737395549999422,7.7939688500010424]}},{"type":"Feature","properties":{"osm_id":"1111708648","name":null,"april21":false,"july15":true,"nov2":false},"geometry":{"type":"Point","coordinates":[6.736384653848237,7.793511776414093]}},{"type":"Feature","properties":{"osm_id":"1111708649","name":null,"april21":false,"july15":true,"nov2":false},"geometry":{"type":"Point","coordinates":[6.736480114866926,7.793504967699683]}},{"type":"Feature","properties":{"osm_id":"1111708652","name":null,"april21":false,"july15":true,"nov2":false},"geometry":{"type":"Point","coordinates":[6.736299618575401,7.79385634027927]}},{"type":"Feature","properties":{"osm_id":"1111708653","name":null,"april21":false,"july15":true,"nov2":false},"geometry":{"type":"Point","coordinates":[6.736465499998862,7.793954550002234]}},{"type":"Feature","properties":{"osm_id":"1111708654","name":null,"april21":false,"july15":true,"nov2":false},"geometry":{"type":"Point","coordinates":[6.736642318235383,7.793949024637726]}},{"type":"Feature","properties":{"osm_id":"1111708655","name":null,"april21":false,"july15":true,"nov2":false},"geometry":{"type":"Point","coordinates":[6.7362643405066525,7.794054672527427]}},{"type":"Feature","properties":{"osm_id":"1111708656","name":null,"april21":false,"july15":true,"nov2":false},"geometry":{"type":"Point","coordinates":[6.736240170487831,7.794155603364466]}},{"type":"Feature","properties":{"osm_id":"1111708657","name":null,"april21":false,"july15":true,"nov2":false},"geometry":{"type":"Point","coordinates":[6.736491299998225,7.794163500002847]}},{"type":"Feature","properties":{"osm_id":"1111708658","name":null,"april21":false,"july15":true,"nov2":false},"geometry":{"type":"Point","coordinates":[6.736671100001531,7.7941961000012006]}},{"type":"Feature","properties":{"osm_id":"1111708659","name":null,"april21":false,"july15":true,"nov2":false},"geometry":{"type":"Point","coordinates":[6.736863699998092,7.794337500001018]}},{"type":"Feature","properties":{"osm_id":"1111708660","name":null,"april21":false,"july15":true,"nov2":false},"geometry":{"type":"Point","coordinates":[6.736652399995027,7.794450300004578]}},{"type":"Feature","properties":{"osm_id":"1111708661","name":null,"april21":false,"july15":true,"nov2":false},"geometry":{"type":"Point","coordinates":[6.736478299992057,7.794379350007084]}},{"type":"Feature","properties":{"osm_id":"1111708662","name":null,"april21":false,"july15":true,"nov2":false},"geometry":{"type":"Point","coordinates":[6.7361618094718665,7.79437892579633]}},{"type":"Feature","properties":{"osm_id":"1111708663","name":null,"april21":false,"july15":true,"nov2":false},"geometry":{"type":"Point","coordinates":[6.736208129523227,7.794271688065072]}},{"type":"Feature","properties":{"osm_id":"1111708664","name":null,"april21":false,"july15":true,"nov2":false},"geometry":{"type":"Point","coordinates":[6.735826299998226,7.794464949993382]}},{"type":"Feature","properties":{"osm_id":"1111708665","name":null,"april21":false,"july15":true,"nov2":false},"geometry":{"type":"Point","coordinates":[6.7361271499986355,7.794467450001402]}},{"type":"Feature","properties":{"osm_id":"1111708666","name":null,"april21":false,"july15":true,"nov2":false},"geometry":{"type":"Point","coordinates":[6.736096550007505,7.794599849997725]}},{"type":"Feature","properties":{"osm_id":"1111708667","name":null,"april21":false,"july15":true,"nov2":false},"geometry":{"type":"Point","coordinates":[6.73551680000121,7.794688500015484]}},{"type":"Feature","properties":{"osm_id":"1111708668","name":null,"april21":false,"july15":true,"nov2":false},"geometry":{"type":"Point","coordinates":[6.735391580304396,7.794590258629892]}},{"type":"Feature","properties":{"osm_id":"1111708669","name":null,"april21":false,"july15":true,"nov2":false},"geometry":{"type":"Point","coordinates":[6.735295330430327,7.794590561849495]}},{"type":"Feature","properties":{"osm_id":"1111708670","name":null,"april21":false,"july15":true,"nov2":false},"geometry":{"type":"Point","coordinates":[6.735163745899142,7.794624330046883]}},{"type":"Feature","properties":{"osm_id":"1111708896","name":null,"april21":false,"july15":true,"nov2":false},"geometry":{"type":"Point","coordinates":[6.734686627893217,7.793668545751248]}},{"type":"Feature","properties":{"osm_id":"1111708897","name":null,"april21":false,"july15":true,"nov2":false},"geometry":{"type":"Point","coordinates":[6.73487627470091,7.793651006287863]}},{"type":"Feature","properties":{"osm_id":"1112847635","name":null,"april21":false,"july15":true,"nov2":false},"geometry":{"type":"Point","coordinates":[6.721725299999252,7.771412050000724]}},{"type":"Feature","properties":{"osm_id":"1112847636","name":null,"april21":false,"july15":true,"nov2":false},"geometry":{"type":"Point","coordinates":[6.721666877671324,7.771443598550309]}},{"type":"Feature","properties":{"osm_id":"1112859217","name":null,"april21":false,"july15":true,"nov2":false},"geometry":{"type":"Point","coordinates":[6.742194970579635,7.790704223837756]}},{"type":"Feature","properties":{"osm_id":"1112859218","name":null,"april21":false,"july15":true,"nov2":false},"geometry":{"type":"Point","coordinates":[6.742123375316129,7.790796652894819]}},{"type":"Feature","properties":{"osm_id":"1112859219","name":null,"april21":false,"july15":true,"nov2":false},"geometry":{"type":"Point","coordinates":[6.7421571499997475,7.790859400000744]}},{"type":"Feature","properties":{"osm_id":"1112859220","name":null,"april21":false,"july15":true,"nov2":false},"geometry":{"type":"Point","coordinates":[6.742859799999932,7.7906473000054675]}},{"type":"Feature","properties":{"osm_id":"1112859221","name":null,"april21":false,"july15":true,"nov2":false},"geometry":{"type":"Point","coordinates":[6.742718498102751,7.79057723257763]}},{"type":"Feature","properties":{"osm_id":"1112859223","name":null,"april21":false,"july15":true,"nov2":false},"geometry":{"type":"Point","coordinates":[6.742592120596114,7.790591643962459]}},{"type":"Feature","properties":{"osm_id":"1112859225","name":null,"april21":false,"july15":true,"nov2":false},"geometry":{"type":"Point","coordinates":[6.742449600000088,7.790843800003526]}},{"type":"Feature","properties":{"osm_id":"1112859226","name":null,"april21":false,"july15":true,"nov2":false},"geometry":{"type":"Point","coordinates":[6.742569149999557,7.790797850002567]}},{"type":"Feature","properties":{"osm_id":"1112859227","name":null,"april21":false,"july15":true,"nov2":false},"geometry":{"type":"Point","coordinates":[6.742681904085668,7.790739768796843]}},{"type":"Feature","properties":{"osm_id":"1112859228","name":null,"april21":false,"july15":true,"nov2":false},"geometry":{"type":"Point","coordinates":[6.7425893136520845,7.791018067557396]}},{"type":"Feature","properties":{"osm_id":"1112859229","name":null,"april21":false,"july15":true,"nov2":false},"geometry":{"type":"Point","coordinates":[6.742545431594369,7.790921751833198]}},{"type":"Feature","properties":{"osm_id":"1112859231","name":null,"april21":false,"july15":true,"nov2":false},"geometry":{"type":"Point","coordinates":[6.743583632628286,7.78974123485385]}},{"type":"Feature","properties":{"osm_id":"1112859232","name":null,"april21":false,"july15":true,"nov2":false},"geometry":{"type":"Point","coordinates":[6.7434186999997126,7.790074750001001]}},{"type":"Feature","properties":{"osm_id":"1112859233","name":null,"april21":false,"july15":true,"nov2":false},"geometry":{"type":"Point","coordinates":[6.743618863330809,7.789931183025092]}},{"type":"Feature","properties":{"osm_id":"1112859234","name":null,"april21":false,"july15":true,"nov2":false},"geometry":{"type":"Point","coordinates":[6.743590168073886,7.790014768195661]}},{"type":"Feature","properties":{"osm_id":"1112859235","name":null,"april21":false,"july15":true,"nov2":false},"geometry":{"type":"Point","coordinates":[6.74374551921615,7.790161197360906]}},{"type":"Feature","properties":{"osm_id":"1112859236","name":null,"april21":false,"july15":true,"nov2":false},"geometry":{"type":"Point","coordinates":[6.743583958543365,7.790217718444346]}},{"type":"Feature","properties":{"osm_id":"1112859237","name":null,"april21":false,"july15":true,"nov2":false},"geometry":{"type":"Point","coordinates":[6.743501950000456,7.79017070000383]}},{"type":"Feature","properties":{"osm_id":"1112859238","name":null,"april21":false,"july15":true,"nov2":false},"geometry":{"type":"Point","coordinates":[6.743622056747636,7.790113019709225]}},{"type":"Feature","properties":{"osm_id":"1112859239","name":null,"april21":false,"july15":true,"nov2":false},"geometry":{"type":"Point","coordinates":[6.743505010947737,7.789838020596615]}},{"type":"Feature","properties":{"osm_id":"1112859359","name":null,"april21":false,"july15":true,"nov2":false},"geometry":{"type":"Point","coordinates":[6.742245504927345,7.7902366207909]}},{"type":"Feature","properties":{"osm_id":"1112859360","name":null,"april21":false,"july15":true,"nov2":false},"geometry":{"type":"Point","coordinates":[6.742432631422601,7.790322901290419]}},{"type":"Feature","properties":{"osm_id":"1112859361","name":null,"april21":false,"july15":true,"nov2":false},"geometry":{"type":"Point","coordinates":[6.742468449999395,7.790394750000338]}},{"type":"Feature","properties":{"osm_id":"1112859362","name":null,"april21":false,"july15":true,"nov2":false},"geometry":{"type":"Point","coordinates":[6.742247349999912,7.7904396000016]}},{"type":"Feature","properties":{"osm_id":"1112859363","name":null,"april21":false,"july15":true,"nov2":false},"geometry":{"type":"Point","coordinates":[6.742266399999421,7.790342900000775]}},{"type":"Feature","properties":{"osm_id":"1112859364","name":null,"april21":false,"july15":true,"nov2":false},"geometry":{"type":"Point","coordinates":[6.742544405551199,7.790211973195105]}},{"type":"Feature","properties":{"osm_id":"1112859376","name":null,"april21":false,"july15":true,"nov2":false},"geometry":{"type":"Point","coordinates":[6.743051480819659,7.789758956326451]}},{"type":"Feature","properties":{"osm_id":"1112859378","name":null,"april21":false,"july15":true,"nov2":false},"geometry":{"type":"Point","coordinates":[6.743093549996656,7.789848649999393]}},{"type":"Feature","properties":{"osm_id":"1112859379","name":null,"april21":false,"july15":true,"nov2":false},"geometry":{"type":"Point","coordinates":[6.7429524999997765,7.789981450000609]}},{"type":"Feature","properties":{"osm_id":"1112859380","name":null,"april21":false,"july15":true,"nov2":false},"geometry":{"type":"Point","coordinates":[6.7428906499991,7.790012499999177]}},{"type":"Feature","properties":{"osm_id":"1112859381","name":null,"april21":false,"july15":true,"nov2":false},"geometry":{"type":"Point","coordinates":[6.7431877485159015,7.790030819496389]}},{"type":"Feature","properties":{"osm_id":"1112859382","name":null,"april21":false,"july15":true,"nov2":false},"geometry":{"type":"Point","coordinates":[6.743112279426881,7.790083208555597]}},{"type":"Feature","properties":{"osm_id":"1112859383","name":null,"april21":false,"july15":true,"nov2":false},"geometry":{"type":"Point","coordinates":[6.743009949999793,7.790100750001277]}},{"type":"Feature","properties":{"osm_id":"1112859384","name":null,"april21":false,"july15":true,"nov2":false},"geometry":{"type":"Point","coordinates":[6.742836981822362,7.790209503844082]}},{"type":"Feature","properties":{"osm_id":"1112859385","name":null,"april21":false,"july15":true,"nov2":false},"geometry":{"type":"Point","coordinates":[6.742937901190629,7.790166917425785]}},{"type":"Feature","properties":{"osm_id":"1112859386","name":null,"april21":false,"july15":true,"nov2":false},"geometry":{"type":"Point","coordinates":[6.743016050001454,7.790257500006381]}},{"type":"Feature","properties":{"osm_id":"1112859387","name":null,"april21":false,"july15":true,"nov2":false},"geometry":{"type":"Point","coordinates":[6.742910716379989,7.790362321210606]}},{"type":"Feature","properties":{"osm_id":"1112859388","name":null,"april21":false,"july15":true,"nov2":false},"geometry":{"type":"Point","coordinates":[6.7430384829502,7.790376900508205]}},{"type":"Feature","properties":{"osm_id":"1112859389","name":null,"april21":false,"july15":true,"nov2":false},"geometry":{"type":"Point","coordinates":[6.7427152939928705,7.790410931760643]}},{"type":"Feature","properties":{"osm_id":"1112859390","name":null,"april21":false,"july15":true,"nov2":false},"geometry":{"type":"Point","coordinates":[6.742798499999499,7.790518350001862]}},{"type":"Feature","properties":{"osm_id":"1112859391","name":null,"april21":false,"july15":true,"nov2":false},"geometry":{"type":"Point","coordinates":[6.742888830921538,7.790489711657441]}},{"type":"Feature","properties":{"osm_id":"1112859392","name":null,"april21":false,"july15":true,"nov2":false},"geometry":{"type":"Point","coordinates":[6.743124170816252,7.790757940960608]}},{"type":"Feature","properties":{"osm_id":"1112859393","name":null,"april21":false,"july15":true,"nov2":false},"geometry":{"type":"Point","coordinates":[6.743116549994978,7.790599199997753]}},{"type":"Feature","properties":{"osm_id":"1112859394","name":null,"april21":false,"july15":true,"nov2":false},"geometry":{"type":"Point","coordinates":[6.743015100000802,7.7905922500025095]}},{"type":"Feature","properties":{"osm_id":"1112859395","name":null,"april21":false,"july15":true,"nov2":false},"geometry":{"type":"Point","coordinates":[6.743178536345325,7.790499695861049]}},{"type":"Feature","properties":{"osm_id":"1112859396","name":null,"april21":false,"july15":true,"nov2":false},"geometry":{"type":"Point","coordinates":[6.743035900005677,7.790479200011034]}},{"type":"Feature","properties":{"osm_id":"1112859397","name":null,"april21":false,"july15":true,"nov2":false},"geometry":{"type":"Point","coordinates":[6.743152449998003,7.7903664499995395]}},{"type":"Feature","properties":{"osm_id":"1112859398","name":null,"april21":false,"july15":true,"nov2":false},"geometry":{"type":"Point","coordinates":[6.743245520864053,7.79029786067703]}},{"type":"Feature","properties":{"osm_id":"1112859399","name":null,"april21":false,"july15":true,"nov2":false},"geometry":{"type":"Point","coordinates":[6.743349861367493,7.790416666042737]}},{"type":"Feature","properties":{"osm_id":"1112859400","name":null,"april21":false,"july15":true,"nov2":false},"geometry":{"type":"Point","coordinates":[6.743756549999941,7.790286850006364]}},{"type":"Feature","properties":{"osm_id":"1112859401","name":null,"april21":false,"july15":true,"nov2":false},"geometry":{"type":"Point","coordinates":[6.743787216656416,7.790514166733645]}},{"type":"Feature","properties":{"osm_id":"1112859402","name":null,"april21":false,"july15":true,"nov2":false},"geometry":{"type":"Point","coordinates":[6.743807750000927,7.790653950001521]}},{"type":"Feature","properties":{"osm_id":"1112859403","name":null,"april21":false,"july15":true,"nov2":false},"geometry":{"type":"Point","coordinates":[6.7436793023463055,7.790522768845303]}},{"type":"Feature","properties":{"osm_id":"1112859404","name":null,"april21":false,"july15":true,"nov2":false},"geometry":{"type":"Point","coordinates":[6.743426600000257,7.790522800005045]}},{"type":"Feature","properties":{"osm_id":"1112859405","name":null,"april21":false,"july15":true,"nov2":false},"geometry":{"type":"Point","coordinates":[6.74347924999907,7.790636200002525]}},{"type":"Feature","properties":{"osm_id":"1112859406","name":null,"april21":false,"july15":true,"nov2":false},"geometry":{"type":"Point","coordinates":[6.743612976462476,7.790877037459224]}},{"type":"Feature","properties":{"osm_id":"1112859407","name":null,"april21":false,"july15":true,"nov2":false},"geometry":{"type":"Point","coordinates":[6.743536833209856,7.790735200104467]}},{"type":"Feature","properties":{"osm_id":"1112859408","name":null,"april21":false,"july15":true,"nov2":false},"geometry":{"type":"Point","coordinates":[6.74350329999912,7.790881149997489]}},{"type":"Feature","properties":{"osm_id":"1112859409","name":null,"april21":false,"july15":true,"nov2":false},"geometry":{"type":"Point","coordinates":[6.743371700000663,7.79095570000362]}},{"type":"Feature","properties":{"osm_id":"1112859410","name":null,"april21":false,"july15":true,"nov2":false},"geometry":{"type":"Point","coordinates":[6.74323951654964,7.79091264564799]}},{"type":"Feature","properties":{"osm_id":"1112859411","name":null,"april21":false,"july15":true,"nov2":false},"geometry":{"type":"Point","coordinates":[6.743205641816497,7.790837584738472]}},{"type":"Feature","properties":{"osm_id":"1112859412","name":null,"april21":false,"july15":true,"nov2":false},"geometry":{"type":"Point","coordinates":[6.7429778500008855,7.790816550002545]}},{"type":"Feature","properties":{"osm_id":"1112859413","name":null,"april21":false,"july15":true,"nov2":false},"geometry":{"type":"Point","coordinates":[6.743109930727425,7.790857307550344]}},{"type":"Feature","properties":{"osm_id":"1112859414","name":null,"april21":false,"july15":true,"nov2":false},"geometry":{"type":"Point","coordinates":[6.743029879861024,7.790935642026158]}},{"type":"Feature","properties":{"osm_id":"1112859415","name":null,"april21":false,"july15":true,"nov2":false},"geometry":{"type":"Point","coordinates":[6.742864499997775,7.7909629500029025]}},{"type":"Feature","properties":{"osm_id":"1112859416","name":null,"april21":false,"july15":true,"nov2":false},"geometry":{"type":"Point","coordinates":[6.742740399999856,7.791123500000088]}},{"type":"Feature","properties":{"osm_id":"1112859417","name":null,"april21":false,"july15":true,"nov2":false},"geometry":{"type":"Point","coordinates":[6.742752499999053,7.79103955000139]}},{"type":"Feature","properties":{"osm_id":"1112859418","name":null,"april21":false,"july15":true,"nov2":false},"geometry":{"type":"Point","coordinates":[6.74261133269746,7.791125666606084]}},{"type":"Feature","properties":{"osm_id":"1112859419","name":null,"april21":false,"july15":true,"nov2":false},"geometry":{"type":"Point","coordinates":[6.742406770791947,7.7912053841176805]}},{"type":"Feature","properties":{"osm_id":"1112859420","name":null,"april21":false,"july15":true,"nov2":false},"geometry":{"type":"Point","coordinates":[6.742240849999296,7.791119050000036]}},{"type":"Feature","properties":{"osm_id":"1112859421","name":null,"april21":false,"july15":true,"nov2":false},"geometry":{"type":"Point","coordinates":[6.742422299999698,7.791077999999912]}},{"type":"Feature","properties":{"osm_id":"1112859422","name":null,"april21":false,"july15":true,"nov2":false},"geometry":{"type":"Point","coordinates":[6.7422638499991185,7.791235849999568]}},{"type":"Feature","properties":{"osm_id":"1112859423","name":null,"april21":false,"july15":true,"nov2":false},"geometry":{"type":"Point","coordinates":[6.74216287444334,7.791227898737587]}},{"type":"Feature","properties":{"osm_id":"1112859424","name":null,"april21":false,"july15":true,"nov2":false},"geometry":{"type":"Point","coordinates":[6.741901790313879,7.791443779799667]}},{"type":"Feature","properties":{"osm_id":"1112859425","name":null,"april21":false,"july15":true,"nov2":false},"geometry":{"type":"Point","coordinates":[6.741971599999742,7.7913813500001]}},{"type":"Feature","properties":{"osm_id":"1112859426","name":null,"april21":false,"july15":true,"nov2":false},"geometry":{"type":"Point","coordinates":[6.741814829393897,7.791441045834373]}},{"type":"Feature","properties":{"osm_id":"1112859427","name":null,"april21":false,"july15":true,"nov2":false},"geometry":{"type":"Point","coordinates":[6.7417156499983655,7.791521400000032]}},{"type":"Feature","properties":{"osm_id":"1112859428","name":null,"april21":false,"july15":true,"nov2":false},"geometry":{"type":"Point","coordinates":[6.74168963576914,7.791424995424222]}},{"type":"Feature","properties":{"osm_id":"1112859446","name":null,"april21":false,"july15":true,"nov2":false},"geometry":{"type":"Point","coordinates":[6.741993289596158,7.7904888814968105]}},{"type":"Feature","properties":{"osm_id":"1112859447","name":null,"april21":false,"july15":true,"nov2":false},"geometry":{"type":"Point","coordinates":[6.742017105009363,7.790590171686328]}},{"type":"Feature","properties":{"osm_id":"1112859448","name":null,"april21":false,"july15":true,"nov2":false},"geometry":{"type":"Point","coordinates":[6.741896817041354,7.790544267908292]}},{"type":"Feature","properties":{"osm_id":"1113208222","name":null,"april21":false,"july15":true,"nov2":false},"geometry":{"type":"Point","coordinates":[6.741864749997362,7.791706149998496]}},{"type":"Feature","properties":{"osm_id":"1113208223","name":null,"april21":false,"july15":true,"nov2":false},"geometry":{"type":"Point","coordinates":[6.742870299994474,7.79284144999854]}},{"type":"Feature","properties":{"osm_id":"1113208224","name":null,"april21":false,"july15":true,"nov2":false},"geometry":{"type":"Point","coordinates":[6.743083809576822,7.7928978222874195]}},{"type":"Feature","properties":{"osm_id":"1113208225","name":null,"april21":false,"july15":true,"nov2":false},"geometry":{"type":"Point","coordinates":[6.743878021624782,7.7931404432115485]}},{"type":"Feature","properties":{"osm_id":"1113208226","name":null,"april21":false,"july15":true,"nov2":false},"geometry":{"type":"Point","coordinates":[6.744213707240744,7.793447775496612]}},{"type":"Feature","properties":{"osm_id":"1113208227","name":null,"april21":false,"july15":true,"nov2":false},"geometry":{"type":"Point","coordinates":[6.743264155489244,7.793254396456211]}},{"type":"Feature","properties":{"osm_id":"1113208232","name":null,"april21":false,"july15":true,"nov2":false},"geometry":{"type":"Point","coordinates":[6.74325044743067,7.7940078099434755]}},{"type":"Feature","properties":{"osm_id":"1113208234","name":null,"april21":false,"july15":true,"nov2":false},"geometry":{"type":"Point","coordinates":[6.743004125756114,7.793888905722451]}},{"type":"Feature","properties":{"osm_id":"1113208235","name":null,"april21":false,"july15":true,"nov2":false},"geometry":{"type":"Point","coordinates":[6.743193792754671,7.7938161790317935]}},{"type":"Feature","properties":{"osm_id":"1113208236","name":null,"april21":false,"july15":true,"nov2":false},"geometry":{"type":"Point","coordinates":[6.742982121329171,7.793714190707569]}},{"type":"Feature","properties":{"osm_id":"1113208237","name":null,"april21":false,"july15":true,"nov2":false},"geometry":{"type":"Point","coordinates":[6.742952858251711,7.79356695607552]}},{"type":"Feature","properties":{"osm_id":"1113208238","name":null,"april21":false,"july15":true,"nov2":false},"geometry":{"type":"Point","coordinates":[6.743647006058982,7.792818602992189]}},{"type":"Feature","properties":{"osm_id":"1113208239","name":null,"april21":false,"july15":true,"nov2":false},"geometry":{"type":"Point","coordinates":[6.743630823414709,7.792997035898573]}},{"type":"Feature","properties":{"osm_id":"1113208240","name":null,"april21":false,"july15":true,"nov2":false},"geometry":{"type":"Point","coordinates":[6.743645089677913,7.793152006486871]}},{"type":"Feature","properties":{"osm_id":"1113208241","name":null,"april21":false,"july15":true,"nov2":false},"geometry":{"type":"Point","coordinates":[6.743625043303613,7.793473126886581]}},{"type":"Feature","properties":{"osm_id":"1113208242","name":null,"april21":false,"july15":true,"nov2":false},"geometry":{"type":"Point","coordinates":[6.74377369999953,7.792815500002579]}},{"type":"Feature","properties":{"osm_id":"1113208243","name":null,"april21":false,"july15":true,"nov2":false},"geometry":{"type":"Point","coordinates":[6.743288149999367,7.791444500007795]}},{"type":"Feature","properties":{"osm_id":"1113208244","name":null,"april21":false,"july15":true,"nov2":false},"geometry":{"type":"Point","coordinates":[6.743498599998775,7.7915986000026995]}},{"type":"Feature","properties":{"osm_id":"1113208246","name":null,"april21":false,"july15":true,"nov2":false},"geometry":{"type":"Point","coordinates":[6.743649016867687,7.791689922749797]}},{"type":"Feature","properties":{"osm_id":"1113208247","name":null,"april21":false,"july15":true,"nov2":false},"geometry":{"type":"Point","coordinates":[6.7438755500007925,7.791326500005486]}},{"type":"Feature","properties":{"osm_id":"1113208248","name":null,"april21":false,"july15":true,"nov2":false},"geometry":{"type":"Point","coordinates":[6.743618679745358,7.791454306131307]}},{"type":"Feature","properties":{"osm_id":"1113208249","name":null,"april21":false,"july15":true,"nov2":false},"geometry":{"type":"Point","coordinates":[6.741702299997898,7.792061150001725]}},{"type":"Feature","properties":{"osm_id":"1113208250","name":null,"april21":false,"july15":true,"nov2":false},"geometry":{"type":"Point","coordinates":[6.741715949993741,7.791818800000028]}},{"type":"Feature","properties":{"osm_id":"1113208251","name":null,"april21":false,"july15":true,"nov2":false},"geometry":{"type":"Point","coordinates":[6.742615599998934,7.7925220500035275]}},{"type":"Feature","properties":{"osm_id":"1113208252","name":null,"april21":false,"july15":true,"nov2":false},"geometry":{"type":"Point","coordinates":[6.743268149999867,7.7919689500043665]}},{"type":"Feature","properties":{"osm_id":"1113208253","name":null,"april21":false,"july15":true,"nov2":false},"geometry":{"type":"Point","coordinates":[6.7433556499979,7.792087200003725]}},{"type":"Feature","properties":{"osm_id":"1113208260","name":null,"april21":false,"july15":true,"nov2":false},"geometry":{"type":"Point","coordinates":[6.735984199996797,7.795155300009859]}},{"type":"Feature","properties":{"osm_id":"1113208261","name":null,"april21":false,"july15":true,"nov2":false},"geometry":{"type":"Point","coordinates":[6.736193819901189,7.795151780678399]}},{"type":"Feature","properties":{"osm_id":"1113208262","name":null,"april21":false,"july15":true,"nov2":false},"geometry":{"type":"Point","coordinates":[6.7365095999991995,7.7950444500002884]}},{"type":"Feature","properties":{"osm_id":"1113208263","name":null,"april21":false,"july15":true,"nov2":false},"geometry":{"type":"Point","coordinates":[6.735948864917236,7.794991771359022]}},{"type":"Feature","properties":{"osm_id":"1113208264","name":null,"april21":false,"july15":true,"nov2":false},"geometry":{"type":"Point","coordinates":[6.736163087162443,7.794914526508858]}},{"type":"Feature","properties":{"osm_id":"1113208265","name":null,"april21":false,"july15":true,"nov2":false},"geometry":{"type":"Point","coordinates":[6.737398330357109,7.794518753034574]}},{"type":"Feature","properties":{"osm_id":"1113210148","name":null,"april21":false,"july15":true,"nov2":false},"geometry":{"type":"Point","coordinates":[6.742526610053986,7.791608219975094]}},{"type":"Feature","properties":{"osm_id":"1113210149","name":null,"april21":false,"july15":true,"nov2":false},"geometry":{"type":"Point","coordinates":[6.742666349999598,7.791493250003252]}},{"type":"Feature","properties":{"osm_id":"1113210150","name":null,"april21":false,"july15":true,"nov2":false},"geometry":{"type":"Point","coordinates":[6.741754880884365,7.792228703463894]}},{"type":"Feature","properties":{"osm_id":"1113210151","name":null,"april21":false,"july15":true,"nov2":false},"geometry":{"type":"Point","coordinates":[6.742327058346489,7.792180520623149]}},{"type":"Feature","properties":{"osm_id":"1113210152","name":null,"april21":false,"july15":true,"nov2":false},"geometry":{"type":"Point","coordinates":[6.741968336365332,7.792233924312763]}},{"type":"Feature","properties":{"osm_id":"1113210153","name":null,"april21":false,"july15":true,"nov2":false},"geometry":{"type":"Point","coordinates":[6.741804073712193,7.7923813918858755]}},{"type":"Feature","properties":{"osm_id":"1113210154","name":null,"april21":false,"july15":true,"nov2":false},"geometry":{"type":"Point","coordinates":[6.743894469916778,7.792765893550331]}},{"type":"Feature","properties":{"osm_id":"1113210155","name":null,"april21":false,"july15":true,"nov2":false},"geometry":{"type":"Point","coordinates":[6.743358602818876,7.791627768032517]}},{"type":"Feature","properties":{"osm_id":"1113210156","name":null,"april21":false,"july15":true,"nov2":false},"geometry":{"type":"Point","coordinates":[6.7433577999975105,7.792638599999805]}},{"type":"Feature","properties":{"osm_id":"1113210157","name":null,"april21":false,"july15":true,"nov2":false},"geometry":{"type":"Point","coordinates":[6.744078149994189,7.794780199999031]}},{"type":"Feature","properties":{"osm_id":"1113210158","name":null,"april21":false,"july15":true,"nov2":false},"geometry":{"type":"Point","coordinates":[6.744094581757523,7.794570501768574]}},{"type":"Feature","properties":{"osm_id":"1113248426","name":null,"april21":false,"july15":true,"nov2":false},"geometry":{"type":"Point","coordinates":[6.739584199998689,7.799781750003452]}},{"type":"Feature","properties":{"osm_id":"1113248463","name":null,"april21":false,"july15":true,"nov2":false},"geometry":{"type":"Point","coordinates":[6.743498734018588,7.803975617111715]}},{"type":"Feature","properties":{"osm_id":"1113248464","name":null,"april21":false,"july15":true,"nov2":false},"geometry":{"type":"Point","coordinates":[6.745012330718718,7.803969204685276]}},{"type":"Feature","properties":{"osm_id":"1113248468","name":null,"april21":false,"july15":true,"nov2":false},"geometry":{"type":"Point","coordinates":[6.745041262014491,7.800492374439602]}},{"type":"Feature","properties":{"osm_id":"1113248469","name":null,"april21":false,"july15":true,"nov2":false},"geometry":{"type":"Point","coordinates":[6.744667521700238,7.798571888118525]}},{"type":"Feature","properties":{"osm_id":"1113248470","name":null,"april21":false,"july15":true,"nov2":false},"geometry":{"type":"Point","coordinates":[6.744771949999027,7.798555349998325]}},{"type":"Feature","properties":{"osm_id":"1113248471","name":null,"april21":false,"july15":true,"nov2":false},"geometry":{"type":"Point","coordinates":[6.744125449997339,7.798716199994507]}},{"type":"Feature","properties":{"osm_id":"1113248472","name":null,"april21":false,"july15":true,"nov2":false},"geometry":{"type":"Point","coordinates":[6.744285149999203,7.798994049999122]}},{"type":"Feature","properties":{"osm_id":"1113248473","name":null,"april21":false,"july15":true,"nov2":false},"geometry":{"type":"Point","coordinates":[6.743629676041878,7.799718709857068]}},{"type":"Feature","properties":{"osm_id":"1113248474","name":null,"april21":false,"july15":true,"nov2":false},"geometry":{"type":"Point","coordinates":[6.743554155886857,7.799720424300784]}},{"type":"Feature","properties":{"osm_id":"1113248475","name":null,"april21":false,"july15":true,"nov2":false},"geometry":{"type":"Point","coordinates":[6.743641636544497,7.8001307665180075]}},{"type":"Feature","properties":{"osm_id":"1113248477","name":null,"april21":false,"july15":true,"nov2":false},"geometry":{"type":"Point","coordinates":[6.741314171716766,7.800095294016543]}},{"type":"Feature","properties":{"osm_id":"1113248478","name":null,"april21":false,"july15":true,"nov2":false},"geometry":{"type":"Point","coordinates":[6.741183723803348,7.800187635936148]}},{"type":"Feature","properties":{"osm_id":"1113248479","name":null,"april21":false,"july15":true,"nov2":false},"geometry":{"type":"Point","coordinates":[6.740886317659083,7.799737487603095]}},{"type":"Feature","properties":{"osm_id":"1113248480","name":null,"april21":false,"july15":true,"nov2":false},"geometry":{"type":"Point","coordinates":[6.740700055409364,7.799743012636253]}},{"type":"Feature","properties":{"osm_id":"1113248481","name":null,"april21":false,"july15":true,"nov2":false},"geometry":{"type":"Point","coordinates":[6.74309613672728,7.798485526088496]}},{"type":"Feature","properties":{"osm_id":"1113248486","name":null,"april21":false,"july15":true,"nov2":false},"geometry":{"type":"Point","coordinates":[6.742727349998005,7.7983990500055365]}},{"type":"Feature","properties":{"osm_id":"1113248487","name":null,"april21":false,"july15":true,"nov2":false},"geometry":{"type":"Point","coordinates":[6.742904799997247,7.798388550007389]}},{"type":"Feature","properties":{"osm_id":"1113248488","name":null,"april21":false,"july15":true,"nov2":false},"geometry":{"type":"Point","coordinates":[6.743106470902912,7.798389423169866]}},{"type":"Feature","properties":{"osm_id":"1113248489","name":null,"april21":false,"july15":true,"nov2":false},"geometry":{"type":"Point","coordinates":[6.742934262924833,7.798251924453288]}},{"type":"Feature","properties":{"osm_id":"1113248490","name":null,"april21":false,"july15":true,"nov2":false},"geometry":{"type":"Point","coordinates":[6.742670030230491,7.798047196178853]}},{"type":"Feature","properties":{"osm_id":"1113248492","name":null,"april21":false,"july15":true,"nov2":false},"geometry":{"type":"Point","coordinates":[6.742336826753965,7.798440953204381]}},{"type":"Feature","properties":{"osm_id":"1113248493","name":null,"april21":false,"july15":true,"nov2":false},"geometry":{"type":"Point","coordinates":[6.7414755365904115,7.798509103780431]}},{"type":"Feature","properties":{"osm_id":"1113248495","name":null,"april21":false,"july15":true,"nov2":false},"geometry":{"type":"Point","coordinates":[6.741686886090299,7.798244080438214]}},{"type":"Feature","properties":{"osm_id":"1113248496","name":null,"april21":false,"july15":true,"nov2":false},"geometry":{"type":"Point","coordinates":[6.741765245263172,7.7981678770544915]}},{"type":"Feature","properties":{"osm_id":"1113248497","name":null,"april21":false,"july15":true,"nov2":false},"geometry":{"type":"Point","coordinates":[6.741685749999752,7.798382150000473]}},{"type":"Feature","properties":{"osm_id":"1113248498","name":null,"april21":false,"july15":true,"nov2":false},"geometry":{"type":"Point","coordinates":[6.741112460330208,7.798305542779815]}},{"type":"Feature","properties":{"osm_id":"1113248499","name":null,"april21":false,"july15":true,"nov2":false},"geometry":{"type":"Point","coordinates":[6.740511499997536,7.798322850006341]}},{"type":"Feature","properties":{"osm_id":"1113248500","name":null,"april21":false,"july15":true,"nov2":false},"geometry":{"type":"Point","coordinates":[6.7396637999995335,7.79849800000094]}},{"type":"Feature","properties":{"osm_id":"1113248501","name":null,"april21":false,"july15":true,"nov2":false},"geometry":{"type":"Point","coordinates":[6.739515099996727,7.798447850010319]}},{"type":"Feature","properties":{"osm_id":"1113248502","name":null,"april21":false,"july15":true,"nov2":false},"geometry":{"type":"Point","coordinates":[6.739365149999716,7.798532999998889]}},{"type":"Feature","properties":{"osm_id":"1113248503","name":null,"april21":false,"july15":true,"nov2":false},"geometry":{"type":"Point","coordinates":[6.739229349999797,7.7985477000019126]}},{"type":"Feature","properties":{"osm_id":"1113248504","name":null,"april21":false,"july15":true,"nov2":false},"geometry":{"type":"Point","coordinates":[6.735683564020383,7.798100052872105]}},{"type":"Feature","properties":{"osm_id":"1113248505","name":null,"april21":false,"july15":true,"nov2":false},"geometry":{"type":"Point","coordinates":[6.735401396687645,7.798201280527768]}},{"type":"Feature","properties":{"osm_id":"1113248506","name":null,"april21":false,"july15":true,"nov2":false},"geometry":{"type":"Point","coordinates":[6.73532814999974,7.798297750000282]}},{"type":"Feature","properties":{"osm_id":"1113248507","name":null,"april21":false,"july15":true,"nov2":false},"geometry":{"type":"Point","coordinates":[6.735245023478703,7.798232861247469]}},{"type":"Feature","properties":{"osm_id":"1113248509","name":null,"april21":false,"july15":true,"nov2":false},"geometry":{"type":"Point","coordinates":[6.736332999999829,7.798235549999936]}},{"type":"Feature","properties":{"osm_id":"1113248510","name":null,"april21":false,"july15":true,"nov2":false},"geometry":{"type":"Point","coordinates":[6.736360700000444,7.798150050002857]}},{"type":"Feature","properties":{"osm_id":"1113248511","name":null,"april21":false,"july15":true,"nov2":false},"geometry":{"type":"Point","coordinates":[6.736193081627793,7.798299803363964]}},{"type":"Feature","properties":{"osm_id":"1113262739","name":null,"april21":false,"july15":true,"nov2":false},"geometry":{"type":"Point","coordinates":[6.7424525500001184,7.790714100003655]}},{"type":"Feature","properties":{"osm_id":"1113262740","name":null,"april21":false,"july15":true,"nov2":false},"geometry":{"type":"Point","coordinates":[6.742298549999535,7.79079730000115]}},{"type":"Feature","properties":{"osm_id":"1113262741","name":null,"april21":false,"july15":true,"nov2":false},"geometry":{"type":"Point","coordinates":[6.742272883172578,7.790861433545375]}},{"type":"Feature","properties":{"osm_id":"1113262742","name":null,"april21":false,"july15":true,"nov2":false},"geometry":{"type":"Point","coordinates":[6.742765722331484,7.7913339444620195]}},{"type":"Feature","properties":{"osm_id":"1113262743","name":null,"april21":false,"july15":true,"nov2":false},"geometry":{"type":"Point","coordinates":[6.742364170990393,7.7915159051101925]}},{"type":"Feature","properties":{"osm_id":"1113262744","name":null,"april21":false,"july15":true,"nov2":false},"geometry":{"type":"Point","coordinates":[6.742221115131457,7.7914848746724985]}},{"type":"Feature","properties":{"osm_id":"1113262745","name":null,"april21":false,"july15":true,"nov2":false},"geometry":{"type":"Point","coordinates":[6.742401649996384,7.79142044999917]}},{"type":"Feature","properties":{"osm_id":"1113262746","name":null,"april21":false,"july15":true,"nov2":false},"geometry":{"type":"Point","coordinates":[6.742302149997312,7.791436849999854]}},{"type":"Feature","properties":{"osm_id":"1113262747","name":null,"april21":false,"july15":true,"nov2":false},"geometry":{"type":"Point","coordinates":[6.7423124382087085,7.7916119662850525]}},{"type":"Feature","properties":{"osm_id":"1113262748","name":null,"april21":false,"july15":true,"nov2":false},"geometry":{"type":"Point","coordinates":[6.742241249999713,7.791577350000936]}},{"type":"Feature","properties":{"osm_id":"1113262749","name":null,"april21":false,"july15":true,"nov2":false},"geometry":{"type":"Point","coordinates":[6.742337649999962,7.7916680500117055]}},{"type":"Feature","properties":{"osm_id":"1113262750","name":null,"april21":false,"july15":true,"nov2":false},"geometry":{"type":"Point","coordinates":[6.742350314070526,7.791775717400982]}},{"type":"Feature","properties":{"osm_id":"1113262751","name":null,"april21":false,"july15":true,"nov2":false},"geometry":{"type":"Point","coordinates":[6.742552735448025,7.791805432281025]}},{"type":"Feature","properties":{"osm_id":"1113262752","name":null,"april21":false,"july15":true,"nov2":false},"geometry":{"type":"Point","coordinates":[6.742716249999881,7.791777450000473]}},{"type":"Feature","properties":{"osm_id":"1113262753","name":null,"april21":false,"july15":true,"nov2":false},"geometry":{"type":"Point","coordinates":[6.742856849999249,7.7918036500011265]}},{"type":"Feature","properties":{"osm_id":"1113262754","name":null,"april21":false,"july15":true,"nov2":false},"geometry":{"type":"Point","coordinates":[6.74260623233424,7.791882784926672]}},{"type":"Feature","properties":{"osm_id":"1113262757","name":null,"april21":false,"july15":true,"nov2":false},"geometry":{"type":"Point","coordinates":[6.742657524299879,7.792123464025352]}},{"type":"Feature","properties":{"osm_id":"1113262758","name":null,"april21":false,"july15":true,"nov2":false},"geometry":{"type":"Point","coordinates":[6.74251571251475,7.791967378871861]}},{"type":"Feature","properties":{"osm_id":"1113262759","name":null,"april21":false,"july15":true,"nov2":false},"geometry":{"type":"Point","coordinates":[6.742451349999585,7.7918735500015615]}},{"type":"Feature","properties":{"osm_id":"1113262760","name":null,"april21":false,"july15":true,"nov2":false},"geometry":{"type":"Point","coordinates":[6.742707304066794,7.791890469974415]}},{"type":"Feature","properties":{"osm_id":"1113262761","name":null,"april21":false,"july15":true,"nov2":false},"geometry":{"type":"Point","coordinates":[6.742758200000511,7.7920026000022355]}},{"type":"Feature","properties":{"osm_id":"1113262762","name":null,"april21":false,"july15":true,"nov2":false},"geometry":{"type":"Point","coordinates":[6.743498299999785,7.792119500000824]}},{"type":"Feature","properties":{"osm_id":"1113262763","name":null,"april21":false,"july15":true,"nov2":false},"geometry":{"type":"Point","coordinates":[6.743476399999179,7.792033000000581]}},{"type":"Feature","properties":{"osm_id":"1113262764","name":null,"april21":false,"july15":true,"nov2":false},"geometry":{"type":"Point","coordinates":[6.743577480274747,7.79215840629068]}},{"type":"Feature","properties":{"osm_id":"1113262765","name":null,"april21":false,"july15":true,"nov2":false},"geometry":{"type":"Point","coordinates":[6.743513899999837,7.792183550000319]}},{"type":"Feature","properties":{"osm_id":"1113262766","name":null,"april21":false,"july15":true,"nov2":false},"geometry":{"type":"Point","coordinates":[6.743444499999818,7.7922070000006185]}},{"type":"Feature","properties":{"osm_id":"1113262767","name":null,"april21":false,"july15":true,"nov2":false},"geometry":{"type":"Point","coordinates":[6.743371649999139,7.792217750000156]}},{"type":"Feature","properties":{"osm_id":"1113262768","name":null,"april21":false,"july15":true,"nov2":false},"geometry":{"type":"Point","coordinates":[6.743450331113652,7.792322803872829]}},{"type":"Feature","properties":{"osm_id":"1113262769","name":null,"april21":false,"july15":true,"nov2":false},"geometry":{"type":"Point","coordinates":[6.7437246310293935,7.792416656681756]}},{"type":"Feature","properties":{"osm_id":"1113262770","name":null,"april21":false,"july15":true,"nov2":false},"geometry":{"type":"Point","coordinates":[6.743732509525431,7.792518929521067]}},{"type":"Feature","properties":{"osm_id":"1113262771","name":null,"april21":false,"july15":true,"nov2":false},"geometry":{"type":"Point","coordinates":[6.743596581426193,7.792455116665837]}},{"type":"Feature","properties":{"osm_id":"1113262772","name":null,"april21":false,"july15":true,"nov2":false},"geometry":{"type":"Point","coordinates":[6.743610219378344,7.792308040057698]}},{"type":"Feature","properties":{"osm_id":"1113262773","name":null,"april21":false,"july15":true,"nov2":false},"geometry":{"type":"Point","coordinates":[6.743723949998315,7.792060249998605]}},{"type":"Feature","properties":{"osm_id":"1113262774","name":null,"april21":false,"july15":true,"nov2":false},"geometry":{"type":"Point","coordinates":[6.743620074737599,7.7920557829219526]}},{"type":"Feature","properties":{"osm_id":"1113262775","name":null,"april21":false,"july15":true,"nov2":false},"geometry":{"type":"Point","coordinates":[6.743710400000093,7.7919809500018]}},{"type":"Feature","properties":{"osm_id":"1113262776","name":null,"april21":false,"july15":true,"nov2":false},"geometry":{"type":"Point","coordinates":[6.743776449999718,7.791886700000787]}},{"type":"Feature","properties":{"osm_id":"1113262777","name":null,"april21":false,"july15":true,"nov2":false},"geometry":{"type":"Point","coordinates":[6.743682399999526,7.791903899999492]}},{"type":"Feature","properties":{"osm_id":"1113262778","name":null,"april21":false,"july15":true,"nov2":false},"geometry":{"type":"Point","coordinates":[6.743560699999794,7.791817100000915]}},{"type":"Feature","properties":{"osm_id":"1113262779","name":null,"april21":false,"july15":true,"nov2":false},"geometry":{"type":"Point","coordinates":[6.743535249998917,7.79174189999966]}},{"type":"Feature","properties":{"osm_id":"1113262780","name":null,"april21":false,"july15":true,"nov2":false},"geometry":{"type":"Point","coordinates":[6.743524176850626,7.791306903760846]}},{"type":"Feature","properties":{"osm_id":"1113262781","name":null,"april21":false,"july15":true,"nov2":false},"geometry":{"type":"Point","coordinates":[6.743632167054621,7.791310149534477]}},{"type":"Feature","properties":{"osm_id":"1113262782","name":null,"april21":false,"july15":true,"nov2":false},"geometry":{"type":"Point","coordinates":[6.7435328499988545,7.791211700002386]}},{"type":"Feature","properties":{"osm_id":"1113262783","name":null,"april21":false,"july15":true,"nov2":false},"geometry":{"type":"Point","coordinates":[6.743499579835089,7.791098787156622]}},{"type":"Feature","properties":{"osm_id":"1113262784","name":null,"april21":false,"july15":true,"nov2":false},"geometry":{"type":"Point","coordinates":[6.743433256645953,7.791189025095422]}},{"type":"Feature","properties":{"osm_id":"1113262785","name":null,"april21":false,"july15":true,"nov2":false},"geometry":{"type":"Point","coordinates":[6.743430100000239,7.791284449999435]}},{"type":"Feature","properties":{"osm_id":"1113262786","name":null,"april21":false,"july15":true,"nov2":false},"geometry":{"type":"Point","coordinates":[6.7433669744302485,7.791222791913032]}},{"type":"Feature","properties":{"osm_id":"1113262787","name":null,"april21":false,"july15":true,"nov2":false},"geometry":{"type":"Point","coordinates":[6.743312980379563,7.791333553281126]}},{"type":"Feature","properties":{"osm_id":"1113262788","name":null,"april21":false,"july15":true,"nov2":false},"geometry":{"type":"Point","coordinates":[6.743291749998718,7.791253100000578]}},{"type":"Feature","properties":{"osm_id":"1113262789","name":null,"april21":false,"july15":true,"nov2":false},"geometry":{"type":"Point","coordinates":[6.743191499999856,7.791266450001127]}},{"type":"Feature","properties":{"osm_id":"1113262790","name":null,"april21":false,"july15":true,"nov2":false},"geometry":{"type":"Point","coordinates":[6.743230978847535,7.7913365127409495]}},{"type":"Feature","properties":{"osm_id":"1113262791","name":null,"april21":false,"july15":true,"nov2":false},"geometry":{"type":"Point","coordinates":[6.742950018212076,7.791393395828052]}},{"type":"Feature","properties":{"osm_id":"1113262792","name":null,"april21":false,"july15":true,"nov2":false},"geometry":{"type":"Point","coordinates":[6.742963200647252,7.791270211770815]}},{"type":"Feature","properties":{"osm_id":"1113262793","name":null,"april21":false,"july15":true,"nov2":false},"geometry":{"type":"Point","coordinates":[6.742778299999118,7.791420550000693]}},{"type":"Feature","properties":{"osm_id":"1113262794","name":null,"april21":false,"july15":true,"nov2":false},"geometry":{"type":"Point","coordinates":[6.742793099995918,7.791538599998493]}},{"type":"Feature","properties":{"osm_id":"1113262795","name":null,"april21":false,"july15":true,"nov2":false},"geometry":{"type":"Point","coordinates":[6.742716449070156,7.791641216640107]}},{"type":"Feature","properties":{"osm_id":"1113262796","name":null,"april21":false,"july15":true,"nov2":false},"geometry":{"type":"Point","coordinates":[6.742873768562815,7.79162149306713]}},{"type":"Feature","properties":{"osm_id":"1113262797","name":null,"april21":false,"july15":true,"nov2":false},"geometry":{"type":"Point","coordinates":[6.743023290885651,7.791711930360558]}},{"type":"Feature","properties":{"osm_id":"1113262798","name":null,"april21":false,"july15":true,"nov2":false},"geometry":{"type":"Point","coordinates":[6.743097199996521,7.791689799998597]}},{"type":"Feature","properties":{"osm_id":"1113262799","name":null,"april21":false,"july15":true,"nov2":false},"geometry":{"type":"Point","coordinates":[6.74318280478305,7.791732555244624]}},{"type":"Feature","properties":{"osm_id":"1113262800","name":null,"april21":false,"july15":true,"nov2":false},"geometry":{"type":"Point","coordinates":[6.743514549999317,7.79190900000486]}},{"type":"Feature","properties":{"osm_id":"1113262801","name":null,"april21":false,"july15":true,"nov2":false},"geometry":{"type":"Point","coordinates":[6.743389121108707,7.791934142163366]}},{"type":"Feature","properties":{"osm_id":"1113262802","name":null,"april21":false,"july15":true,"nov2":false},"geometry":{"type":"Point","coordinates":[6.743241426935725,7.791878133668001]}},{"type":"Feature","properties":{"osm_id":"1113262807","name":null,"april21":false,"july15":true,"nov2":false},"geometry":{"type":"Point","coordinates":[6.741660563334598,7.792416957205426]}},{"type":"Feature","properties":{"osm_id":"1113262808","name":null,"april21":false,"july15":true,"nov2":false},"geometry":{"type":"Point","coordinates":[6.741457694696647,7.792592877012482]}},{"type":"Feature","properties":{"osm_id":"1113262809","name":null,"april21":false,"july15":true,"nov2":false},"geometry":{"type":"Point","coordinates":[6.7415055680578595,7.792588488309462]}},{"type":"Feature","properties":{"osm_id":"1113262810","name":null,"april21":false,"july15":true,"nov2":false},"geometry":{"type":"Point","coordinates":[6.74148602548519,7.792523213617741]}},{"type":"Feature","properties":{"osm_id":"1113262811","name":null,"april21":false,"july15":true,"nov2":false},"geometry":{"type":"Point","coordinates":[6.741122599155003,7.792937982069442]}},{"type":"Feature","properties":{"osm_id":"1113262812","name":null,"april21":false,"july15":true,"nov2":false},"geometry":{"type":"Point","coordinates":[6.7410698960855315,7.7929327299527875]}},{"type":"Feature","properties":{"osm_id":"1113262813","name":null,"april21":false,"july15":true,"nov2":false},"geometry":{"type":"Point","coordinates":[6.741171528968111,7.793313766305326]}},{"type":"Feature","properties":{"osm_id":"1113262814","name":null,"april21":false,"july15":true,"nov2":false},"geometry":{"type":"Point","coordinates":[6.741101505973344,7.793352622740287]}},{"type":"Feature","properties":{"osm_id":"1113262815","name":null,"april21":false,"july15":true,"nov2":false},"geometry":{"type":"Point","coordinates":[6.7412912499988735,7.7933116000049925]}},{"type":"Feature","properties":{"osm_id":"1113262852","name":null,"april21":false,"july15":true,"nov2":false},"geometry":{"type":"Point","coordinates":[6.74187069999945,7.795236050000471]}},{"type":"Feature","properties":{"osm_id":"1113262853","name":null,"april21":false,"july15":true,"nov2":false},"geometry":{"type":"Point","coordinates":[6.741989141553056,7.795368275302548]}},{"type":"Feature","properties":{"osm_id":"1113262856","name":null,"april21":false,"july15":true,"nov2":false},"geometry":{"type":"Point","coordinates":[6.741851543741063,7.795461115366196]}},{"type":"Feature","properties":{"osm_id":"1113262857","name":null,"april21":false,"july15":true,"nov2":false},"geometry":{"type":"Point","coordinates":[6.741778599996705,7.795524550002068]}},{"type":"Feature","properties":{"osm_id":"1113262858","name":null,"april21":false,"july15":true,"nov2":false},"geometry":{"type":"Point","coordinates":[6.741657038815488,7.7953960357207785]}},{"type":"Feature","properties":{"osm_id":"1113262872","name":null,"april21":false,"july15":true,"nov2":false},"geometry":{"type":"Point","coordinates":[6.7347567471359255,7.795399566693057]}},{"type":"Feature","properties":{"osm_id":"1113262873","name":null,"april21":false,"july15":true,"nov2":false},"geometry":{"type":"Point","coordinates":[6.734684099999261,7.795459750002532]}},{"type":"Feature","properties":{"osm_id":"1113262874","name":null,"april21":false,"july15":true,"nov2":false},"geometry":{"type":"Point","coordinates":[6.7345878499985306,7.796221150001143]}},{"type":"Feature","properties":{"osm_id":"1113262875","name":null,"april21":false,"july15":true,"nov2":false},"geometry":{"type":"Point","coordinates":[6.7350075834681675,7.796290188277079]}},{"type":"Feature","properties":{"osm_id":"1113262877","name":null,"april21":false,"july15":true,"nov2":false},"geometry":{"type":"Point","coordinates":[6.734912072328112,7.797204604276863]}},{"type":"Feature","properties":{"osm_id":"1113262878","name":null,"april21":false,"july15":true,"nov2":false},"geometry":{"type":"Point","coordinates":[6.735151284227853,7.797740071625807]}},{"type":"Feature","properties":{"osm_id":"1113262879","name":null,"april21":false,"july15":true,"nov2":false},"geometry":{"type":"Point","coordinates":[6.7347145425146175,7.797700152273892]}},{"type":"Feature","properties":{"osm_id":"1113262880","name":null,"april21":false,"july15":true,"nov2":false},"geometry":{"type":"Point","coordinates":[6.734852450000042,7.7978662999999955]}},{"type":"Feature","properties":{"osm_id":"1113262884","name":null,"april21":false,"july15":true,"nov2":false},"geometry":{"type":"Point","coordinates":[6.734995115873368,7.797974332189945]}},{"type":"Feature","properties":{"osm_id":"1113262887","name":null,"april21":false,"july15":true,"nov2":false},"geometry":{"type":"Point","coordinates":[6.735934624558883,7.795987395960056]}},{"type":"Feature","properties":{"osm_id":"1113262888","name":null,"april21":false,"july15":true,"nov2":false},"geometry":{"type":"Point","coordinates":[6.735757226115813,7.79611468705475]}},{"type":"Feature","properties":{"osm_id":"1113262889","name":null,"april21":false,"july15":true,"nov2":false},"geometry":{"type":"Point","coordinates":[6.7362624879505235,7.796216524086399]}},{"type":"Feature","properties":{"osm_id":"1113262890","name":null,"april21":false,"july15":true,"nov2":false},"geometry":{"type":"Point","coordinates":[6.736483440344723,7.796192771940343]}},{"type":"Feature","properties":{"osm_id":"1113262891","name":null,"april21":false,"july15":true,"nov2":false},"geometry":{"type":"Point","coordinates":[6.736987249999934,7.795229199999936]}},{"type":"Feature","properties":{"osm_id":"1113262892","name":null,"april21":false,"july15":true,"nov2":false},"geometry":{"type":"Point","coordinates":[6.73692749226644,7.795223025193135]}},{"type":"Feature","properties":{"osm_id":"1113262893","name":null,"april21":false,"july15":true,"nov2":false},"geometry":{"type":"Point","coordinates":[6.736753296196947,7.795132623895093]}},{"type":"Feature","properties":{"osm_id":"1113262894","name":null,"april21":false,"july15":true,"nov2":false},"geometry":{"type":"Point","coordinates":[6.736937000000319,7.795003449999062]}},{"type":"Feature","properties":{"osm_id":"1113262895","name":null,"april21":false,"july15":true,"nov2":false},"geometry":{"type":"Point","coordinates":[6.736858775225638,7.795060183360414]}},{"type":"Feature","properties":{"osm_id":"1113262896","name":null,"april21":false,"july15":true,"nov2":false},"geometry":{"type":"Point","coordinates":[6.73790614999728,7.794761849999075]}},{"type":"Feature","properties":{"osm_id":"1113262897","name":null,"april21":false,"july15":true,"nov2":false},"geometry":{"type":"Point","coordinates":[6.738100932043561,7.794598014201138]}},{"type":"Feature","properties":{"osm_id":"1113262898","name":null,"april21":false,"july15":true,"nov2":false},"geometry":{"type":"Point","coordinates":[6.737996329159012,7.794648240318171]}},{"type":"Feature","properties":{"osm_id":"1113262899","name":null,"april21":false,"july15":true,"nov2":false},"geometry":{"type":"Point","coordinates":[6.737858549999544,7.794490900003484]}},{"type":"Feature","properties":{"osm_id":"1113262900","name":null,"april21":false,"july15":true,"nov2":false},"geometry":{"type":"Point","coordinates":[6.7377931800277855,7.79462381256515]}},{"type":"Feature","properties":{"osm_id":"1113262901","name":null,"april21":false,"july15":true,"nov2":false},"geometry":{"type":"Point","coordinates":[6.7379820653713605,7.794445170879444]}},{"type":"Feature","properties":{"osm_id":"1113262902","name":null,"april21":false,"july15":true,"nov2":false},"geometry":{"type":"Point","coordinates":[6.737654469845132,7.794322746779136]}},{"type":"Feature","properties":{"osm_id":"1113262903","name":null,"april21":false,"july15":true,"nov2":false},"geometry":{"type":"Point","coordinates":[6.737684046916781,7.7944114803018]}},{"type":"Feature","properties":{"osm_id":"1113262904","name":null,"april21":false,"july15":true,"nov2":false},"geometry":{"type":"Point","coordinates":[6.737944349999555,7.794246300001112]}},{"type":"Feature","properties":{"osm_id":"1113262905","name":null,"april21":false,"july15":true,"nov2":false},"geometry":{"type":"Point","coordinates":[6.735158477801563,7.793707144806329]}},{"type":"Feature","properties":{"osm_id":"1113262906","name":null,"april21":false,"july15":true,"nov2":false},"geometry":{"type":"Point","coordinates":[6.735380658981239,7.793720178491361]}},{"type":"Feature","properties":{"osm_id":"1113262907","name":null,"april21":false,"july15":true,"nov2":false},"geometry":{"type":"Point","coordinates":[6.735585163498088,7.793767579110421]}},{"type":"Feature","properties":{"osm_id":"1113262908","name":null,"april21":false,"july15":true,"nov2":false},"geometry":{"type":"Point","coordinates":[6.7357163000023865,7.793791649999547]}},{"type":"Feature","properties":{"osm_id":"1113262913","name":null,"april21":false,"july15":true,"nov2":false},"geometry":{"type":"Point","coordinates":[6.735596149998856,7.7942685500016]}},{"type":"Feature","properties":{"osm_id":"1113262914","name":null,"april21":false,"july15":true,"nov2":false},"geometry":{"type":"Point","coordinates":[6.735610800004209,7.794093499999439]}},{"type":"Feature","properties":{"osm_id":"1113262915","name":null,"april21":false,"july15":true,"nov2":false},"geometry":{"type":"Point","coordinates":[6.735488202893253,7.794043625891497]}},{"type":"Feature","properties":{"osm_id":"1113262916","name":null,"april21":false,"july15":true,"nov2":false},"geometry":{"type":"Point","coordinates":[6.735347050000844,7.793968399998813]}},{"type":"Feature","properties":{"osm_id":"1113262918","name":null,"april21":false,"july15":true,"nov2":false},"geometry":{"type":"Point","coordinates":[6.735205249996081,7.7940958500055855]}},{"type":"Feature","properties":{"osm_id":"1113262919","name":null,"april21":false,"july15":true,"nov2":false},"geometry":{"type":"Point","coordinates":[6.735198755632129,7.793955027391412]}},{"type":"Feature","properties":{"osm_id":"1113262920","name":null,"april21":false,"july15":true,"nov2":false},"geometry":{"type":"Point","coordinates":[6.735060369318366,7.793988241222621]}},{"type":"Feature","properties":{"osm_id":"1113262922","name":null,"april21":false,"july15":true,"nov2":false},"geometry":{"type":"Point","coordinates":[6.734923499999154,7.7942582000001694]}},{"type":"Feature","properties":{"osm_id":"1113262923","name":null,"april21":false,"july15":true,"nov2":false},"geometry":{"type":"Point","coordinates":[6.734790850000071,7.794089249999368]}},{"type":"Feature","properties":{"osm_id":"1113262924","name":null,"april21":false,"july15":true,"nov2":false},"geometry":{"type":"Point","coordinates":[6.73490217899535,7.793989689745547]}},{"type":"Feature","properties":{"osm_id":"1113262925","name":null,"april21":false,"july15":true,"nov2":false},"geometry":{"type":"Point","coordinates":[6.73463985000328,7.793988699998671]}},{"type":"Feature","properties":{"osm_id":"1113262926","name":null,"april21":false,"july15":true,"nov2":false},"geometry":{"type":"Point","coordinates":[6.7346711590691095,7.79429222571981]}},{"type":"Feature","properties":{"osm_id":"1113262927","name":null,"april21":false,"july15":true,"nov2":false},"geometry":{"type":"Point","coordinates":[6.734744249994464,7.794447300009342]}},{"type":"Feature","properties":{"osm_id":"1113262928","name":null,"april21":false,"july15":true,"nov2":false},"geometry":{"type":"Point","coordinates":[6.734911349999769,7.794531599997918]}},{"type":"Feature","properties":{"osm_id":"1113262929","name":null,"april21":false,"july15":true,"nov2":false},"geometry":{"type":"Point","coordinates":[6.734790572802787,7.794525653982581]}},{"type":"Feature","properties":{"osm_id":"1113262930","name":null,"april21":false,"july15":true,"nov2":false},"geometry":{"type":"Point","coordinates":[6.734713531470319,7.794660776163164]}},{"type":"Feature","properties":{"osm_id":"1113263068","name":null,"april21":false,"july15":true,"nov2":false},"geometry":{"type":"Point","coordinates":[6.741321012786903,7.792755118959197]}},{"type":"Feature","properties":{"osm_id":"1113263069","name":null,"april21":false,"july15":true,"nov2":false},"geometry":{"type":"Point","coordinates":[6.741480558567135,7.792839269254589]}},{"type":"Feature","properties":{"osm_id":"1113263070","name":null,"april21":false,"july15":true,"nov2":false},"geometry":{"type":"Point","coordinates":[6.741223649999058,7.792910299999675]}},{"type":"Feature","properties":{"osm_id":"1113263071","name":null,"april21":false,"july15":true,"nov2":false},"geometry":{"type":"Point","coordinates":[6.741334777107117,7.793053183606388]}},{"type":"Feature","properties":{"osm_id":"1113263072","name":null,"april21":false,"july15":true,"nov2":false},"geometry":{"type":"Point","coordinates":[6.741237940853577,7.793138678752432]}},{"type":"Feature","properties":{"osm_id":"1113263073","name":null,"april21":false,"july15":true,"nov2":false},"geometry":{"type":"Point","coordinates":[6.741135170809771,7.793150581452615]}},{"type":"Feature","properties":{"osm_id":"1113263074","name":null,"april21":false,"july15":true,"nov2":false},"geometry":{"type":"Point","coordinates":[6.741499700003893,7.792984250018489]}},{"type":"Feature","properties":{"osm_id":"1113263075","name":null,"april21":false,"july15":true,"nov2":false},"geometry":{"type":"Point","coordinates":[6.741192518399806,7.792757891194377]}},{"type":"Feature","properties":{"osm_id":"1113263077","name":null,"april21":false,"july15":true,"nov2":false},"geometry":{"type":"Point","coordinates":[6.74115134999973,7.792217950000812]}},{"type":"Feature","properties":{"osm_id":"1113263078","name":null,"april21":false,"july15":true,"nov2":false},"geometry":{"type":"Point","coordinates":[6.741255399999738,7.792175050001852]}},{"type":"Feature","properties":{"osm_id":"1113263079","name":null,"april21":false,"july15":true,"nov2":false},"geometry":{"type":"Point","coordinates":[6.741060833141203,7.79225985075515]}},{"type":"Feature","properties":{"osm_id":"1113263080","name":null,"april21":false,"july15":true,"nov2":false},"geometry":{"type":"Point","coordinates":[6.740956598659293,7.7923413162853095]}},{"type":"Feature","properties":{"osm_id":"1113263081","name":null,"april21":false,"july15":true,"nov2":false},"geometry":{"type":"Point","coordinates":[6.741075499999949,7.792430400000413]}},{"type":"Feature","properties":{"osm_id":"1113263082","name":null,"april21":false,"july15":true,"nov2":false},"geometry":{"type":"Point","coordinates":[6.7410662949007785,7.792531356583388]}},{"type":"Feature","properties":{"osm_id":"1113263083","name":null,"april21":false,"july15":true,"nov2":false},"geometry":{"type":"Point","coordinates":[6.7411972000036,7.792466100005738]}},{"type":"Feature","properties":{"osm_id":"1113263084","name":null,"april21":false,"july15":true,"nov2":false},"geometry":{"type":"Point","coordinates":[6.7414039499999605,7.792566950000829]}},{"type":"Feature","properties":{"osm_id":"1113263085","name":null,"april21":false,"july15":true,"nov2":false},"geometry":{"type":"Point","coordinates":[6.741297730699569,7.792571253572312]}},{"type":"Feature","properties":{"osm_id":"1113263086","name":null,"april21":false,"july15":true,"nov2":false},"geometry":{"type":"Point","coordinates":[6.741408906816577,7.792475768058965]}},{"type":"Feature","properties":{"osm_id":"1113263087","name":null,"april21":false,"july15":true,"nov2":false},"geometry":{"type":"Point","coordinates":[6.741248044595182,7.792310881987295]}},{"type":"Feature","properties":{"osm_id":"1113263088","name":null,"april21":false,"july15":true,"nov2":false},"geometry":{"type":"Point","coordinates":[6.741304850000824,7.792367650002186]}},{"type":"Feature","properties":{"osm_id":"1113263089","name":null,"april21":false,"july15":true,"nov2":false},"geometry":{"type":"Point","coordinates":[6.741389881139658,7.792056357331284]}},{"type":"Feature","properties":{"osm_id":"1113263090","name":null,"april21":false,"july15":true,"nov2":false},"geometry":{"type":"Point","coordinates":[6.741561516630237,7.792032800044866]}},{"type":"Feature","properties":{"osm_id":"1113263091","name":null,"april21":false,"july15":true,"nov2":false},"geometry":{"type":"Point","coordinates":[6.7414774681175205,7.792060197217462]}},{"type":"Feature","properties":{"osm_id":"1113263092","name":null,"april21":false,"july15":true,"nov2":false},"geometry":{"type":"Point","coordinates":[6.741655288313467,7.791915256485813]}},{"type":"Feature","properties":{"osm_id":"1113263093","name":null,"april21":false,"july15":true,"nov2":false},"geometry":{"type":"Point","coordinates":[6.74182155000013,7.791893350000564]}},{"type":"Feature","properties":{"osm_id":"1113263094","name":null,"april21":false,"july15":true,"nov2":false},"geometry":{"type":"Point","coordinates":[6.7419206133199765,7.791949206221466]}},{"type":"Feature","properties":{"osm_id":"1113263095","name":null,"april21":false,"july15":true,"nov2":false},"geometry":{"type":"Point","coordinates":[6.741993599999524,7.791795800001299]}},{"type":"Feature","properties":{"osm_id":"1113263096","name":null,"april21":false,"july15":true,"nov2":false},"geometry":{"type":"Point","coordinates":[6.741890199999281,7.791832800000757]}},{"type":"Feature","properties":{"osm_id":"1113263097","name":null,"april21":false,"july15":true,"nov2":false},"geometry":{"type":"Point","coordinates":[6.7417923999968075,7.791797549998685]}},{"type":"Feature","properties":{"osm_id":"1113263098","name":null,"april21":false,"july15":true,"nov2":false},"geometry":{"type":"Point","coordinates":[6.741569932776366,7.791573651203231]}},{"type":"Feature","properties":{"osm_id":"1113263099","name":null,"april21":false,"july15":true,"nov2":false},"geometry":{"type":"Point","coordinates":[6.741666453433067,7.791615416828212]}},{"type":"Feature","properties":{"osm_id":"1113263100","name":null,"april21":false,"july15":true,"nov2":false},"geometry":{"type":"Point","coordinates":[6.741600345948762,7.7916737829081795]}},{"type":"Feature","properties":{"osm_id":"1113263101","name":null,"april21":false,"july15":true,"nov2":false},"geometry":{"type":"Point","coordinates":[6.741487944511143,7.791665361283778]}},{"type":"Feature","properties":{"osm_id":"1113263102","name":null,"april21":false,"july15":true,"nov2":false},"geometry":{"type":"Point","coordinates":[6.741387650000263,7.791689900000435]}},{"type":"Feature","properties":{"osm_id":"1113263103","name":null,"april21":false,"july15":true,"nov2":false},"geometry":{"type":"Point","coordinates":[6.74132838186594,7.7916140899003254]}},{"type":"Feature","properties":{"osm_id":"1113263104","name":null,"april21":false,"july15":true,"nov2":false},"geometry":{"type":"Point","coordinates":[6.7412792000005,7.7917172500017005]}},{"type":"Feature","properties":{"osm_id":"1113263105","name":null,"april21":false,"july15":true,"nov2":false},"geometry":{"type":"Point","coordinates":[6.7413383999986305,7.7918261500011]}},{"type":"Feature","properties":{"osm_id":"1113263106","name":null,"april21":false,"july15":true,"nov2":false},"geometry":{"type":"Point","coordinates":[6.741123217891047,7.791846934821661]}},{"type":"Feature","properties":{"osm_id":"1113263109","name":null,"april21":false,"july15":true,"nov2":false},"geometry":{"type":"Point","coordinates":[6.741052749999641,7.791924450000687]}},{"type":"Feature","properties":{"osm_id":"1113435736","name":null,"april21":false,"july15":true,"nov2":false},"geometry":{"type":"Point","coordinates":[6.743323719816279,7.793593279503074]}},{"type":"Feature","properties":{"osm_id":"1113435737","name":null,"april21":false,"july15":true,"nov2":false},"geometry":{"type":"Point","coordinates":[6.743211499999123,7.79271430000632]}},{"type":"Feature","properties":{"osm_id":"1113435740","name":null,"april21":false,"july15":true,"nov2":false},"geometry":{"type":"Point","coordinates":[6.743123438275125,7.793562328992276]}},{"type":"Feature","properties":{"osm_id":"1113435741","name":null,"april21":false,"july15":true,"nov2":false},"geometry":{"type":"Point","coordinates":[6.743106339532213,7.793486380610449]}},{"type":"Feature","properties":{"osm_id":"1113435742","name":null,"april21":false,"july15":true,"nov2":false},"geometry":{"type":"Point","coordinates":[6.743045399999542,7.7934097500063455]}},{"type":"Feature","properties":{"osm_id":"1113435743","name":null,"april21":false,"july15":true,"nov2":false},"geometry":{"type":"Point","coordinates":[6.742976321988046,7.793129385823299]}},{"type":"Feature","properties":{"osm_id":"1113435744","name":null,"april21":false,"july15":true,"nov2":false},"geometry":{"type":"Point","coordinates":[6.743065902819729,7.793112321358886]}},{"type":"Feature","properties":{"osm_id":"1113435745","name":null,"april21":false,"july15":true,"nov2":false},"geometry":{"type":"Point","coordinates":[6.742545069670749,7.793755898385861]}},{"type":"Feature","properties":{"osm_id":"1113435746","name":null,"april21":false,"july15":true,"nov2":false},"geometry":{"type":"Point","coordinates":[6.741194549998885,7.795928700002207]}},{"type":"Feature","properties":{"osm_id":"1113435747","name":null,"april21":false,"july15":true,"nov2":false},"geometry":{"type":"Point","coordinates":[6.74133853141887,7.795917235706042]}},{"type":"Feature","properties":{"osm_id":"1113435748","name":"Heritage Interiors","april21":false,"july15":true,"nov2":false},"geometry":{"type":"Point","coordinates":[6.741230799994251,7.795805100011969]}},{"type":"Feature","properties":{"osm_id":"1113435749","name":null,"april21":false,"july15":true,"nov2":false},"geometry":{"type":"Point","coordinates":[6.738514099999451,7.79636420000315]}},{"type":"Feature","properties":{"osm_id":"1113435750","name":null,"april21":false,"july15":true,"nov2":false},"geometry":{"type":"Point","coordinates":[6.738707799968094,7.796629499957758]}},{"type":"Feature","properties":{"osm_id":"1113435751","name":null,"april21":false,"july15":true,"nov2":false},"geometry":{"type":"Point","coordinates":[6.738518246787335,7.79573867803409]}},{"type":"Feature","properties":{"osm_id":"1113435754","name":"Sola-Rinde & Twins Electronic Showroom","april21":false,"july15":true,"nov2":false},"geometry":{"type":"Point","coordinates":[6.737570717677302,7.795659183767745]}},{"type":"Feature","properties":{"osm_id":"1113435758","name":null,"april21":false,"july15":true,"nov2":false},"geometry":{"type":"Point","coordinates":[6.743051150007235,7.7964658000104095]}},{"type":"Feature","properties":{"osm_id":"1113435759","name":null,"april21":false,"july15":true,"nov2":false},"geometry":{"type":"Point","coordinates":[6.743271149986929,7.7964302499983384]}},{"type":"Feature","properties":{"osm_id":"1113435760","name":null,"april21":false,"july15":true,"nov2":false},"geometry":{"type":"Point","coordinates":[6.743506250005796,7.796491950006105]}},{"type":"Feature","properties":{"osm_id":"1113435761","name":null,"april21":false,"july15":true,"nov2":false},"geometry":{"type":"Point","coordinates":[6.744406549997262,7.796543550000792]}},{"type":"Feature","properties":{"osm_id":"1113435762","name":null,"april21":false,"july15":true,"nov2":false},"geometry":{"type":"Point","coordinates":[6.74433314999862,7.796429850000651]}},{"type":"Feature","properties":{"osm_id":"1113435763","name":null,"april21":false,"july15":true,"nov2":false},"geometry":{"type":"Point","coordinates":[6.744097099985736,7.796335349996972]}},{"type":"Feature","properties":{"osm_id":"1113435764","name":null,"april21":false,"july15":true,"nov2":false},"geometry":{"type":"Point","coordinates":[6.742624271925168,7.7962687837277365]}},{"type":"Feature","properties":{"osm_id":"1113435765","name":null,"april21":false,"july15":true,"nov2":false},"geometry":{"type":"Point","coordinates":[6.742669400001117,7.795997700005505]}},{"type":"Feature","properties":{"osm_id":"1113435767","name":null,"april21":false,"july15":true,"nov2":false},"geometry":{"type":"Point","coordinates":[6.74524590803729,7.794749367326094]}},{"type":"Feature","properties":{"osm_id":"1113435768","name":null,"april21":false,"july15":true,"nov2":false},"geometry":{"type":"Point","coordinates":[6.74535235000119,7.794546100003416]}},{"type":"Feature","properties":{"osm_id":"1113435769","name":null,"april21":false,"july15":true,"nov2":false},"geometry":{"type":"Point","coordinates":[6.745553349997726,7.794579900000118]}},{"type":"Feature","properties":{"osm_id":"1113435771","name":null,"april21":false,"july15":true,"nov2":false},"geometry":{"type":"Point","coordinates":[6.743851450005609,7.7943732000025925]}},{"type":"Feature","properties":{"osm_id":"1113435774","name":null,"april21":false,"july15":true,"nov2":false},"geometry":{"type":"Point","coordinates":[6.7450693349153585,7.79462382537359]}},{"type":"Feature","properties":{"osm_id":"1113435780","name":null,"april21":false,"july15":true,"nov2":false},"geometry":{"type":"Point","coordinates":[6.744115699999546,7.794411750000683]}},{"type":"Feature","properties":{"osm_id":"1113435781","name":null,"april21":false,"july15":true,"nov2":false},"geometry":{"type":"Point","coordinates":[6.743981249995727,7.7943951000002]}},{"type":"Feature","properties":{"osm_id":"1113435783","name":null,"april21":false,"july15":true,"nov2":false},"geometry":{"type":"Point","coordinates":[6.744258900010618,7.7938987000060775]}},{"type":"Feature","properties":{"osm_id":"1113435784","name":null,"april21":false,"july15":true,"nov2":false},"geometry":{"type":"Point","coordinates":[6.744425150003904,7.794126800010565]}},{"type":"Feature","properties":{"osm_id":"1113435785","name":null,"april21":false,"july15":true,"nov2":false},"geometry":{"type":"Point","coordinates":[6.744599756738766,7.7942302595714805]}},{"type":"Feature","properties":{"osm_id":"1113435786","name":null,"april21":false,"july15":true,"nov2":false},"geometry":{"type":"Point","coordinates":[6.7440500843766085,7.794306297129743]}},{"type":"Feature","properties":{"osm_id":"1113435792","name":null,"april21":false,"july15":true,"nov2":false},"geometry":{"type":"Point","coordinates":[6.743430299998446,7.794607200000815]}},{"type":"Feature","properties":{"osm_id":"1113435793","name":null,"april21":false,"july15":true,"nov2":false},"geometry":{"type":"Point","coordinates":[6.743215252674044,7.794654083595675]}},{"type":"Feature","properties":{"osm_id":"1113435794","name":null,"april21":false,"july15":true,"nov2":false},"geometry":{"type":"Point","coordinates":[6.743728100005727,7.794984950008965]}},{"type":"Feature","properties":{"osm_id":"1113435795","name":null,"april21":false,"july15":true,"nov2":false},"geometry":{"type":"Point","coordinates":[6.744258621086158,7.7916337959882815]}},{"type":"Feature","properties":{"osm_id":"1113435796","name":null,"april21":false,"july15":true,"nov2":false},"geometry":{"type":"Point","coordinates":[6.744360699999524,7.791622350000017]}},{"type":"Feature","properties":{"osm_id":"1113435797","name":null,"april21":false,"july15":true,"nov2":false},"geometry":{"type":"Point","coordinates":[6.74483925968156,7.792149475891288]}},{"type":"Feature","properties":{"osm_id":"1113435798","name":null,"april21":false,"july15":true,"nov2":false},"geometry":{"type":"Point","coordinates":[6.7447873481287735,7.792026780787412]}},{"type":"Feature","properties":{"osm_id":"1113435799","name":null,"april21":false,"july15":true,"nov2":false},"geometry":{"type":"Point","coordinates":[6.74449063662819,7.792000778089437]}},{"type":"Feature","properties":{"osm_id":"1113435801","name":null,"april21":false,"july15":true,"nov2":false},"geometry":{"type":"Point","coordinates":[6.743994447040018,7.791246481379728]}},{"type":"Feature","properties":{"osm_id":"1113435802","name":null,"april21":false,"july15":true,"nov2":false},"geometry":{"type":"Point","coordinates":[6.744386974666414,7.790852731569881]}},{"type":"Feature","properties":{"osm_id":"1113435803","name":null,"april21":false,"july15":true,"nov2":false},"geometry":{"type":"Point","coordinates":[6.744321649998945,7.790987499999799]}},{"type":"Feature","properties":{"osm_id":"1113435804","name":null,"april21":false,"july15":true,"nov2":false},"geometry":{"type":"Point","coordinates":[6.744252050000316,7.791017700000919]}},{"type":"Feature","properties":{"osm_id":"1113435805","name":null,"april21":false,"july15":true,"nov2":false},"geometry":{"type":"Point","coordinates":[6.7444054999971526,7.790717199998673]}},{"type":"Feature","properties":{"osm_id":"1113435806","name":null,"april21":false,"july15":true,"nov2":false},"geometry":{"type":"Point","coordinates":[6.744304583505509,7.790682409597829]}},{"type":"Feature","properties":{"osm_id":"1113435807","name":null,"april21":false,"july15":true,"nov2":false},"geometry":{"type":"Point","coordinates":[6.744146431815178,7.790641954127031]}},{"type":"Feature","properties":{"osm_id":"1113435808","name":null,"april21":false,"july15":true,"nov2":false},"geometry":{"type":"Point","coordinates":[6.743967895730427,7.789768429136504]}},{"type":"Feature","properties":{"osm_id":"1113435811","name":null,"april21":false,"july15":true,"nov2":false},"geometry":{"type":"Point","coordinates":[6.743875409213561,7.789804927244542]}},{"type":"Feature","properties":{"osm_id":"1113435812","name":null,"april21":false,"july15":true,"nov2":false},"geometry":{"type":"Point","coordinates":[6.743738249994443,7.789921449996972]}},{"type":"Feature","properties":{"osm_id":"1113435813","name":null,"april21":false,"july15":true,"nov2":false},"geometry":{"type":"Point","coordinates":[6.739966256360657,7.794207821247415]}},{"type":"Feature","properties":{"osm_id":"1113435814","name":null,"april21":false,"july15":true,"nov2":false},"geometry":{"type":"Point","coordinates":[6.7399035733644475,7.794013588562757]}},{"type":"Feature","properties":{"osm_id":"1113435817","name":null,"april21":false,"july15":true,"nov2":false},"geometry":{"type":"Point","coordinates":[6.7392629294733615,7.793711993923481]}},{"type":"Feature","properties":{"osm_id":"1113435826","name":null,"april21":false,"july15":true,"nov2":false},"geometry":{"type":"Point","coordinates":[6.737729071103938,7.7937871248456805]}},{"type":"Feature","properties":{"osm_id":"1113435829","name":null,"april21":false,"july15":true,"nov2":false},"geometry":{"type":"Point","coordinates":[6.73807962663875,7.793518393308433]}},{"type":"Feature","properties":{"osm_id":"1113435830","name":null,"april21":false,"july15":true,"nov2":false},"geometry":{"type":"Point","coordinates":[6.738095227140348,7.793371196711914]}},{"type":"Feature","properties":{"osm_id":"1113435835","name":null,"april21":false,"july15":true,"nov2":false},"geometry":{"type":"Point","coordinates":[6.74396719999923,7.79351175000115]}},{"type":"Feature","properties":{"osm_id":"1113435836","name":null,"april21":false,"july15":true,"nov2":false},"geometry":{"type":"Point","coordinates":[6.743827549999251,7.793656300001839]}},{"type":"Feature","properties":{"osm_id":"1113435837","name":null,"april21":false,"july15":true,"nov2":false},"geometry":{"type":"Point","coordinates":[6.743941826317509,7.7936311925825486]}},{"type":"Feature","properties":{"osm_id":"1113435838","name":null,"april21":false,"july15":true,"nov2":false},"geometry":{"type":"Point","coordinates":[6.744070026295149,7.793500964895045]}},{"type":"Feature","properties":{"osm_id":"1113435839","name":null,"april21":false,"july15":true,"nov2":false},"geometry":{"type":"Point","coordinates":[6.7441813067772065,7.793641878891382]}},{"type":"Feature","properties":{"osm_id":"1113435840","name":null,"april21":false,"july15":true,"nov2":false},"geometry":{"type":"Point","coordinates":[6.744106556645955,7.793754125225429]}},{"type":"Feature","properties":{"osm_id":"1113435841","name":null,"april21":false,"july15":true,"nov2":false},"geometry":{"type":"Point","coordinates":[6.7440191499992395,7.793789949993022]}},{"type":"Feature","properties":{"osm_id":"1113435842","name":null,"april21":false,"july15":true,"nov2":false},"geometry":{"type":"Point","coordinates":[6.743851621627137,7.79383292667542]}},{"type":"Feature","properties":{"osm_id":"1113435843","name":null,"april21":false,"july15":true,"nov2":false},"geometry":{"type":"Point","coordinates":[6.743738900001581,7.7934859499980496]}},{"type":"Feature","properties":{"osm_id":"1113435844","name":null,"april21":false,"july15":true,"nov2":false},"geometry":{"type":"Point","coordinates":[6.743598558933515,7.793629737561347]}},{"type":"Feature","properties":{"osm_id":"1113435845","name":null,"april21":false,"july15":true,"nov2":false},"geometry":{"type":"Point","coordinates":[6.7436150999993085,7.793804850000984]}},{"type":"Feature","properties":{"osm_id":"1113435846","name":null,"april21":false,"july15":true,"nov2":false},"geometry":{"type":"Point","coordinates":[6.744369000668732,7.7954670670080475]}},{"type":"Feature","properties":{"osm_id":"1113435847","name":null,"april21":false,"july15":true,"nov2":false},"geometry":{"type":"Point","coordinates":[6.744496816890572,7.7958266496778785]}},{"type":"Feature","properties":{"osm_id":"1113435849","name":null,"april21":false,"july15":true,"nov2":false},"geometry":{"type":"Point","coordinates":[6.745036400001577,7.7952657500049884]}},{"type":"Feature","properties":{"osm_id":"1113435852","name":null,"april21":false,"july15":true,"nov2":false},"geometry":{"type":"Point","coordinates":[6.745379142575666,7.795552523743705]}},{"type":"Feature","properties":{"osm_id":"1113435853","name":null,"april21":false,"july15":true,"nov2":false},"geometry":{"type":"Point","coordinates":[6.744316235135678,7.79604378484198]}},{"type":"Feature","properties":{"osm_id":"1113435854","name":null,"april21":false,"july15":true,"nov2":false},"geometry":{"type":"Point","coordinates":[6.744378199998495,7.796134850000638]}},{"type":"Feature","properties":{"osm_id":"1113435855","name":null,"april21":false,"july15":true,"nov2":false},"geometry":{"type":"Point","coordinates":[6.744309249688204,7.796196316516192]}},{"type":"Feature","properties":{"osm_id":"1113435856","name":null,"april21":false,"july15":true,"nov2":false},"geometry":{"type":"Point","coordinates":[6.745023619319024,7.796275545518536]}},{"type":"Feature","properties":{"osm_id":"1113435857","name":null,"april21":false,"july15":true,"nov2":false},"geometry":{"type":"Point","coordinates":[6.7449254539525745,7.796308468707636]}},{"type":"Feature","properties":{"osm_id":"1113435858","name":null,"april21":false,"july15":true,"nov2":false},"geometry":{"type":"Point","coordinates":[6.745122085609948,7.795810774290342]}},{"type":"Feature","properties":{"osm_id":"1113435859","name":null,"april21":false,"july15":true,"nov2":false},"geometry":{"type":"Point","coordinates":[6.745272099997516,7.795926199999459]}},{"type":"Feature","properties":{"osm_id":"1113435860","name":null,"april21":false,"july15":true,"nov2":false},"geometry":{"type":"Point","coordinates":[6.745104822685815,7.796040894191176]}},{"type":"Feature","properties":{"osm_id":"1113435861","name":null,"april21":false,"july15":true,"nov2":false},"geometry":{"type":"Point","coordinates":[6.7451986909166095,7.796385329037193]}},{"type":"Feature","properties":{"osm_id":"1113435862","name":null,"april21":false,"july15":true,"nov2":false},"geometry":{"type":"Point","coordinates":[6.7452973499997775,7.796317600000842]}},{"type":"Feature","properties":{"osm_id":"1113435863","name":null,"april21":false,"july15":true,"nov2":false},"geometry":{"type":"Point","coordinates":[6.744882754858142,7.796188518969385]}},{"type":"Feature","properties":{"osm_id":"1113435864","name":null,"april21":false,"july15":true,"nov2":false},"geometry":{"type":"Point","coordinates":[6.744958431758124,7.796158458599613]}},{"type":"Feature","properties":{"osm_id":"1113435865","name":null,"april21":false,"july15":true,"nov2":false},"geometry":{"type":"Point","coordinates":[6.7449218103084005,7.796071418880372]}},{"type":"Feature","properties":{"osm_id":"1113435866","name":null,"april21":false,"july15":true,"nov2":false},"geometry":{"type":"Point","coordinates":[6.744873049997797,7.795936199999478]}},{"type":"Feature","properties":{"osm_id":"1113435867","name":null,"april21":false,"july15":true,"nov2":false},"geometry":{"type":"Point","coordinates":[6.745031653472747,7.796396334582357]}},{"type":"Feature","properties":{"osm_id":"1113435868","name":null,"april21":false,"july15":true,"nov2":false},"geometry":{"type":"Point","coordinates":[6.744825553669656,7.796364618016626]}},{"type":"Feature","properties":{"osm_id":"1113435869","name":null,"april21":false,"july15":true,"nov2":false},"geometry":{"type":"Point","coordinates":[6.744704132506191,7.796158350706271]}},{"type":"Feature","properties":{"osm_id":"1113435870","name":null,"april21":false,"july15":true,"nov2":false},"geometry":{"type":"Point","coordinates":[6.745237423004709,7.796136894179456]}},{"type":"Feature","properties":{"osm_id":"1113435871","name":null,"april21":false,"july15":true,"nov2":false},"geometry":{"type":"Point","coordinates":[6.74533024999933,7.7964097000005195]}},{"type":"Feature","properties":{"osm_id":"1113435872","name":null,"april21":false,"july15":true,"nov2":false},"geometry":{"type":"Point","coordinates":[6.744020153656081,7.797013117421489]}},{"type":"Feature","properties":{"osm_id":"1113435873","name":null,"april21":false,"july15":true,"nov2":false},"geometry":{"type":"Point","coordinates":[6.744247281203429,7.797040217975747]}},{"type":"Feature","properties":{"osm_id":"1113435874","name":null,"april21":false,"july15":true,"nov2":false},"geometry":{"type":"Point","coordinates":[6.744581050008028,7.796925200036364]}},{"type":"Feature","properties":{"osm_id":"1113435875","name":null,"april21":false,"july15":true,"nov2":false},"geometry":{"type":"Point","coordinates":[6.745027300001696,7.7965511000082905]}},{"type":"Feature","properties":{"osm_id":"1113435876","name":null,"april21":false,"july15":true,"nov2":false},"geometry":{"type":"Point","coordinates":[6.745456527834521,7.7965687073359815]}},{"type":"Feature","properties":{"osm_id":"1113435877","name":null,"april21":false,"july15":true,"nov2":false},"geometry":{"type":"Point","coordinates":[6.745482849999642,7.796767900005942]}},{"type":"Feature","properties":{"osm_id":"1113435878","name":null,"april21":false,"july15":true,"nov2":false},"geometry":{"type":"Point","coordinates":[6.745304802374639,7.796783269083679]}},{"type":"Feature","properties":{"osm_id":"1113435879","name":null,"april21":false,"july15":true,"nov2":false},"geometry":{"type":"Point","coordinates":[6.745339050000653,7.796971400010823]}},{"type":"Feature","properties":{"osm_id":"1113435880","name":null,"april21":false,"july15":true,"nov2":false},"geometry":{"type":"Point","coordinates":[6.745502949999236,7.797832100000996]}},{"type":"Feature","properties":{"osm_id":"1113435881","name":null,"april21":false,"july15":true,"nov2":false},"geometry":{"type":"Point","coordinates":[6.745296699999392,7.79762059999936]}},{"type":"Feature","properties":{"osm_id":"1113435882","name":null,"april21":false,"july15":true,"nov2":false},"geometry":{"type":"Point","coordinates":[6.745214284245037,7.797508031064716]}},{"type":"Feature","properties":{"osm_id":"1113435883","name":null,"april21":false,"july15":true,"nov2":false},"geometry":{"type":"Point","coordinates":[6.745296815047239,7.797830216455043]}},{"type":"Feature","properties":{"osm_id":"1113435884","name":null,"april21":false,"july15":true,"nov2":false},"geometry":{"type":"Point","coordinates":[6.744173949998638,7.797264149997238]}},{"type":"Feature","properties":{"osm_id":"1113435885","name":null,"april21":false,"july15":true,"nov2":false},"geometry":{"type":"Point","coordinates":[6.744062599998488,7.797472849999045]}},{"type":"Feature","properties":{"osm_id":"1113435886","name":null,"april21":false,"july15":true,"nov2":false},"geometry":{"type":"Point","coordinates":[6.744291149998749,7.797250500000941]}},{"type":"Feature","properties":{"osm_id":"1113435887","name":null,"april21":false,"july15":true,"nov2":false},"geometry":{"type":"Point","coordinates":[6.744413249997569,7.797217199994584]}},{"type":"Feature","properties":{"osm_id":"1113435888","name":null,"april21":false,"july15":true,"nov2":false},"geometry":{"type":"Point","coordinates":[6.744955699998526,7.797267799999335]}},{"type":"Feature","properties":{"osm_id":"1113435889","name":null,"april21":false,"july15":true,"nov2":false},"geometry":{"type":"Point","coordinates":[6.744847350000488,7.7972947000056765]}},{"type":"Feature","properties":{"osm_id":"1113435890","name":null,"april21":false,"july15":true,"nov2":false},"geometry":{"type":"Point","coordinates":[6.74495214999976,7.797380650007676]}},{"type":"Feature","properties":{"osm_id":"1113435891","name":null,"april21":false,"july15":true,"nov2":false},"geometry":{"type":"Point","coordinates":[6.745069032402631,7.797641678676824]}},{"type":"Feature","properties":{"osm_id":"1113435892","name":null,"april21":false,"july15":true,"nov2":false},"geometry":{"type":"Point","coordinates":[6.744849516854968,7.797928514592462]}},{"type":"Feature","properties":{"osm_id":"1113435893","name":null,"april21":false,"july15":true,"nov2":false},"geometry":{"type":"Point","coordinates":[6.744612049998404,7.797724699993416]}},{"type":"Feature","properties":{"osm_id":"1113435894","name":null,"april21":false,"july15":true,"nov2":false},"geometry":{"type":"Point","coordinates":[6.744837649996958,7.797677499994883]}},{"type":"Feature","properties":{"osm_id":"1113435895","name":null,"april21":false,"july15":true,"nov2":false},"geometry":{"type":"Point","coordinates":[6.7450722999968455,7.797876349993371]}},{"type":"Feature","properties":{"osm_id":"1113565453","name":null,"april21":false,"july15":true,"nov2":false},"geometry":{"type":"Point","coordinates":[6.7432569789029255,7.781926494385274]}},{"type":"Feature","properties":{"osm_id":"1113565454","name":null,"april21":false,"july15":true,"nov2":false},"geometry":{"type":"Point","coordinates":[6.743235050000197,7.782036750000346]}},{"type":"Feature","properties":{"osm_id":"1114821074","name":null,"april21":false,"july15":true,"nov2":false},"geometry":{"type":"Point","coordinates":[6.742951806071941,7.781444177548059]}},{"type":"Feature","properties":{"osm_id":"1114827061","name":null,"april21":false,"july15":true,"nov2":false},"geometry":{"type":"Point","coordinates":[6.734268274676113,7.793982545969653]}},{"type":"Feature","properties":{"osm_id":"1114827063","name":null,"april21":false,"july15":true,"nov2":false},"geometry":{"type":"Point","coordinates":[6.734373269262677,7.794437052858479]}},{"type":"Feature","properties":{"osm_id":"1114827064","name":null,"april21":false,"july15":true,"nov2":false},"geometry":{"type":"Point","coordinates":[6.734412349997066,7.794545500004496]}},{"type":"Feature","properties":{"osm_id":"1115940721","name":null,"april21":false,"july15":true,"nov2":false},"geometry":{"type":"Point","coordinates":[6.734459900000007,7.796777250000036]}},{"type":"Feature","properties":{"osm_id":"1115940722","name":null,"april21":false,"july15":true,"nov2":false},"geometry":{"type":"Point","coordinates":[6.734382199997778,7.79677270000161]}},{"type":"Feature","properties":{"osm_id":"1115940723","name":null,"april21":false,"july15":true,"nov2":false},"geometry":{"type":"Point","coordinates":[6.734346349999314,7.796821050000686]}},{"type":"Feature","properties":{"osm_id":"1115940724","name":null,"april21":false,"july15":true,"nov2":false},"geometry":{"type":"Point","coordinates":[6.7342484999998895,7.796820700000211]}},{"type":"Feature","properties":{"osm_id":"1115940726","name":null,"april21":false,"july15":true,"nov2":false},"geometry":{"type":"Point","coordinates":[6.734550052339221,7.796572381050519]}},{"type":"Feature","properties":{"osm_id":"1116208188","name":null,"april21":false,"july15":true,"nov2":false},"geometry":{"type":"Point","coordinates":[6.743140149999899,7.794533300000186]}},{"type":"Feature","properties":{"osm_id":"1116208190","name":null,"april21":false,"july15":true,"nov2":false},"geometry":{"type":"Point","coordinates":[6.743334799999999,7.794531400000804]}},{"type":"Feature","properties":{"osm_id":"1116208191","name":null,"april21":false,"july15":true,"nov2":false},"geometry":{"type":"Point","coordinates":[6.743278169623602,7.794592661650717]}},{"type":"Feature","properties":{"osm_id":"1116208192","name":null,"april21":false,"july15":true,"nov2":false},"geometry":{"type":"Point","coordinates":[6.743348631397778,7.794790093366065]}},{"type":"Feature","properties":{"osm_id":"1116208193","name":null,"april21":false,"july15":true,"nov2":false},"geometry":{"type":"Point","coordinates":[6.743184499993721,7.794727750004]}},{"type":"Feature","properties":{"osm_id":"1116208194","name":null,"april21":false,"july15":true,"nov2":false},"geometry":{"type":"Point","coordinates":[6.743041053952872,7.794749410783723]}},{"type":"Feature","properties":{"osm_id":"1116208197","name":null,"april21":false,"july15":true,"nov2":false},"geometry":{"type":"Point","coordinates":[6.743158149988376,7.794800400007656]}},{"type":"Feature","properties":{"osm_id":"1116208202","name":null,"april21":false,"july15":true,"nov2":false},"geometry":{"type":"Point","coordinates":[6.7420838290243195,7.795099328805954]}},{"type":"Feature","properties":{"osm_id":"1116208227","name":null,"april21":false,"july15":true,"nov2":false},"geometry":{"type":"Point","coordinates":[6.743620122133592,7.7927343445723105]}},{"type":"Feature","properties":{"osm_id":"1116208228","name":null,"april21":false,"july15":true,"nov2":false},"geometry":{"type":"Point","coordinates":[6.744120899997321,7.792638549995302]}},{"type":"Feature","properties":{"osm_id":"1116208229","name":null,"april21":false,"july15":true,"nov2":false},"geometry":{"type":"Point","coordinates":[6.7438724499986265,7.792389649999353]}},{"type":"Feature","properties":{"osm_id":"1116208230","name":null,"april21":false,"july15":true,"nov2":false},"geometry":{"type":"Point","coordinates":[6.744042450000081,7.792381300000023]}},{"type":"Feature","properties":{"osm_id":"1116208231","name":null,"april21":false,"july15":true,"nov2":false},"geometry":{"type":"Point","coordinates":[6.7439410201534065,7.792376983209663]}},{"type":"Feature","properties":{"osm_id":"1116208232","name":null,"april21":false,"july15":true,"nov2":false},"geometry":{"type":"Point","coordinates":[6.74380540680451,7.791994901246564]}},{"type":"Feature","properties":{"osm_id":"1116208233","name":null,"april21":false,"july15":true,"nov2":false},"geometry":{"type":"Point","coordinates":[6.744071650000343,7.792084499997292]}},{"type":"Feature","properties":{"osm_id":"1116208234","name":null,"april21":false,"july15":true,"nov2":false},"geometry":{"type":"Point","coordinates":[6.744110573830584,7.791861257905699]}},{"type":"Feature","properties":{"osm_id":"1116208235","name":null,"april21":false,"july15":true,"nov2":false},"geometry":{"type":"Point","coordinates":[6.744093465132435,7.791962282556991]}},{"type":"Feature","properties":{"osm_id":"1116208236","name":null,"april21":false,"july15":true,"nov2":false},"geometry":{"type":"Point","coordinates":[6.743836100000316,7.791799450000726]}},{"type":"Feature","properties":{"osm_id":"1116208237","name":null,"april21":false,"july15":true,"nov2":false},"geometry":{"type":"Point","coordinates":[6.743915649999651,7.791595800000222]}},{"type":"Feature","properties":{"osm_id":"1116208238","name":null,"april21":false,"july15":true,"nov2":false},"geometry":{"type":"Point","coordinates":[6.744034725981728,7.791568306486649]}},{"type":"Feature","properties":{"osm_id":"1116208239","name":null,"april21":false,"july15":true,"nov2":false},"geometry":{"type":"Point","coordinates":[6.743961849999317,7.791702800002919]}},{"type":"Feature","properties":{"osm_id":"1116208240","name":null,"april21":false,"july15":true,"nov2":false},"geometry":{"type":"Point","coordinates":[6.743531781441422,7.791496765599194]}},{"type":"Feature","properties":{"osm_id":"1116208241","name":null,"april21":false,"july15":true,"nov2":false},"geometry":{"type":"Point","coordinates":[6.743745249998743,7.791276749999527]}},{"type":"Feature","properties":{"osm_id":"1116208242","name":null,"april21":false,"july15":true,"nov2":false},"geometry":{"type":"Point","coordinates":[6.7438948680005915,7.791227893490227]}},{"type":"Feature","properties":{"osm_id":"1116208243","name":null,"april21":false,"july15":true,"nov2":false},"geometry":{"type":"Point","coordinates":[6.743712941676681,7.7911505839513975]}},{"type":"Feature","properties":{"osm_id":"1116208244","name":null,"april21":false,"july15":true,"nov2":false},"geometry":{"type":"Point","coordinates":[6.743807284567129,7.791031625619122]}},{"type":"Feature","properties":{"osm_id":"1116208245","name":null,"april21":false,"july15":true,"nov2":false},"geometry":{"type":"Point","coordinates":[6.743226489315829,7.79070377633103]}},{"type":"Feature","properties":{"osm_id":"1116208246","name":null,"april21":false,"july15":true,"nov2":false},"geometry":{"type":"Point","coordinates":[6.743330378003493,7.7906872327859125]}},{"type":"Feature","properties":{"osm_id":"1116208271","name":null,"april21":false,"july15":true,"nov2":false},"geometry":{"type":"Point","coordinates":[6.742251839024985,7.790601469459596]}},{"type":"Feature","properties":{"osm_id":"1116208272","name":null,"april21":false,"july15":true,"nov2":false},"geometry":{"type":"Point","coordinates":[6.742015697081309,7.790707430642198]}},{"type":"Feature","properties":{"osm_id":"1116208274","name":null,"april21":false,"july15":true,"nov2":false},"geometry":{"type":"Point","coordinates":[6.742009849998267,7.791044100001937]}},{"type":"Feature","properties":{"osm_id":"1116208275","name":null,"april21":false,"july15":true,"nov2":false},"geometry":{"type":"Point","coordinates":[6.7418814313576085,7.791272622904413]}},{"type":"Feature","properties":{"osm_id":"1116208276","name":null,"april21":false,"july15":true,"nov2":false},"geometry":{"type":"Point","coordinates":[6.7418282786849835,7.791282768733953]}},{"type":"Feature","properties":{"osm_id":"1116208277","name":null,"april21":false,"july15":true,"nov2":false},"geometry":{"type":"Point","coordinates":[6.741419199999852,7.792118750000266]}},{"type":"Feature","properties":{"osm_id":"1116208278","name":null,"april21":false,"july15":true,"nov2":false},"geometry":{"type":"Point","coordinates":[6.740966364651982,7.792212295482967]}},{"type":"Feature","properties":{"osm_id":"1116208279","name":null,"april21":false,"july15":true,"nov2":false},"geometry":{"type":"Point","coordinates":[6.741605599999416,7.79232025000036]}},{"type":"Feature","properties":{"osm_id":"1116208280","name":null,"april21":false,"july15":true,"nov2":false},"geometry":{"type":"Point","coordinates":[6.741894999994732,7.7923161499957105]}},{"type":"Feature","properties":{"osm_id":"1116208281","name":null,"april21":false,"july15":true,"nov2":false},"geometry":{"type":"Point","coordinates":[6.742566806097533,7.7924233804054]}},{"type":"Feature","properties":{"osm_id":"1116208282","name":null,"april21":false,"july15":true,"nov2":false},"geometry":{"type":"Point","coordinates":[6.742659650000086,7.7923832500016825]}},{"type":"Feature","properties":{"osm_id":"1116208283","name":null,"april21":false,"july15":true,"nov2":false},"geometry":{"type":"Point","coordinates":[6.742846219160606,7.79267279654876]}},{"type":"Feature","properties":{"osm_id":"1116208285","name":null,"april21":false,"july15":true,"nov2":false},"geometry":{"type":"Point","coordinates":[6.742797499999746,7.792504350001423]}},{"type":"Feature","properties":{"osm_id":"1116208286","name":null,"april21":false,"july15":true,"nov2":false},"geometry":{"type":"Point","coordinates":[6.743157968946775,7.7924313829887355]}},{"type":"Feature","properties":{"osm_id":"1116208287","name":null,"april21":false,"july15":true,"nov2":false},"geometry":{"type":"Point","coordinates":[6.743343249993227,7.792467549997748]}},{"type":"Feature","properties":{"osm_id":"1116208288","name":null,"april21":false,"july15":true,"nov2":false},"geometry":{"type":"Point","coordinates":[6.74325838228804,7.79254985143374]}},{"type":"Feature","properties":{"osm_id":"1116208289","name":null,"april21":false,"july15":true,"nov2":false},"geometry":{"type":"Point","coordinates":[6.743421499999686,7.792843050000508]}},{"type":"Feature","properties":{"osm_id":"1116208290","name":null,"april21":false,"july15":true,"nov2":false},"geometry":{"type":"Point","coordinates":[6.7433373999999775,7.792847349999162]}},{"type":"Feature","properties":{"osm_id":"1116208291","name":null,"april21":false,"july15":true,"nov2":false},"geometry":{"type":"Point","coordinates":[6.743171499998729,7.793054999998396]}},{"type":"Feature","properties":{"osm_id":"1116208292","name":null,"april21":false,"july15":true,"nov2":false},"geometry":{"type":"Point","coordinates":[6.743345949999174,7.793026599999763]}},{"type":"Feature","properties":{"osm_id":"1116208293","name":null,"april21":false,"july15":true,"nov2":false},"geometry":{"type":"Point","coordinates":[6.7434464999988135,7.793021149998547]}},{"type":"Feature","properties":{"osm_id":"1116208294","name":null,"april21":false,"july15":true,"nov2":false},"geometry":{"type":"Point","coordinates":[6.743443499999556,7.7931754500012635]}},{"type":"Feature","properties":{"osm_id":"1116208295","name":null,"april21":false,"july15":true,"nov2":false},"geometry":{"type":"Point","coordinates":[6.743334899999524,7.793190650001285]}},{"type":"Feature","properties":{"osm_id":"1116208296","name":null,"april21":false,"july15":true,"nov2":false},"geometry":{"type":"Point","coordinates":[6.743295899996887,7.793128350015336]}},{"type":"Feature","properties":{"osm_id":"1116208297","name":null,"april21":false,"july15":true,"nov2":false},"geometry":{"type":"Point","coordinates":[6.743737650000038,7.793786749999113]}},{"type":"Feature","properties":{"osm_id":"1116208298","name":null,"april21":false,"july15":true,"nov2":false},"geometry":{"type":"Point","coordinates":[6.743742049999803,7.7936089500003565]}},{"type":"Feature","properties":{"osm_id":"1116208299","name":null,"april21":false,"july15":true,"nov2":false},"geometry":{"type":"Point","coordinates":[6.74371749757575,7.793689824963268]}},{"type":"Feature","properties":{"osm_id":"1116208300","name":null,"april21":false,"july15":true,"nov2":false},"geometry":{"type":"Point","coordinates":[6.743928049999512,7.7937229000014545]}},{"type":"Feature","properties":{"osm_id":"1116208301","name":null,"april21":false,"july15":true,"nov2":false},"geometry":{"type":"Point","coordinates":[6.743953300000602,7.793858599990669]}},{"type":"Feature","properties":{"osm_id":"1116208302","name":null,"april21":false,"july15":true,"nov2":false},"geometry":{"type":"Point","coordinates":[6.744130562418412,7.794021262945644]}},{"type":"Feature","properties":{"osm_id":"1116208303","name":null,"april21":false,"july15":true,"nov2":false},"geometry":{"type":"Point","coordinates":[6.744189315869899,7.7940813946395435]}},{"type":"Feature","properties":{"osm_id":"1116208304","name":null,"april21":false,"july15":true,"nov2":false},"geometry":{"type":"Point","coordinates":[6.744025200007476,7.794226600006159]}},{"type":"Feature","properties":{"osm_id":"1116208305","name":null,"april21":false,"july15":true,"nov2":false},"geometry":{"type":"Point","coordinates":[6.743978212787332,7.794186909852708]}},{"type":"Feature","properties":{"osm_id":"1116208308","name":null,"april21":false,"july15":true,"nov2":false},"geometry":{"type":"Point","coordinates":[6.74440131025979,7.794731279397154]}},{"type":"Feature","properties":{"osm_id":"1116208311","name":null,"april21":false,"july15":true,"nov2":false},"geometry":{"type":"Point","coordinates":[6.743288849968144,7.795717799988568]}},{"type":"Feature","properties":{"osm_id":"1116208312","name":null,"april21":false,"july15":true,"nov2":false},"geometry":{"type":"Point","coordinates":[6.7434503499999865,7.796033450000378]}},{"type":"Feature","properties":{"osm_id":"1116208313","name":null,"april21":false,"july15":true,"nov2":false},"geometry":{"type":"Point","coordinates":[6.743422049996099,7.795934899997515]}},{"type":"Feature","properties":{"osm_id":"1116208315","name":null,"april21":false,"july15":true,"nov2":false},"geometry":{"type":"Point","coordinates":[6.742727018927909,7.79609351958466]}},{"type":"Feature","properties":{"osm_id":"1116208316","name":null,"april21":false,"july15":true,"nov2":false},"geometry":{"type":"Point","coordinates":[6.742575799996595,7.7960905499987545]}},{"type":"Feature","properties":{"osm_id":"1116208317","name":null,"april21":false,"july15":true,"nov2":false},"geometry":{"type":"Point","coordinates":[6.742855060148718,7.796192704380281]}},{"type":"Feature","properties":{"osm_id":"1116208318","name":null,"april21":false,"july15":true,"nov2":false},"geometry":{"type":"Point","coordinates":[6.74324294999298,7.796165699999676]}},{"type":"Feature","properties":{"osm_id":"1116208319","name":null,"april21":false,"july15":true,"nov2":false},"geometry":{"type":"Point","coordinates":[6.743025133059361,7.796716093370055]}},{"type":"Feature","properties":{"osm_id":"1116208320","name":null,"april21":false,"july15":true,"nov2":false},"geometry":{"type":"Point","coordinates":[6.743286450002506,7.796978000004841]}},{"type":"Feature","properties":{"osm_id":"1116208321","name":null,"april21":false,"july15":true,"nov2":false},"geometry":{"type":"Point","coordinates":[6.743129099998716,7.797098900001497]}},{"type":"Feature","properties":{"osm_id":"1116208322","name":null,"april21":false,"july15":true,"nov2":false},"geometry":{"type":"Point","coordinates":[6.743142315256228,7.797360792142193]}},{"type":"Feature","properties":{"osm_id":"1116208323","name":null,"april21":false,"july15":true,"nov2":false},"geometry":{"type":"Point","coordinates":[6.743485483596171,7.797332599671643]}},{"type":"Feature","properties":{"osm_id":"1116208324","name":null,"april21":false,"july15":true,"nov2":false},"geometry":{"type":"Point","coordinates":[6.743316333493432,7.797350649710589]}},{"type":"Feature","properties":{"osm_id":"1116208326","name":null,"april21":false,"july15":true,"nov2":false},"geometry":{"type":"Point","coordinates":[6.740993520380887,7.797826441807668]}},{"type":"Feature","properties":{"osm_id":"1116208327","name":null,"april21":false,"july15":true,"nov2":false},"geometry":{"type":"Point","coordinates":[6.7409235355428105,7.7975969075277884]}},{"type":"Feature","properties":{"osm_id":"1116208328","name":null,"april21":false,"july15":true,"nov2":false},"geometry":{"type":"Point","coordinates":[6.735805617810453,7.795084074508396]}},{"type":"Feature","properties":{"osm_id":"1116208329","name":null,"april21":false,"july15":true,"nov2":false},"geometry":{"type":"Point","coordinates":[6.735625730770935,7.795140195668324]}},{"type":"Feature","properties":{"osm_id":"1116208330","name":null,"april21":false,"july15":true,"nov2":false},"geometry":{"type":"Point","coordinates":[6.736367725759496,7.794550990731243]}},{"type":"Feature","properties":{"osm_id":"1116208331","name":null,"april21":false,"july15":true,"nov2":false},"geometry":{"type":"Point","coordinates":[6.736431966932617,7.794537633915448]}},{"type":"Feature","properties":{"osm_id":"1116208332","name":null,"april21":false,"july15":true,"nov2":false},"geometry":{"type":"Point","coordinates":[6.736528550000334,7.794530649999893]}},{"type":"Feature","properties":{"osm_id":"1116208333","name":null,"april21":false,"july15":true,"nov2":false},"geometry":{"type":"Point","coordinates":[6.736600650000048,7.794743499999886]}},{"type":"Feature","properties":{"osm_id":"1116208334","name":null,"april21":false,"july15":true,"nov2":false},"geometry":{"type":"Point","coordinates":[6.736606644355799,7.7948591755739205]}},{"type":"Feature","properties":{"osm_id":"1116208335","name":null,"april21":false,"july15":true,"nov2":false},"geometry":{"type":"Point","coordinates":[6.73673404999845,7.794716250002931]}},{"type":"Feature","properties":{"osm_id":"1116208336","name":null,"april21":false,"july15":true,"nov2":false},"geometry":{"type":"Point","coordinates":[6.736878748186238,7.794760072612493]}},{"type":"Feature","properties":{"osm_id":"1116208337","name":null,"april21":false,"july15":true,"nov2":false},"geometry":{"type":"Point","coordinates":[6.737028824859125,7.794764562789164]}},{"type":"Feature","properties":{"osm_id":"1116208338","name":null,"april21":false,"july15":true,"nov2":false},"geometry":{"type":"Point","coordinates":[6.738098699999688,7.794141099999787]}},{"type":"Feature","properties":{"osm_id":"1116208339","name":null,"april21":false,"july15":true,"nov2":false},"geometry":{"type":"Point","coordinates":[6.7380059434154145,7.793983875636877]}},{"type":"Feature","properties":{"osm_id":"1116208340","name":null,"april21":false,"july15":true,"nov2":false},"geometry":{"type":"Point","coordinates":[6.737985699998516,7.793873800002877]}},{"type":"Feature","properties":{"osm_id":"1116208356","name":null,"april21":false,"july15":true,"nov2":false},"geometry":{"type":"Point","coordinates":[6.74183853205518,7.792012154770632]}},{"type":"Feature","properties":{"osm_id":"1116208357","name":null,"april21":false,"july15":true,"nov2":false},"geometry":{"type":"Point","coordinates":[6.7419545500002815,7.792114500004004]}},{"type":"Feature","properties":{"osm_id":"1116208358","name":null,"april21":false,"july15":true,"nov2":false},"geometry":{"type":"Point","coordinates":[6.742137399999209,7.792223200000874]}},{"type":"Feature","properties":{"osm_id":"1116208359","name":null,"april21":false,"july15":true,"nov2":false},"geometry":{"type":"Point","coordinates":[6.74209152885561,7.791835155818076]}},{"type":"Feature","properties":{"osm_id":"1116208360","name":null,"april21":false,"july15":true,"nov2":false},"geometry":{"type":"Point","coordinates":[6.74205071074904,7.791941909896955]}},{"type":"Feature","properties":{"osm_id":"1116208361","name":null,"april21":false,"july15":true,"nov2":false},"geometry":{"type":"Point","coordinates":[6.742137883722372,7.792104366865355]}},{"type":"Feature","properties":{"osm_id":"1116208362","name":null,"april21":false,"july15":true,"nov2":false},"geometry":{"type":"Point","coordinates":[6.742330249997779,7.79201530000359]}},{"type":"Feature","properties":{"osm_id":"1116208363","name":null,"april21":false,"july15":true,"nov2":false},"geometry":{"type":"Point","coordinates":[6.742178453784012,7.791960272697112]}},{"type":"Feature","properties":{"osm_id":"1116208364","name":null,"april21":false,"july15":true,"nov2":false},"geometry":{"type":"Point","coordinates":[6.74226737559618,7.791894558850156]}},{"type":"Feature","properties":{"osm_id":"1116208365","name":null,"april21":false,"july15":true,"nov2":false},"geometry":{"type":"Point","coordinates":[6.743262197491634,7.791676014064326]}},{"type":"Feature","properties":{"osm_id":"1116208366","name":null,"april21":false,"july15":true,"nov2":false},"geometry":{"type":"Point","coordinates":[6.743158149996155,7.791505099997291]}},{"type":"Feature","properties":{"osm_id":"1116208367","name":null,"april21":false,"july15":true,"nov2":false},"geometry":{"type":"Point","coordinates":[6.743577717041241,7.791053516312231]}},{"type":"Feature","properties":{"osm_id":"1116208368","name":null,"april21":false,"july15":true,"nov2":false},"geometry":{"type":"Point","coordinates":[6.744002590932378,7.79089469902837]}},{"type":"Feature","properties":{"osm_id":"1116208369","name":null,"april21":false,"july15":true,"nov2":false},"geometry":{"type":"Point","coordinates":[6.744049649998438,7.790735800000723]}},{"type":"Feature","properties":{"osm_id":"1116208370","name":null,"april21":false,"july15":true,"nov2":false},"geometry":{"type":"Point","coordinates":[6.743971401270069,7.790765884449914]}},{"type":"Feature","properties":{"osm_id":"1116208371","name":null,"april21":false,"july15":true,"nov2":false},"geometry":{"type":"Point","coordinates":[6.744377055314645,7.7909659685460495]}},{"type":"Feature","properties":{"osm_id":"1116208372","name":null,"april21":false,"july15":true,"nov2":false},"geometry":{"type":"Point","coordinates":[6.7441449499996855,7.791117600000129]}},{"type":"Feature","properties":{"osm_id":"1116208373","name":null,"april21":false,"july15":true,"nov2":false},"geometry":{"type":"Point","coordinates":[6.744087799999798,7.791260300000743]}},{"type":"Feature","properties":{"osm_id":"1116208374","name":null,"april21":false,"july15":true,"nov2":false},"geometry":{"type":"Point","coordinates":[6.744582765383921,7.791335824304013]}},{"type":"Feature","properties":{"osm_id":"1116208375","name":null,"april21":false,"july15":true,"nov2":false},"geometry":{"type":"Point","coordinates":[6.744577199998738,7.791411449999228]}},{"type":"Feature","properties":{"osm_id":"1116208376","name":null,"april21":false,"july15":true,"nov2":false},"geometry":{"type":"Point","coordinates":[6.745220599998983,7.792528749995828]}},{"type":"Feature","properties":{"osm_id":"1116208377","name":null,"april21":false,"july15":true,"nov2":false},"geometry":{"type":"Point","coordinates":[6.744483529194916,7.792369665134529]}},{"type":"Feature","properties":{"osm_id":"1116208378","name":null,"april21":false,"july15":true,"nov2":false},"geometry":{"type":"Point","coordinates":[6.744375473123698,7.792406443281944]}},{"type":"Feature","properties":{"osm_id":"1116208379","name":null,"april21":false,"july15":true,"nov2":false},"geometry":{"type":"Point","coordinates":[6.744086649999387,7.7924625500039495]}},{"type":"Feature","properties":{"osm_id":"1116208380","name":null,"april21":false,"july15":true,"nov2":false},"geometry":{"type":"Point","coordinates":[6.743906035635064,7.7924858849835195]}},{"type":"Feature","properties":{"osm_id":"1116208381","name":null,"april21":false,"july15":true,"nov2":false},"geometry":{"type":"Point","coordinates":[6.743997149998398,7.792240099999088]}},{"type":"Feature","properties":{"osm_id":"1116208382","name":null,"april21":false,"july15":true,"nov2":false},"geometry":{"type":"Point","coordinates":[6.743891799999418,7.792229600000807]}},{"type":"Feature","properties":{"osm_id":"1116208383","name":null,"april21":false,"july15":true,"nov2":false},"geometry":{"type":"Point","coordinates":[6.74372594999994,7.792273550000146]}},{"type":"Feature","properties":{"osm_id":"1116208384","name":null,"april21":false,"july15":true,"nov2":false},"geometry":{"type":"Point","coordinates":[6.7437293999999985,7.792315350000314]}},{"type":"Feature","properties":{"osm_id":"1116208385","name":null,"april21":false,"july15":true,"nov2":false},"geometry":{"type":"Point","coordinates":[6.7437587999989415,7.792675899999213]}},{"type":"Feature","properties":{"osm_id":"1116208386","name":null,"april21":false,"july15":true,"nov2":false},"geometry":{"type":"Point","coordinates":[6.743857069123687,7.792555548123291]}},{"type":"Feature","properties":{"osm_id":"1116208387","name":null,"april21":false,"july15":true,"nov2":false},"geometry":{"type":"Point","coordinates":[6.744193480299788,7.792604464206203]}},{"type":"Feature","properties":{"osm_id":"1116208388","name":null,"april21":false,"july15":true,"nov2":false},"geometry":{"type":"Point","coordinates":[6.744014960448349,7.792626669550217]}},{"type":"Feature","properties":{"osm_id":"1116208389","name":null,"april21":false,"july15":true,"nov2":false},"geometry":{"type":"Point","coordinates":[6.7440344451747345,7.792844981483043]}},{"type":"Feature","properties":{"osm_id":"1116208390","name":null,"april21":false,"july15":true,"nov2":false},"geometry":{"type":"Point","coordinates":[6.744169133121247,7.792844013044125]}},{"type":"Feature","properties":{"osm_id":"1116208391","name":null,"april21":false,"july15":true,"nov2":false},"geometry":{"type":"Point","coordinates":[6.744246422415056,7.792824143460631]}},{"type":"Feature","properties":{"osm_id":"1116208392","name":null,"april21":false,"july15":true,"nov2":false},"geometry":{"type":"Point","coordinates":[6.743722200000631,7.793301099997895]}},{"type":"Feature","properties":{"osm_id":"1116208393","name":null,"april21":false,"july15":true,"nov2":false},"geometry":{"type":"Point","coordinates":[6.743787299999698,7.793163599999594]}},{"type":"Feature","properties":{"osm_id":"1116208394","name":null,"april21":false,"july15":true,"nov2":false},"geometry":{"type":"Point","coordinates":[6.743743199999801,7.793159649998145]}},{"type":"Feature","properties":{"osm_id":"1116208395","name":null,"april21":false,"july15":true,"nov2":false},"geometry":{"type":"Point","coordinates":[6.743771299999359,7.793010199998964]}},{"type":"Feature","properties":{"osm_id":"1116208396","name":null,"april21":false,"july15":true,"nov2":false},"geometry":{"type":"Point","coordinates":[6.743722799999804,7.793048200000457]}},{"type":"Feature","properties":{"osm_id":"1116208397","name":null,"april21":false,"july15":true,"nov2":false},"geometry":{"type":"Point","coordinates":[6.74383285000085,7.7930712500086505]}},{"type":"Feature","properties":{"osm_id":"1116208398","name":null,"april21":false,"july15":true,"nov2":false},"geometry":{"type":"Point","coordinates":[6.7440670203403235,7.792935298255252]}},{"type":"Feature","properties":{"osm_id":"1116208399","name":null,"april21":false,"july15":true,"nov2":false},"geometry":{"type":"Point","coordinates":[6.744200543289721,7.792979027712693]}},{"type":"Feature","properties":{"osm_id":"1116208400","name":null,"april21":false,"july15":true,"nov2":false},"geometry":{"type":"Point","coordinates":[6.74399379999872,7.7930165000055185]}},{"type":"Feature","properties":{"osm_id":"1116208401","name":null,"april21":false,"july15":true,"nov2":false},"geometry":{"type":"Point","coordinates":[6.744017489915051,7.793097126818523]}},{"type":"Feature","properties":{"osm_id":"1116208402","name":null,"april21":false,"july15":true,"nov2":false},"geometry":{"type":"Point","coordinates":[6.744286850001339,7.793125499996812]}},{"type":"Feature","properties":{"osm_id":"1116208403","name":null,"april21":false,"july15":true,"nov2":false},"geometry":{"type":"Point","coordinates":[6.74424779999889,7.793296250002195]}},{"type":"Feature","properties":{"osm_id":"1116208404","name":null,"april21":false,"july15":true,"nov2":false},"geometry":{"type":"Point","coordinates":[6.744153300001238,7.793132849996353]}},{"type":"Feature","properties":{"osm_id":"1116208405","name":null,"april21":false,"july15":true,"nov2":false},"geometry":{"type":"Point","coordinates":[6.744019163366481,7.793261171723076]}},{"type":"Feature","properties":{"osm_id":"1116208406","name":null,"april21":false,"july15":true,"nov2":false},"geometry":{"type":"Point","coordinates":[6.7440598499991875,7.793354099999477]}},{"type":"Feature","properties":{"osm_id":"1116208407","name":null,"april21":false,"july15":true,"nov2":false},"geometry":{"type":"Point","coordinates":[6.743854800641927,7.793345718562164]}},{"type":"Feature","properties":{"osm_id":"1116208408","name":null,"april21":false,"july15":true,"nov2":false},"geometry":{"type":"Point","coordinates":[6.743975199998839,7.793446450001611]}},{"type":"Feature","properties":{"osm_id":"1116208409","name":null,"april21":false,"july15":true,"nov2":false},"geometry":{"type":"Point","coordinates":[6.744479599998993,7.79216255000303]}},{"type":"Feature","properties":{"osm_id":"1116208410","name":null,"april21":false,"july15":true,"nov2":false},"geometry":{"type":"Point","coordinates":[6.744459399999882,7.792108550000121]}},{"type":"Feature","properties":{"osm_id":"1116208411","name":null,"april21":false,"july15":true,"nov2":false},"geometry":{"type":"Point","coordinates":[6.74436167765182,7.792083706600906]}},{"type":"Feature","properties":{"osm_id":"1116208412","name":null,"april21":false,"july15":true,"nov2":false},"geometry":{"type":"Point","coordinates":[6.7443055770489595,7.792012406298649]}},{"type":"Feature","properties":{"osm_id":"1116208413","name":null,"april21":false,"july15":true,"nov2":false},"geometry":{"type":"Point","coordinates":[6.744786062212334,7.791863673481044]}},{"type":"Feature","properties":{"osm_id":"1116208414","name":null,"april21":false,"july15":true,"nov2":false},"geometry":{"type":"Point","coordinates":[6.744673882148696,7.791822299860339]}},{"type":"Feature","properties":{"osm_id":"1116208415","name":null,"april21":false,"july15":true,"nov2":false},"geometry":{"type":"Point","coordinates":[6.74463515000064,7.792052400003378]}},{"type":"Feature","properties":{"osm_id":"1116208416","name":null,"april21":false,"july15":true,"nov2":false},"geometry":{"type":"Point","coordinates":[6.744637557873058,7.791987870961409]}},{"type":"Feature","properties":{"osm_id":"1116208417","name":null,"april21":false,"july15":true,"nov2":false},"geometry":{"type":"Point","coordinates":[6.744680223881452,7.792124620777901]}},{"type":"Feature","properties":{"osm_id":"1116208418","name":null,"april21":false,"july15":true,"nov2":false},"geometry":{"type":"Point","coordinates":[6.744858900000334,7.792213450002127]}},{"type":"Feature","properties":{"osm_id":"1116208419","name":null,"april21":false,"july15":true,"nov2":false},"geometry":{"type":"Point","coordinates":[6.744973799999698,7.792240000000286]}},{"type":"Feature","properties":{"osm_id":"1116208420","name":null,"april21":false,"july15":true,"nov2":false},"geometry":{"type":"Point","coordinates":[6.745044622477741,7.792217093730849]}},{"type":"Feature","properties":{"osm_id":"1116208421","name":null,"april21":false,"july15":true,"nov2":false},"geometry":{"type":"Point","coordinates":[6.745162949997378,7.7922678499980815]}},{"type":"Feature","properties":{"osm_id":"1116208422","name":null,"april21":false,"july15":true,"nov2":false},"geometry":{"type":"Point","coordinates":[6.7451093826359,7.792291113724192]}},{"type":"Feature","properties":{"osm_id":"1116208423","name":null,"april21":false,"july15":true,"nov2":false},"geometry":{"type":"Point","coordinates":[6.745123699999843,7.79237095000042]}},{"type":"Feature","properties":{"osm_id":"1116208424","name":null,"april21":false,"july15":true,"nov2":false},"geometry":{"type":"Point","coordinates":[6.745008449999904,7.792311150000433]}},{"type":"Feature","properties":{"osm_id":"1116208425","name":null,"april21":false,"july15":true,"nov2":false},"geometry":{"type":"Point","coordinates":[6.744987649999926,7.792371900000247]}},{"type":"Feature","properties":{"osm_id":"1116208426","name":null,"april21":false,"july15":true,"nov2":false},"geometry":{"type":"Point","coordinates":[6.7447827999999,7.792309100001713]}},{"type":"Feature","properties":{"osm_id":"1116208427","name":null,"april21":false,"july15":true,"nov2":false},"geometry":{"type":"Point","coordinates":[6.744692970410277,7.792245742618072]}},{"type":"Feature","properties":{"osm_id":"1116208428","name":null,"april21":false,"july15":true,"nov2":false},"geometry":{"type":"Point","coordinates":[6.744590716834481,7.792388166122169]}},{"type":"Feature","properties":{"osm_id":"1116208429","name":null,"april21":false,"july15":true,"nov2":false},"geometry":{"type":"Point","coordinates":[6.7447557485986565,7.7924047155992575]}},{"type":"Feature","properties":{"osm_id":"1116208430","name":null,"april21":false,"july15":true,"nov2":false},"geometry":{"type":"Point","coordinates":[6.744927674509468,7.792551709368763]}},{"type":"Feature","properties":{"osm_id":"1116208431","name":null,"april21":false,"july15":true,"nov2":false},"geometry":{"type":"Point","coordinates":[6.744850699999629,7.792579449999812]}},{"type":"Feature","properties":{"osm_id":"1116208432","name":null,"april21":false,"july15":true,"nov2":false},"geometry":{"type":"Point","coordinates":[6.744570419984565,7.792510498041865]}},{"type":"Feature","properties":{"osm_id":"1116208433","name":null,"april21":false,"july15":true,"nov2":false},"geometry":{"type":"Point","coordinates":[6.744445745871644,7.792636227218495]}},{"type":"Feature","properties":{"osm_id":"1116208434","name":null,"april21":false,"july15":true,"nov2":false},"geometry":{"type":"Point","coordinates":[6.744441549999446,7.792811449999195]}},{"type":"Feature","properties":{"osm_id":"1116208435","name":null,"april21":false,"july15":true,"nov2":false},"geometry":{"type":"Point","coordinates":[6.744571999999138,7.792737600004719]}},{"type":"Feature","properties":{"osm_id":"1116208436","name":null,"april21":false,"july15":true,"nov2":false},"geometry":{"type":"Point","coordinates":[6.744596749999554,7.792785600003622]}},{"type":"Feature","properties":{"osm_id":"1116208437","name":null,"april21":false,"july15":true,"nov2":false},"geometry":{"type":"Point","coordinates":[6.744558449998919,7.792844000003344]}},{"type":"Feature","properties":{"osm_id":"1116208438","name":null,"april21":false,"july15":true,"nov2":false},"geometry":{"type":"Point","coordinates":[6.7447076577331595,7.792765230813948]}},{"type":"Feature","properties":{"osm_id":"1116208439","name":null,"april21":false,"july15":true,"nov2":false},"geometry":{"type":"Point","coordinates":[6.744809177408291,7.79272535642674]}},{"type":"Feature","properties":{"osm_id":"1116208440","name":null,"april21":false,"july15":true,"nov2":false},"geometry":{"type":"Point","coordinates":[6.744882749998891,7.7927358499990875]}},{"type":"Feature","properties":{"osm_id":"1116208441","name":null,"april21":false,"july15":true,"nov2":false},"geometry":{"type":"Point","coordinates":[6.744950350000129,7.792764649997431]}},{"type":"Feature","properties":{"osm_id":"1116208442","name":null,"april21":false,"july15":true,"nov2":false},"geometry":{"type":"Point","coordinates":[6.744793399999509,7.792807750003232]}},{"type":"Feature","properties":{"osm_id":"1116208443","name":null,"april21":false,"july15":true,"nov2":false},"geometry":{"type":"Point","coordinates":[6.744863281367519,7.792933594171907]}},{"type":"Feature","properties":{"osm_id":"1116208444","name":null,"april21":false,"july15":true,"nov2":false},"geometry":{"type":"Point","coordinates":[6.744431081503919,7.793000213550339]}},{"type":"Feature","properties":{"osm_id":"1116208445","name":null,"april21":false,"july15":true,"nov2":false},"geometry":{"type":"Point","coordinates":[6.744544704581737,7.792922732161214]}},{"type":"Feature","properties":{"osm_id":"1116208446","name":null,"april21":false,"july15":true,"nov2":false},"geometry":{"type":"Point","coordinates":[6.744439449999822,7.79292035000018]}},{"type":"Feature","properties":{"osm_id":"1116208447","name":null,"april21":false,"july15":true,"nov2":false},"geometry":{"type":"Point","coordinates":[6.744623083450595,7.792973927159914]}},{"type":"Feature","properties":{"osm_id":"1116208448","name":null,"april21":false,"july15":true,"nov2":false},"geometry":{"type":"Point","coordinates":[6.744752150304901,7.792983429048961]}},{"type":"Feature","properties":{"osm_id":"1116208449","name":null,"april21":false,"july15":true,"nov2":false},"geometry":{"type":"Point","coordinates":[6.744608737009144,7.79304311780565]}},{"type":"Feature","properties":{"osm_id":"1116208450","name":null,"april21":false,"july15":true,"nov2":false},"geometry":{"type":"Point","coordinates":[6.744536199998304,7.793363099999664]}},{"type":"Feature","properties":{"osm_id":"1116208451","name":null,"april21":false,"july15":true,"nov2":false},"geometry":{"type":"Point","coordinates":[6.744633449999788,7.793196650002498]}},{"type":"Feature","properties":{"osm_id":"1116208452","name":null,"april21":false,"july15":true,"nov2":false},"geometry":{"type":"Point","coordinates":[6.744617949999431,7.793117750005315]}},{"type":"Feature","properties":{"osm_id":"1116208453","name":null,"april21":false,"july15":true,"nov2":false},"geometry":{"type":"Point","coordinates":[6.745149099997856,7.793082999999077]}},{"type":"Feature","properties":{"osm_id":"1116208454","name":null,"april21":false,"july15":true,"nov2":false},"geometry":{"type":"Point","coordinates":[6.745031408898271,7.793183018312505]}},{"type":"Feature","properties":{"osm_id":"1116208455","name":null,"april21":false,"july15":true,"nov2":false},"geometry":{"type":"Point","coordinates":[6.74491814999691,7.793244249997512]}},{"type":"Feature","properties":{"osm_id":"1116208456","name":null,"april21":false,"july15":true,"nov2":false},"geometry":{"type":"Point","coordinates":[6.744791731264848,7.793216601765189]}},{"type":"Feature","properties":{"osm_id":"1116208457","name":null,"april21":false,"july15":true,"nov2":false},"geometry":{"type":"Point","coordinates":[6.744820500000067,7.793319600002022]}},{"type":"Feature","properties":{"osm_id":"1116208458","name":null,"april21":false,"july15":true,"nov2":false},"geometry":{"type":"Point","coordinates":[6.744729599997804,7.793308249998605]}},{"type":"Feature","properties":{"osm_id":"1116208459","name":null,"april21":false,"july15":true,"nov2":false},"geometry":{"type":"Point","coordinates":[6.744783622550128,7.793451942716331]}},{"type":"Feature","properties":{"osm_id":"1116208460","name":null,"april21":false,"july15":true,"nov2":false},"geometry":{"type":"Point","coordinates":[6.7450100000001925,7.793368550001222]}},{"type":"Feature","properties":{"osm_id":"1116208462","name":null,"april21":false,"july15":true,"nov2":false},"geometry":{"type":"Point","coordinates":[6.745182899999539,7.794032200000315]}},{"type":"Feature","properties":{"osm_id":"1116208464","name":null,"april21":false,"july15":true,"nov2":false},"geometry":{"type":"Point","coordinates":[6.744955123304554,7.793686737962755]}},{"type":"Feature","properties":{"osm_id":"1116208465","name":null,"april21":false,"july15":true,"nov2":false},"geometry":{"type":"Point","coordinates":[6.745444568750422,7.793770097062587]}},{"type":"Feature","properties":{"osm_id":"1116208466","name":null,"april21":false,"july15":true,"nov2":false},"geometry":{"type":"Point","coordinates":[6.745559649999152,7.793821150000516]}},{"type":"Feature","properties":{"osm_id":"1116208467","name":null,"april21":false,"july15":true,"nov2":false},"geometry":{"type":"Point","coordinates":[6.745558255276811,7.793900820439156]}},{"type":"Feature","properties":{"osm_id":"1116208468","name":null,"april21":false,"july15":true,"nov2":false},"geometry":{"type":"Point","coordinates":[6.745569516862854,7.794137799705006]}},{"type":"Feature","properties":{"osm_id":"1116208469","name":null,"april21":false,"july15":true,"nov2":false},"geometry":{"type":"Point","coordinates":[6.74553424999781,7.794041100001658]}},{"type":"Feature","properties":{"osm_id":"1116208470","name":null,"april21":false,"july15":true,"nov2":false},"geometry":{"type":"Point","coordinates":[6.745414343025589,7.794114781998927]}},{"type":"Feature","properties":{"osm_id":"1116208471","name":null,"april21":false,"july15":true,"nov2":false},"geometry":{"type":"Point","coordinates":[6.745457859698317,7.794203522763042]}},{"type":"Feature","properties":{"osm_id":"1116208472","name":null,"april21":false,"july15":true,"nov2":false},"geometry":{"type":"Point","coordinates":[6.745434400000225,7.79426765000189]}},{"type":"Feature","properties":{"osm_id":"1116208473","name":null,"april21":false,"july15":true,"nov2":false},"geometry":{"type":"Point","coordinates":[6.745256158334216,7.7941985177740465]}},{"type":"Feature","properties":{"osm_id":"1116208474","name":null,"april21":false,"july15":true,"nov2":false},"geometry":{"type":"Point","coordinates":[6.745291099999147,7.794290450001528]}},{"type":"Feature","properties":{"osm_id":"1116208475","name":null,"april21":false,"july15":true,"nov2":false},"geometry":{"type":"Point","coordinates":[6.745581349999665,7.796495299997025]}},{"type":"Feature","properties":{"osm_id":"1116208476","name":null,"april21":false,"july15":true,"nov2":false},"geometry":{"type":"Point","coordinates":[6.745102765321418,7.797298930749504]}},{"type":"Feature","properties":{"osm_id":"1116208477","name":null,"april21":false,"july15":true,"nov2":false},"geometry":{"type":"Point","coordinates":[6.74525701839854,7.797269822165156]}},{"type":"Feature","properties":{"osm_id":"1116208478","name":null,"april21":false,"july15":true,"nov2":false},"geometry":{"type":"Point","coordinates":[6.74470603599702,7.797281175959715]}},{"type":"Feature","properties":{"osm_id":"1116208479","name":null,"april21":false,"july15":true,"nov2":false},"geometry":{"type":"Point","coordinates":[6.744786199998043,7.797207650000368]}},{"type":"Feature","properties":{"osm_id":"1116208480","name":null,"april21":false,"july15":true,"nov2":false},"geometry":{"type":"Point","coordinates":[6.7449965969490435,7.797111381645012]}},{"type":"Feature","properties":{"osm_id":"1116208481","name":null,"april21":false,"july15":true,"nov2":false},"geometry":{"type":"Point","coordinates":[6.744875068244719,7.797138636326053]}},{"type":"Feature","properties":{"osm_id":"1116208482","name":null,"april21":false,"july15":true,"nov2":false},"geometry":{"type":"Point","coordinates":[6.7450057819456,7.797530129842449]}},{"type":"Feature","properties":{"osm_id":"1116208483","name":null,"april21":false,"july15":true,"nov2":false},"geometry":{"type":"Point","coordinates":[6.744670608484226,7.7978669725863705]}},{"type":"Feature","properties":{"osm_id":"1116208484","name":null,"april21":false,"july15":true,"nov2":false},"geometry":{"type":"Point","coordinates":[6.7448004192666255,7.797988845953813]}},{"type":"Feature","properties":{"osm_id":"1116208485","name":null,"april21":false,"july15":true,"nov2":false},"geometry":{"type":"Point","coordinates":[6.744669196105421,7.798013228385539]}},{"type":"Feature","properties":{"osm_id":"1116208486","name":null,"april21":false,"july15":true,"nov2":false},"geometry":{"type":"Point","coordinates":[6.744573199998904,7.79781269999772]}},{"type":"Feature","properties":{"osm_id":"1116208487","name":null,"april21":false,"july15":true,"nov2":false},"geometry":{"type":"Point","coordinates":[6.74452540411585,7.79784542233799]}},{"type":"Feature","properties":{"osm_id":"1116208488","name":null,"april21":false,"july15":true,"nov2":false},"geometry":{"type":"Point","coordinates":[6.744476555664067,7.797941073463532]}},{"type":"Feature","properties":{"osm_id":"1116208491","name":null,"april21":false,"july15":true,"nov2":false},"geometry":{"type":"Point","coordinates":[6.744045049999532,7.797800749999647]}},{"type":"Feature","properties":{"osm_id":"1116208492","name":null,"april21":false,"july15":true,"nov2":false},"geometry":{"type":"Point","coordinates":[6.743929149998906,7.79784799999796]}},{"type":"Feature","properties":{"osm_id":"1116208496","name":null,"april21":false,"july15":true,"nov2":false},"geometry":{"type":"Point","coordinates":[6.743553900000471,7.797642700001884]}},{"type":"Feature","properties":{"osm_id":"1116208497","name":null,"april21":false,"july15":true,"nov2":false},"geometry":{"type":"Point","coordinates":[6.743596432125845,7.797722002328107]}},{"type":"Feature","properties":{"osm_id":"1116208501","name":null,"april21":false,"july15":true,"nov2":false},"geometry":{"type":"Point","coordinates":[6.742794911975204,7.797835724856068]}},{"type":"Feature","properties":{"osm_id":"1116208502","name":"Bash Unisex Salon","april21":false,"july15":true,"nov2":false},"geometry":{"type":"Point","coordinates":[6.742954249998888,7.797710850003205]}},{"type":"Feature","properties":{"osm_id":"1116208503","name":null,"april21":false,"july15":true,"nov2":false},"geometry":{"type":"Point","coordinates":[6.743073454559307,7.797679321244565]}},{"type":"Feature","properties":{"osm_id":"1116208505","name":null,"april21":false,"july15":true,"nov2":false},"geometry":{"type":"Point","coordinates":[6.741792249999727,7.797790400000448]}},{"type":"Feature","properties":{"osm_id":"1116208506","name":null,"april21":false,"july15":true,"nov2":false},"geometry":{"type":"Point","coordinates":[6.741998049999333,7.79778630000017]}},{"type":"Feature","properties":{"osm_id":"1116208507","name":null,"april21":false,"july15":true,"nov2":false},"geometry":{"type":"Point","coordinates":[6.7417359748849925,7.798014806891547]}},{"type":"Feature","properties":{"osm_id":"1116208508","name":null,"april21":false,"july15":true,"nov2":false},"geometry":{"type":"Point","coordinates":[6.741961317823937,7.7980081345783665]}},{"type":"Feature","properties":{"osm_id":"1116208509","name":null,"april21":false,"july15":true,"nov2":false},"geometry":{"type":"Point","coordinates":[6.741835593443311,7.798000225703126]}},{"type":"Feature","properties":{"osm_id":"1116208510","name":null,"april21":false,"july15":true,"nov2":false},"geometry":{"type":"Point","coordinates":[6.7397018259670265,7.797828926528963]}},{"type":"Feature","properties":{"osm_id":"1116208511","name":null,"april21":false,"july15":true,"nov2":false},"geometry":{"type":"Point","coordinates":[6.739911613548037,7.797929875048917]}},{"type":"Feature","properties":{"osm_id":"1116208512","name":null,"april21":false,"july15":true,"nov2":false},"geometry":{"type":"Point","coordinates":[6.739759640026655,7.797966819890605]}},{"type":"Feature","properties":{"osm_id":"1116208513","name":null,"april21":false,"july15":true,"nov2":false},"geometry":{"type":"Point","coordinates":[6.739683099999881,7.797987550000163]}},{"type":"Feature","properties":{"osm_id":"1116208514","name":null,"april21":false,"july15":true,"nov2":false},"geometry":{"type":"Point","coordinates":[6.739379921906448,7.797986587447697]}},{"type":"Feature","properties":{"osm_id":"1116208519","name":null,"april21":false,"july15":true,"nov2":false},"geometry":{"type":"Point","coordinates":[6.736313343873063,7.798002032130393]}},{"type":"Feature","properties":{"osm_id":"1116208520","name":null,"april21":false,"july15":true,"nov2":false},"geometry":{"type":"Point","coordinates":[6.736495099999174,7.798046450007599]}},{"type":"Feature","properties":{"osm_id":"1116208521","name":null,"april21":false,"july15":true,"nov2":false},"geometry":{"type":"Point","coordinates":[6.736634717387687,7.797813893540558]}},{"type":"Feature","properties":{"osm_id":"1116208522","name":null,"april21":false,"july15":true,"nov2":false},"geometry":{"type":"Point","coordinates":[6.736730482023447,7.797826705174415]}},{"type":"Feature","properties":{"osm_id":"1116208523","name":null,"april21":false,"july15":true,"nov2":false},"geometry":{"type":"Point","coordinates":[6.7368875000024815,7.7977499000054085]}},{"type":"Feature","properties":{"osm_id":"1116208524","name":null,"april21":false,"july15":true,"nov2":false},"geometry":{"type":"Point","coordinates":[6.7371702500003305,7.796198399995758]}},{"type":"Feature","properties":{"osm_id":"1116208525","name":null,"april21":false,"july15":true,"nov2":false},"geometry":{"type":"Point","coordinates":[6.737333773004761,7.796306356068323]}},{"type":"Feature","properties":{"osm_id":"1116208526","name":null,"april21":false,"july15":true,"nov2":false},"geometry":{"type":"Point","coordinates":[6.737304957712448,7.796235124328566]}},{"type":"Feature","properties":{"osm_id":"1116208528","name":null,"april21":false,"july15":true,"nov2":false},"geometry":{"type":"Point","coordinates":[6.739825149999953,7.796298900000036]}},{"type":"Feature","properties":{"osm_id":"1116208529","name":null,"april21":false,"july15":true,"nov2":false},"geometry":{"type":"Point","coordinates":[6.740049625068456,7.796310041162522]}},{"type":"Feature","properties":{"osm_id":"1116208530","name":null,"april21":false,"july15":true,"nov2":false},"geometry":{"type":"Point","coordinates":[6.740475759207646,7.795874025134578]}},{"type":"Feature","properties":{"osm_id":"1116208531","name":null,"april21":false,"july15":true,"nov2":false},"geometry":{"type":"Point","coordinates":[6.7413359500003445,7.7960590499989655]}},{"type":"Feature","properties":{"osm_id":"1116208532","name":null,"april21":false,"july15":true,"nov2":false},"geometry":{"type":"Point","coordinates":[6.741344475660111,7.79617549170833]}},{"type":"Feature","properties":{"osm_id":"1116208533","name":null,"april21":false,"july15":true,"nov2":false},"geometry":{"type":"Point","coordinates":[6.741336812011444,7.796260974863443]}},{"type":"Feature","properties":{"osm_id":"1116208534","name":"Jamusa Global Resources","april21":false,"july15":true,"nov2":false},"geometry":{"type":"Point","coordinates":[6.742024982097677,7.7963496053423]}},{"type":"Feature","properties":{"osm_id":"1116208535","name":null,"april21":false,"july15":true,"nov2":false},"geometry":{"type":"Point","coordinates":[6.741695249999484,7.796435300001122]}},{"type":"Feature","properties":{"osm_id":"1116208536","name":null,"april21":false,"july15":true,"nov2":false},"geometry":{"type":"Point","coordinates":[6.741544391726888,7.796399517978257]}},{"type":"Feature","properties":{"osm_id":"1116208537","name":"Liberty Cosmetics & Skincare","april21":false,"july15":true,"nov2":false},"geometry":{"type":"Point","coordinates":[6.741582699999942,7.796206250000977]}},{"type":"Feature","properties":{"osm_id":"1116208538","name":null,"april21":false,"july15":true,"nov2":false},"geometry":{"type":"Point","coordinates":[6.741408153395805,7.796353828073118]}},{"type":"Feature","properties":{"osm_id":"1116208539","name":null,"april21":false,"july15":true,"nov2":false},"geometry":{"type":"Point","coordinates":[6.741322950000192,7.796424499999627]}},{"type":"Feature","properties":{"osm_id":"1116208542","name":null,"april21":false,"july15":true,"nov2":false},"geometry":{"type":"Point","coordinates":[6.743061349999682,7.795485750000364]}},{"type":"Feature","properties":{"osm_id":"1116208543","name":null,"april21":false,"july15":true,"nov2":false},"geometry":{"type":"Point","coordinates":[6.743091327852157,7.795365013646002]}},{"type":"Feature","properties":{"osm_id":"1116208544","name":null,"april21":false,"july15":true,"nov2":false},"geometry":{"type":"Point","coordinates":[6.743130497114028,7.795289218040065]}},{"type":"Feature","properties":{"osm_id":"1116208545","name":null,"april21":false,"july15":true,"nov2":false},"geometry":{"type":"Point","coordinates":[6.743025831015781,7.795155083069644]}},{"type":"Feature","properties":{"osm_id":"1116208547","name":null,"april21":false,"july15":true,"nov2":false},"geometry":{"type":"Point","coordinates":[6.743106249996375,7.795037350003247]}},{"type":"Feature","properties":{"osm_id":"1116208548","name":null,"april21":false,"july15":true,"nov2":false},"geometry":{"type":"Point","coordinates":[6.74351530000228,7.795223700002762]}},{"type":"Feature","properties":{"osm_id":"1116208549","name":null,"april21":false,"july15":true,"nov2":false},"geometry":{"type":"Point","coordinates":[6.743415643079243,7.7952395126012215]}},{"type":"Feature","properties":{"osm_id":"1116208550","name":null,"april21":false,"july15":true,"nov2":false},"geometry":{"type":"Point","coordinates":[6.743500998415865,7.795152783076956]}},{"type":"Feature","properties":{"osm_id":"1116208551","name":null,"april21":false,"july15":true,"nov2":false},"geometry":{"type":"Point","coordinates":[6.743572809946595,7.795135777889755]}},{"type":"Feature","properties":{"osm_id":"1116208555","name":null,"april21":false,"july15":true,"nov2":false},"geometry":{"type":"Point","coordinates":[6.745002503652881,7.795163968310717]}},{"type":"Feature","properties":{"osm_id":"1116208556","name":null,"april21":false,"july15":true,"nov2":false},"geometry":{"type":"Point","coordinates":[6.745407053490742,7.794945418162145]}},{"type":"Feature","properties":{"osm_id":"1116208557","name":null,"april21":false,"july15":true,"nov2":false},"geometry":{"type":"Point","coordinates":[6.745510699992797,7.795188799998807]}},{"type":"Feature","properties":{"osm_id":"1116208558","name":null,"april21":false,"july15":true,"nov2":false},"geometry":{"type":"Point","coordinates":[6.745584599998817,7.7953207000010165]}},{"type":"Feature","properties":{"osm_id":"1116208559","name":null,"april21":false,"july15":true,"nov2":false},"geometry":{"type":"Point","coordinates":[6.745520495979151,7.795490031411302]}},{"type":"Feature","properties":{"osm_id":"1116208560","name":null,"april21":false,"july15":true,"nov2":false},"geometry":{"type":"Point","coordinates":[6.745550828037231,7.7955828666349625]}},{"type":"Feature","properties":{"osm_id":"1116208561","name":null,"april21":false,"july15":true,"nov2":false},"geometry":{"type":"Point","coordinates":[6.745010459105013,7.795867477679553]}},{"type":"Feature","properties":{"osm_id":"1116208562","name":null,"april21":false,"july15":true,"nov2":false},"geometry":{"type":"Point","coordinates":[6.7451293219763135,7.795930893665947]}},{"type":"Feature","properties":{"osm_id":"1116208563","name":null,"april21":false,"july15":true,"nov2":false},"geometry":{"type":"Point","coordinates":[6.745005360853509,7.795961423027349]}},{"type":"Feature","properties":{"osm_id":"1116208564","name":null,"april21":false,"july15":true,"nov2":false},"geometry":{"type":"Point","coordinates":[6.745481858399925,7.795827298315303]}},{"type":"Feature","properties":{"osm_id":"1116208565","name":null,"april21":false,"july15":true,"nov2":false},"geometry":{"type":"Point","coordinates":[6.745554096642084,7.795973979895335]}},{"type":"Feature","properties":{"osm_id":"1116208566","name":null,"april21":false,"july15":true,"nov2":false},"geometry":{"type":"Point","coordinates":[6.7453929869844,7.795869448508144]}},{"type":"Feature","properties":{"osm_id":"1116208567","name":null,"april21":false,"july15":true,"nov2":false},"geometry":{"type":"Point","coordinates":[6.745401200001367,7.7959801000048845]}},{"type":"Feature","properties":{"osm_id":"1116208568","name":null,"april21":false,"july15":true,"nov2":false},"geometry":{"type":"Point","coordinates":[6.74542009396641,7.79606123220346]}},{"type":"Feature","properties":{"osm_id":"1116208569","name":null,"april21":false,"july15":true,"nov2":false},"geometry":{"type":"Point","coordinates":[6.745473550001536,7.796103850003758]}},{"type":"Feature","properties":{"osm_id":"1116208570","name":null,"april21":false,"july15":true,"nov2":false},"geometry":{"type":"Point","coordinates":[6.745488350001641,7.796150200005939]}},{"type":"Feature","properties":{"osm_id":"1116208571","name":null,"april21":false,"july15":true,"nov2":false},"geometry":{"type":"Point","coordinates":[6.745492400000946,7.796201250003191]}},{"type":"Feature","properties":{"osm_id":"1116208572","name":null,"april21":false,"july15":true,"nov2":false},"geometry":{"type":"Point","coordinates":[6.745509537427088,7.796251332527559]}},{"type":"Feature","properties":{"osm_id":"1116208573","name":null,"april21":false,"july15":true,"nov2":false},"geometry":{"type":"Point","coordinates":[6.745431781129803,7.79628885468368]}},{"type":"Feature","properties":{"osm_id":"1116208578","name":null,"april21":false,"july15":true,"nov2":false},"geometry":{"type":"Point","coordinates":[6.744285923956181,7.795480716737638]}},{"type":"Feature","properties":{"osm_id":"1116208579","name":null,"april21":false,"july15":true,"nov2":false},"geometry":{"type":"Point","coordinates":[6.744412800000197,7.795582850000169]}},{"type":"Feature","properties":{"osm_id":"1116208580","name":null,"april21":false,"july15":true,"nov2":false},"geometry":{"type":"Point","coordinates":[6.7443312004293166,7.795549066922296]}},{"type":"Feature","properties":{"osm_id":"1116208582","name":null,"april21":false,"july15":true,"nov2":false},"geometry":{"type":"Point","coordinates":[6.744321268897401,7.795305896144894]}},{"type":"Feature","properties":{"osm_id":"1116208583","name":null,"april21":false,"july15":true,"nov2":false},"geometry":{"type":"Point","coordinates":[6.7443073000003375,7.795365900000742]}},{"type":"Feature","properties":{"osm_id":"1116208584","name":null,"april21":false,"july15":true,"nov2":false},"geometry":{"type":"Point","coordinates":[6.744477455519196,7.7950840685557505]}},{"type":"Feature","properties":{"osm_id":"1116208585","name":null,"april21":false,"july15":true,"nov2":false},"geometry":{"type":"Point","coordinates":[6.744389368758769,7.794965606400111]}},{"type":"Feature","properties":{"osm_id":"1116208586","name":null,"april21":false,"july15":true,"nov2":false},"geometry":{"type":"Point","coordinates":[6.744463549997375,7.794925350000094]}},{"type":"Feature","properties":{"osm_id":"1116208587","name":null,"april21":false,"july15":true,"nov2":false},"geometry":{"type":"Point","coordinates":[6.7442376000034745,7.7950335500091645]}},{"type":"Feature","properties":{"osm_id":"1116208588","name":null,"april21":false,"july15":true,"nov2":false},"geometry":{"type":"Point","coordinates":[6.7443220563985795,7.795124367484803]}},{"type":"Feature","properties":{"osm_id":"1116208589","name":null,"april21":false,"july15":true,"nov2":false},"geometry":{"type":"Point","coordinates":[6.744402049998743,7.795186000000071]}},{"type":"Feature","properties":{"osm_id":"1116208590","name":null,"april21":false,"july15":true,"nov2":false},"geometry":{"type":"Point","coordinates":[6.744260950000866,7.795226100002595]}},{"type":"Feature","properties":{"osm_id":"1116208591","name":null,"april21":false,"july15":true,"nov2":false},"geometry":{"type":"Point","coordinates":[6.744160849999652,7.795181800000549]}},{"type":"Feature","properties":{"osm_id":"1116208592","name":null,"april21":false,"july15":true,"nov2":false},"geometry":{"type":"Point","coordinates":[6.7439681325775584,7.79517485188085]}},{"type":"Feature","properties":{"osm_id":"1116208593","name":null,"april21":false,"july15":true,"nov2":false},"geometry":{"type":"Point","coordinates":[6.743981563342511,7.795315628007563]}},{"type":"Feature","properties":{"osm_id":"1116208594","name":null,"april21":false,"july15":true,"nov2":false},"geometry":{"type":"Point","coordinates":[6.744040298732085,7.795276215628859]}},{"type":"Feature","properties":{"osm_id":"1116214288","name":null,"april21":false,"july15":true,"nov2":false},"geometry":{"type":"Point","coordinates":[6.736191054023564,7.794617530341461]}},{"type":"Feature","properties":{"osm_id":"1116214289","name":null,"april21":false,"july15":true,"nov2":false},"geometry":{"type":"Point","coordinates":[6.7362507832346035,7.794649265917475]}},{"type":"Feature","properties":{"osm_id":"1116214290","name":null,"april21":false,"july15":true,"nov2":false},"geometry":{"type":"Point","coordinates":[6.736282300002694,7.794523050000234]}},{"type":"Feature","properties":{"osm_id":"1116214291","name":null,"april21":false,"july15":true,"nov2":false},"geometry":{"type":"Point","coordinates":[6.7362001765966735,7.794499553505523]}},{"type":"Feature","properties":{"osm_id":"1116214292","name":null,"april21":false,"july15":true,"nov2":false},"geometry":{"type":"Point","coordinates":[6.735104381767214,7.795966246665437]}},{"type":"Feature","properties":{"osm_id":"1116214293","name":null,"april21":false,"july15":true,"nov2":false},"geometry":{"type":"Point","coordinates":[6.7350418500021165,7.796071250000747]}},{"type":"Feature","properties":{"osm_id":"1116214294","name":null,"april21":false,"july15":true,"nov2":false},"geometry":{"type":"Point","coordinates":[6.735662250004768,7.796090549996407]}},{"type":"Feature","properties":{"osm_id":"1116214295","name":null,"april21":false,"july15":true,"nov2":false},"geometry":{"type":"Point","coordinates":[6.735658149999658,7.795932650000521]}},{"type":"Feature","properties":{"osm_id":"1116214296","name":null,"april21":false,"july15":true,"nov2":false},"geometry":{"type":"Point","coordinates":[6.734914178464334,7.796575592682851]}},{"type":"Feature","properties":{"osm_id":"1116214297","name":null,"april21":false,"july15":true,"nov2":false},"geometry":{"type":"Point","coordinates":[6.735632198733491,7.796740933051256]}},{"type":"Feature","properties":{"osm_id":"1116214298","name":null,"april21":false,"july15":true,"nov2":false},"geometry":{"type":"Point","coordinates":[6.735199026957684,7.796857795186397]}},{"type":"Feature","properties":{"osm_id":"1116214299","name":null,"april21":false,"july15":true,"nov2":false},"geometry":{"type":"Point","coordinates":[6.735164784424098,7.796939674042248]}},{"type":"Feature","properties":{"osm_id":"1116214300","name":null,"april21":false,"july15":true,"nov2":false},"geometry":{"type":"Point","coordinates":[6.737207899999782,7.797198500000977]}},{"type":"Feature","properties":{"osm_id":"1116214301","name":null,"april21":false,"july15":true,"nov2":false},"geometry":{"type":"Point","coordinates":[6.7372531499994315,7.797104350001064]}},{"type":"Feature","properties":{"osm_id":"1116214302","name":null,"april21":false,"july15":true,"nov2":false},"geometry":{"type":"Point","coordinates":[6.7374114999998005,7.797049550000148]}},{"type":"Feature","properties":{"osm_id":"1116214303","name":null,"april21":false,"july15":true,"nov2":false},"geometry":{"type":"Point","coordinates":[6.737348799999505,7.797079950001069]}},{"type":"Feature","properties":{"osm_id":"1116214304","name":null,"april21":false,"july15":true,"nov2":false},"geometry":{"type":"Point","coordinates":[6.73690702447577,7.797075347638641]}},{"type":"Feature","properties":{"osm_id":"1116214305","name":null,"april21":false,"july15":true,"nov2":false},"geometry":{"type":"Point","coordinates":[6.7368329499997515,7.797159900000544]}},{"type":"Feature","properties":{"osm_id":"1116214306","name":null,"april21":false,"july15":true,"nov2":false},"geometry":{"type":"Point","coordinates":[6.7368314999999255,7.797019549999972]}},{"type":"Feature","properties":{"osm_id":"1116214307","name":null,"april21":false,"july15":true,"nov2":false},"geometry":{"type":"Point","coordinates":[6.738045931193764,7.795984815957711]}},{"type":"Feature","properties":{"osm_id":"1116214308","name":null,"april21":false,"july15":true,"nov2":false},"geometry":{"type":"Point","coordinates":[6.738432247518579,7.795600378917638]}},{"type":"Feature","properties":{"osm_id":"1116214309","name":null,"april21":false,"july15":true,"nov2":false},"geometry":{"type":"Point","coordinates":[6.739201003259954,7.795185478877732]}},{"type":"Feature","properties":{"osm_id":"1116214310","name":null,"april21":false,"july15":true,"nov2":false},"geometry":{"type":"Point","coordinates":[6.7390670999994375,7.795140350001185]}},{"type":"Feature","properties":{"osm_id":"1116214311","name":null,"april21":false,"july15":true,"nov2":false},"geometry":{"type":"Point","coordinates":[6.739710350000069,7.794903949999992]}},{"type":"Feature","properties":{"osm_id":"1116214312","name":null,"april21":false,"july15":true,"nov2":false},"geometry":{"type":"Point","coordinates":[6.739771370758794,7.794530653698226]}},{"type":"Feature","properties":{"osm_id":"1116214313","name":"LG","april21":false,"july15":true,"nov2":false},"geometry":{"type":"Point","coordinates":[6.740766949996147,7.795643250006548]}},{"type":"Feature","properties":{"osm_id":"1116214314","name":null,"april21":false,"july15":true,"nov2":false},"geometry":{"type":"Point","coordinates":[6.740897850000045,7.79578484999969]}},{"type":"Feature","properties":{"osm_id":"1116214315","name":null,"april21":false,"july15":true,"nov2":false},"geometry":{"type":"Point","coordinates":[6.741033861276741,7.795660927884756]}},{"type":"Feature","properties":{"osm_id":"1116214316","name":null,"april21":false,"july15":true,"nov2":false},"geometry":{"type":"Point","coordinates":[6.740170829334415,7.795946045758077]}},{"type":"Feature","properties":{"osm_id":"1116214317","name":null,"april21":false,"july15":true,"nov2":false},"geometry":{"type":"Point","coordinates":[6.7400769500008035,7.796130499996384]}},{"type":"Feature","properties":{"osm_id":"1116214318","name":null,"april21":false,"july15":true,"nov2":false},"geometry":{"type":"Point","coordinates":[6.74030215754366,7.796357074606377]}},{"type":"Feature","properties":{"osm_id":"1116214324","name":null,"april21":false,"july15":true,"nov2":false},"geometry":{"type":"Point","coordinates":[6.742340600000106,7.796682750000846]}},{"type":"Feature","properties":{"osm_id":"1116214325","name":null,"april21":false,"july15":true,"nov2":false},"geometry":{"type":"Point","coordinates":[6.742108052395649,7.796935866935284]}},{"type":"Feature","properties":{"osm_id":"1116214326","name":null,"april21":false,"july15":true,"nov2":false},"geometry":{"type":"Point","coordinates":[6.742194435982787,7.796869884540874]}},{"type":"Feature","properties":{"osm_id":"1116214327","name":null,"april21":false,"july15":true,"nov2":false},"geometry":{"type":"Point","coordinates":[6.74446185,7.796648550000431]}},{"type":"Feature","properties":{"osm_id":"1116214328","name":null,"april21":false,"july15":true,"nov2":false},"geometry":{"type":"Point","coordinates":[6.7443336500016215,7.796641500002191]}},{"type":"Feature","properties":{"osm_id":"1116214329","name":null,"april21":false,"july15":true,"nov2":false},"geometry":{"type":"Point","coordinates":[6.7442839889927475,7.796596835363079]}},{"type":"Feature","properties":{"osm_id":"1116214330","name":null,"april21":false,"july15":true,"nov2":false},"geometry":{"type":"Point","coordinates":[6.744232250003312,7.796523550005451]}},{"type":"Feature","properties":{"osm_id":"1116214331","name":null,"april21":false,"july15":true,"nov2":false},"geometry":{"type":"Point","coordinates":[6.744185500004159,7.79646190000478]}},{"type":"Feature","properties":{"osm_id":"1116214332","name":null,"april21":false,"july15":true,"nov2":false},"geometry":{"type":"Point","coordinates":[6.743992800000072,7.79618280000197]}},{"type":"Feature","properties":{"osm_id":"1116214333","name":null,"april21":false,"july15":true,"nov2":false},"geometry":{"type":"Point","coordinates":[6.7438438499972895,7.7962799500002244]}},{"type":"Feature","properties":{"osm_id":"1116214336","name":null,"april21":false,"july15":true,"nov2":false},"geometry":{"type":"Point","coordinates":[6.743014897029271,7.791068932326541]}},{"type":"Feature","properties":{"osm_id":"1116214337","name":null,"april21":false,"july15":true,"nov2":false},"geometry":{"type":"Point","coordinates":[6.743068800000151,7.791043700001012]}},{"type":"Feature","properties":{"osm_id":"1116214338","name":null,"april21":false,"july15":true,"nov2":false},"geometry":{"type":"Point","coordinates":[6.742842602442693,7.791095269209181]}},{"type":"Feature","properties":{"osm_id":"1116214339","name":null,"april21":false,"july15":true,"nov2":false},"geometry":{"type":"Point","coordinates":[6.7427931999998565,7.791119050000481]}},{"type":"Feature","properties":{"osm_id":"1116214340","name":null,"april21":false,"july15":true,"nov2":false},"geometry":{"type":"Point","coordinates":[6.742479946632396,7.791202429358389]}},{"type":"Feature","properties":{"osm_id":"1116214341","name":null,"april21":false,"july15":true,"nov2":false},"geometry":{"type":"Point","coordinates":[6.742633122266849,7.791314966168926]}},{"type":"Feature","properties":{"osm_id":"1116214342","name":null,"april21":false,"july15":true,"nov2":false},"geometry":{"type":"Point","coordinates":[6.742687601837483,7.791312734822239]}},{"type":"Feature","properties":{"osm_id":"1116214343","name":null,"april21":false,"july15":true,"nov2":false},"geometry":{"type":"Point","coordinates":[6.742678449998084,7.791377549999435]}},{"type":"Feature","properties":{"osm_id":"1116214344","name":null,"april21":false,"july15":true,"nov2":false},"geometry":{"type":"Point","coordinates":[6.742611149999619,7.79138690000085]}},{"type":"Feature","properties":{"osm_id":"1116214345","name":null,"april21":false,"july15":true,"nov2":false},"geometry":{"type":"Point","coordinates":[6.742568968172558,7.791330346114957]}},{"type":"Feature","properties":{"osm_id":"1116214346","name":null,"april21":false,"july15":true,"nov2":false},"geometry":{"type":"Point","coordinates":[6.741968581249801,7.791637454263208]}},{"type":"Feature","properties":{"osm_id":"1116214347","name":null,"april21":false,"july15":true,"nov2":false},"geometry":{"type":"Point","coordinates":[6.741612888428985,7.791398139308652]}},{"type":"Feature","properties":{"osm_id":"1117074840","name":null,"april21":false,"july15":true,"nov2":false},"geometry":{"type":"Point","coordinates":[6.743664699998666,7.803634050000991]}},{"type":"Feature","properties":{"osm_id":"1117074841","name":null,"april21":false,"july15":true,"nov2":false},"geometry":{"type":"Point","coordinates":[6.743874650004746,7.803371949993358]}},{"type":"Feature","properties":{"osm_id":"1117074842","name":null,"april21":false,"july15":true,"nov2":false},"geometry":{"type":"Point","coordinates":[6.743692800005289,7.803334899989734]}},{"type":"Feature","properties":{"osm_id":"1117074843","name":null,"april21":false,"july15":true,"nov2":false},"geometry":{"type":"Point","coordinates":[6.744022799999904,7.80298009999997]}},{"type":"Feature","properties":{"osm_id":"1117074844","name":null,"april21":false,"july15":true,"nov2":false},"geometry":{"type":"Point","coordinates":[6.743887475290336,7.802951216693351]}},{"type":"Feature","properties":{"osm_id":"1117074845","name":null,"april21":false,"july15":true,"nov2":false},"geometry":{"type":"Point","coordinates":[6.743751132888836,7.802481466080268]}},{"type":"Feature","properties":{"osm_id":"1117074846","name":null,"april21":false,"july15":true,"nov2":false},"geometry":{"type":"Point","coordinates":[6.743916723841799,7.802534493763545]}},{"type":"Feature","properties":{"osm_id":"1117074847","name":null,"april21":false,"july15":true,"nov2":false},"geometry":{"type":"Point","coordinates":[6.744018975684137,7.802142993644352]}},{"type":"Feature","properties":{"osm_id":"1117074850","name":null,"april21":false,"july15":true,"nov2":false},"geometry":{"type":"Point","coordinates":[6.744693499999986,7.802760849999975]}},{"type":"Feature","properties":{"osm_id":"1117074851","name":null,"april21":false,"july15":true,"nov2":false},"geometry":{"type":"Point","coordinates":[6.7446682466857775,7.802903419514798]}},{"type":"Feature","properties":{"osm_id":"1117074852","name":null,"april21":false,"july15":true,"nov2":false},"geometry":{"type":"Point","coordinates":[6.744832149999413,7.803070500000896]}},{"type":"Feature","properties":{"osm_id":"1117074853","name":null,"april21":false,"july15":true,"nov2":false},"geometry":{"type":"Point","coordinates":[6.744664850000581,7.803045900011584]}},{"type":"Feature","properties":{"osm_id":"1117535814","name":null,"april21":false,"july15":true,"nov2":false},"geometry":{"type":"Point","coordinates":[6.7350066526616805,7.794242873971068]}},{"type":"Feature","properties":{"osm_id":"1117535817","name":null,"april21":false,"july15":true,"nov2":false},"geometry":{"type":"Point","coordinates":[6.738850976001453,7.796173509953207]}},{"type":"Feature","properties":{"osm_id":"1117535818","name":null,"april21":false,"july15":true,"nov2":false},"geometry":{"type":"Point","coordinates":[6.736460962892195,7.79365587594601]}},{"type":"Feature","properties":{"osm_id":"1117535819","name":null,"april21":false,"july15":true,"nov2":false},"geometry":{"type":"Point","coordinates":[6.736306848087373,7.793581772830659]}},{"type":"Feature","properties":{"osm_id":"1117535830","name":null,"april21":false,"july15":true,"nov2":false},"geometry":{"type":"Point","coordinates":[6.737928350000108,7.793479149999695]}},{"type":"Feature","properties":{"osm_id":"1117535843","name":null,"april21":false,"july15":true,"nov2":false},"geometry":{"type":"Point","coordinates":[6.737032759849568,7.794061672825628]}},{"type":"Feature","properties":{"osm_id":"1117535844","name":null,"april21":false,"july15":true,"nov2":false},"geometry":{"type":"Point","coordinates":[6.737049849999671,7.794136600000424]}},{"type":"Feature","properties":{"osm_id":"1117535845","name":null,"april21":false,"july15":true,"nov2":false},"geometry":{"type":"Point","coordinates":[6.7371130435117,7.794121329034004]}},{"type":"Feature","properties":{"osm_id":"1117535846","name":null,"april21":false,"july15":true,"nov2":false},"geometry":{"type":"Point","coordinates":[6.736703758881331,7.794057324376594]}},{"type":"Feature","properties":{"osm_id":"1117535847","name":null,"april21":false,"july15":true,"nov2":false},"geometry":{"type":"Point","coordinates":[6.736633399999719,7.794056650000591]}},{"type":"Feature","properties":{"osm_id":"1117535848","name":null,"april21":false,"july15":true,"nov2":false},"geometry":{"type":"Point","coordinates":[6.736888249999821,7.79399815000078]}},{"type":"Feature","properties":{"osm_id":"1117535849","name":null,"april21":false,"july15":true,"nov2":false},"geometry":{"type":"Point","coordinates":[6.736893550002735,7.794114349998832]}},{"type":"Feature","properties":{"osm_id":"1117535850","name":null,"april21":false,"july15":true,"nov2":false},"geometry":{"type":"Point","coordinates":[6.736461264872087,7.7942381989154015]}},{"type":"Feature","properties":{"osm_id":"1117535851","name":null,"april21":false,"july15":true,"nov2":false},"geometry":{"type":"Point","coordinates":[6.735994849999544,7.7940796500008735]}},{"type":"Feature","properties":{"osm_id":"1117535852","name":null,"april21":false,"july15":true,"nov2":false},"geometry":{"type":"Point","coordinates":[6.7358459000004025,7.797445400000672]}},{"type":"Feature","properties":{"osm_id":"1117535855","name":null,"april21":false,"july15":true,"nov2":false},"geometry":{"type":"Point","coordinates":[6.738952600001265,7.796650399991624]}},{"type":"Feature","properties":{"osm_id":"1117758227","name":null,"april21":false,"july15":true,"nov2":false},"geometry":{"type":"Point","coordinates":[6.743888604421171,7.790456619564518]}},{"type":"Feature","properties":{"osm_id":"1117758228","name":null,"april21":false,"july15":true,"nov2":false},"geometry":{"type":"Point","coordinates":[6.743976983033167,7.790650850556721]}},{"type":"Feature","properties":{"osm_id":"1117758229","name":null,"april21":false,"july15":true,"nov2":false},"geometry":{"type":"Point","coordinates":[6.742947600209248,7.791905061938104]}},{"type":"Feature","properties":{"osm_id":"1117758230","name":null,"april21":false,"july15":true,"nov2":false},"geometry":{"type":"Point","coordinates":[6.742154844782999,7.792290981371293]}},{"type":"Feature","properties":{"osm_id":"1117758231","name":null,"april21":false,"july15":true,"nov2":false},"geometry":{"type":"Point","coordinates":[6.742136949999721,7.792038100000996]}},{"type":"Feature","properties":{"osm_id":"1117758232","name":null,"april21":false,"july15":true,"nov2":false},"geometry":{"type":"Point","coordinates":[6.741183433473621,7.7923956490945505]}},{"type":"Feature","properties":{"osm_id":"1117758233","name":null,"april21":false,"july15":true,"nov2":false},"geometry":{"type":"Point","coordinates":[6.740976799998016,7.79252929999975]}},{"type":"Feature","properties":{"osm_id":"1117758234","name":null,"april21":false,"july15":true,"nov2":false},"geometry":{"type":"Point","coordinates":[6.7409214500010775,7.7924667500014095]}},{"type":"Feature","properties":{"osm_id":"1117758235","name":null,"april21":false,"july15":true,"nov2":false},"geometry":{"type":"Point","coordinates":[6.740858399998506,7.792399000000023]}},{"type":"Feature","properties":{"osm_id":"1117758236","name":null,"april21":false,"july15":true,"nov2":false},"geometry":{"type":"Point","coordinates":[6.7419852312469,7.7903576033652335]}},{"type":"Feature","properties":{"osm_id":"1117995495","name":null,"april21":false,"july15":true,"nov2":false},"geometry":{"type":"Point","coordinates":[6.744417443634692,7.793412575685546]}},{"type":"Feature","properties":{"osm_id":"1117995496","name":null,"april21":false,"july15":true,"nov2":false},"geometry":{"type":"Point","coordinates":[6.744537331297383,7.793609851763417]}},{"type":"Feature","properties":{"osm_id":"1117995497","name":null,"april21":false,"july15":true,"nov2":false},"geometry":{"type":"Point","coordinates":[6.744409392700173,7.793597476167201]}},{"type":"Feature","properties":{"osm_id":"1117995498","name":null,"april21":false,"july15":true,"nov2":false},"geometry":{"type":"Point","coordinates":[6.744582821152899,7.793499177716683]}},{"type":"Feature","properties":{"osm_id":"1117995499","name":null,"april21":false,"july15":true,"nov2":false},"geometry":{"type":"Point","coordinates":[6.743462925370811,7.793281106005925]}},{"type":"Feature","properties":{"osm_id":"1117995500","name":null,"april21":false,"july15":true,"nov2":false},"geometry":{"type":"Point","coordinates":[6.743565250000065,7.7932847499999705]}},{"type":"Feature","properties":{"osm_id":"1117995501","name":null,"april21":false,"july15":true,"nov2":false},"geometry":{"type":"Point","coordinates":[6.743423102889961,7.793493824368065]}},{"type":"Feature","properties":{"osm_id":"1117995502","name":null,"april21":false,"july15":true,"nov2":false},"geometry":{"type":"Point","coordinates":[6.743368699999364,7.793364350001061]}},{"type":"Feature","properties":{"osm_id":"1117995503","name":null,"april21":false,"july15":true,"nov2":false},"geometry":{"type":"Point","coordinates":[6.743139549998722,7.793704950000478]}},{"type":"Feature","properties":{"osm_id":"1117995504","name":null,"april21":false,"july15":true,"nov2":false},"geometry":{"type":"Point","coordinates":[6.743088523059945,7.793850038561979]}},{"type":"Feature","properties":{"osm_id":"1117995505","name":null,"april21":false,"july15":true,"nov2":false},"geometry":{"type":"Point","coordinates":[6.743162599998287,7.793934100009866]}},{"type":"Feature","properties":{"osm_id":"1117995506","name":null,"april21":false,"july15":true,"nov2":false},"geometry":{"type":"Point","coordinates":[6.7433189499994715,7.793902550001848]}},{"type":"Feature","properties":{"osm_id":"1117995508","name":null,"april21":false,"july15":true,"nov2":false},"geometry":{"type":"Point","coordinates":[6.743221464652742,7.794104982381325]}},{"type":"Feature","properties":{"osm_id":"1117995510","name":null,"april21":false,"july15":true,"nov2":false},"geometry":{"type":"Point","coordinates":[6.745264370968494,7.796227542330706]}},{"type":"Feature","properties":{"osm_id":"1117995511","name":null,"april21":false,"july15":true,"nov2":false},"geometry":{"type":"Point","coordinates":[6.745175551400538,7.796299980753451]}},{"type":"Feature","properties":{"osm_id":"1117995512","name":null,"april21":false,"july15":true,"nov2":false},"geometry":{"type":"Point","coordinates":[6.7452015499990265,7.796491199999702]}},{"type":"Feature","properties":{"osm_id":"1117995513","name":null,"april21":false,"july15":true,"nov2":false},"geometry":{"type":"Point","coordinates":[6.74534339461537,7.797154933457199]}},{"type":"Feature","properties":{"osm_id":"1117995514","name":null,"april21":false,"july15":true,"nov2":false},"geometry":{"type":"Point","coordinates":[6.745003403970717,7.797722872395853]}},{"type":"Feature","properties":{"osm_id":"1117995515","name":null,"april21":false,"july15":true,"nov2":false},"geometry":{"type":"Point","coordinates":[6.7447657196640485,7.7976750353458035]}},{"type":"Feature","properties":{"osm_id":"1117995516","name":null,"april21":false,"july15":true,"nov2":false},"geometry":{"type":"Point","coordinates":[6.743931900001578,7.796891500002561]}},{"type":"Feature","properties":{"osm_id":"1117995517","name":null,"april21":false,"july15":true,"nov2":false},"geometry":{"type":"Point","coordinates":[6.743421400000184,7.79722315000709]}},{"type":"Feature","properties":{"osm_id":"1117995518","name":null,"april21":false,"july15":true,"nov2":false},"geometry":{"type":"Point","coordinates":[6.742463299999156,7.797151300000228]}},{"type":"Feature","properties":{"osm_id":"1117995519","name":null,"april21":false,"july15":true,"nov2":false},"geometry":{"type":"Point","coordinates":[6.741114014544759,7.797823418270634]}},{"type":"Feature","properties":{"osm_id":"1117995520","name":null,"april21":false,"july15":true,"nov2":false},"geometry":{"type":"Point","coordinates":[6.741181392127113,7.797786174412173]}},{"type":"Feature","properties":{"osm_id":"1117995522","name":null,"april21":false,"july15":true,"nov2":false},"geometry":{"type":"Point","coordinates":[6.740218879527861,7.794889739119612]}},{"type":"Feature","properties":{"osm_id":"1118278314","name":null,"april21":false,"july15":true,"nov2":false},"geometry":{"type":"Point","coordinates":[6.7431957285329585,7.791162306127766]}},{"type":"Feature","properties":{"osm_id":"1118278315","name":null,"april21":false,"july15":true,"nov2":false},"geometry":{"type":"Point","coordinates":[6.74457634999807,7.791538349998789]}},{"type":"Feature","properties":{"osm_id":"1118278316","name":null,"april21":false,"july15":true,"nov2":false},"geometry":{"type":"Point","coordinates":[6.744441049999769,7.791611299999537]}},{"type":"Feature","properties":{"osm_id":"1118278317","name":null,"april21":false,"july15":true,"nov2":false},"geometry":{"type":"Point","coordinates":[6.744267356353543,7.791726821711611]}},{"type":"Feature","properties":{"osm_id":"1118278318","name":null,"april21":false,"july15":true,"nov2":false},"geometry":{"type":"Point","coordinates":[6.7443704783053,7.791743456290696]}},{"type":"Feature","properties":{"osm_id":"1118278319","name":null,"april21":false,"july15":true,"nov2":false},"geometry":{"type":"Point","coordinates":[6.744480270520588,7.791720439787335]}},{"type":"Feature","properties":{"osm_id":"1118278320","name":null,"april21":false,"july15":true,"nov2":false},"geometry":{"type":"Point","coordinates":[6.743289443784713,7.789813878913335]}},{"type":"Feature","properties":{"osm_id":"1118278321","name":null,"april21":false,"july15":true,"nov2":false},"geometry":{"type":"Point","coordinates":[6.743386666871946,7.789815565818008]}},{"type":"Feature","properties":{"osm_id":"1118278322","name":null,"april21":false,"july15":true,"nov2":false},"geometry":{"type":"Point","coordinates":[6.743497649999861,7.789760850000339]}},{"type":"Feature","properties":{"osm_id":"1118278323","name":null,"april21":false,"july15":true,"nov2":false},"geometry":{"type":"Point","coordinates":[6.743639400000077,7.78974725000075]}},{"type":"Feature","properties":{"osm_id":"1118278324","name":null,"april21":false,"july15":true,"nov2":false},"geometry":{"type":"Point","coordinates":[6.743637799999585,7.789802199999708]}},{"type":"Feature","properties":{"osm_id":"1118560323","name":null,"april21":false,"july15":true,"nov2":false},"geometry":{"type":"Point","coordinates":[6.734455447010392,7.7963674666532805]}},{"type":"Feature","properties":{"osm_id":"1118560675","name":null,"april21":false,"july15":true,"nov2":false},"geometry":{"type":"Point","coordinates":[6.7436218755604775,7.801931661070056]}},{"type":"Feature","properties":{"osm_id":"1118560676","name":null,"april21":false,"july15":true,"nov2":false},"geometry":{"type":"Point","coordinates":[6.743394028528341,7.801492704330267]}},{"type":"Feature","properties":{"osm_id":"1118560681","name":null,"april21":false,"july15":true,"nov2":false},"geometry":{"type":"Point","coordinates":[6.7440671999990185,7.800988649999982]}},{"type":"Feature","properties":{"osm_id":"1118560682","name":null,"april21":false,"july15":true,"nov2":false},"geometry":{"type":"Point","coordinates":[6.744094275125643,7.801093809553858]}},{"type":"Feature","properties":{"osm_id":"1118560683","name":null,"april21":false,"july15":true,"nov2":false},"geometry":{"type":"Point","coordinates":[6.743787988542314,7.801273025583495]}},{"type":"Feature","properties":{"osm_id":"1118560684","name":null,"april21":false,"july15":true,"nov2":false},"geometry":{"type":"Point","coordinates":[6.744022584935168,7.8014683680354455]}},{"type":"Feature","properties":{"osm_id":"1118560685","name":null,"april21":false,"july15":true,"nov2":false},"geometry":{"type":"Point","coordinates":[6.7438209478963405,7.801616228106846]}},{"type":"Feature","properties":{"osm_id":"1118560686","name":null,"april21":false,"july15":true,"nov2":false},"geometry":{"type":"Point","coordinates":[6.744761798284347,7.801289301215111]}},{"type":"Feature","properties":{"osm_id":"1118560687","name":null,"april21":false,"july15":true,"nov2":false},"geometry":{"type":"Point","coordinates":[6.744715612293329,7.80177671433511]}},{"type":"Feature","properties":{"osm_id":"1118560688","name":null,"april21":false,"july15":true,"nov2":false},"geometry":{"type":"Point","coordinates":[6.744543349999299,7.802382150001105]}},{"type":"Feature","properties":{"osm_id":"1118560689","name":null,"april21":false,"july15":true,"nov2":false},"geometry":{"type":"Point","coordinates":[6.743258364906394,7.804033932461244]}},{"type":"Feature","properties":{"osm_id":"1118809684","name":null,"april21":false,"july15":true,"nov2":false},"geometry":{"type":"Point","coordinates":[6.734436543360067,7.794719371900554]}},{"type":"Feature","properties":{"osm_id":"1118809685","name":null,"april21":false,"july15":true,"nov2":false},"geometry":{"type":"Point","coordinates":[6.7345819499996775,7.794434400000641]}},{"type":"Feature","properties":{"osm_id":"1118810740","name":null,"april21":false,"july15":true,"nov2":false},"geometry":{"type":"Point","coordinates":[6.743878552438673,7.790292040817697]}},{"type":"Feature","properties":{"osm_id":"1118810741","name":null,"april21":false,"july15":true,"nov2":false},"geometry":{"type":"Point","coordinates":[6.744012149999767,7.790417500000416]}},{"type":"Feature","properties":{"osm_id":"1118810743","name":null,"april21":false,"july15":true,"nov2":false},"geometry":{"type":"Point","coordinates":[6.743744151382538,7.790731066886147]}},{"type":"Feature","properties":{"osm_id":"1118810744","name":null,"april21":false,"july15":true,"nov2":false},"geometry":{"type":"Point","coordinates":[6.743364999999079,7.79081790000239]}},{"type":"Feature","properties":{"osm_id":"1118810745","name":null,"april21":false,"july15":true,"nov2":false},"geometry":{"type":"Point","coordinates":[6.7431493178983715,7.790969590225234]}},{"type":"Feature","properties":{"osm_id":"1118810746","name":null,"april21":false,"july15":true,"nov2":false},"geometry":{"type":"Point","coordinates":[6.743622200000622,7.79121789999757]}},{"type":"Feature","properties":{"osm_id":"1118810747","name":null,"april21":false,"july15":true,"nov2":false},"geometry":{"type":"Point","coordinates":[6.743083345134858,7.791203427263743]}},{"type":"Feature","properties":{"osm_id":"1118812529","name":null,"april21":false,"july15":true,"nov2":false},"geometry":{"type":"Point","coordinates":[6.74436613823945,7.790470695922324]}},{"type":"Feature","properties":{"osm_id":"1118812530","name":null,"april21":false,"july15":true,"nov2":false},"geometry":{"type":"Point","coordinates":[6.743527747863539,7.789929738685892]}},{"type":"Feature","properties":{"osm_id":"1118812531","name":null,"april21":false,"july15":true,"nov2":false},"geometry":{"type":"Point","coordinates":[6.742992130072254,7.790022633623873]}},{"type":"Feature","properties":{"osm_id":"1118812532","name":null,"april21":false,"july15":true,"nov2":false},"geometry":{"type":"Point","coordinates":[6.743165699999903,7.790169649999742]}},{"type":"Feature","properties":{"osm_id":"1118812555","name":null,"april21":false,"july15":true,"nov2":false},"geometry":{"type":"Point","coordinates":[6.742159385687172,7.790969733487165]}},{"type":"Feature","properties":{"osm_id":"1118812568","name":null,"april21":false,"july15":true,"nov2":false},"geometry":{"type":"Point","coordinates":[6.741406506676697,7.791453561267329]}},{"type":"Feature","properties":{"osm_id":"1118813079","name":null,"april21":false,"july15":true,"nov2":false},"geometry":{"type":"Point","coordinates":[6.740976083013095,7.792021801134485]}},{"type":"Feature","properties":{"osm_id":"1118813081","name":null,"april21":false,"july15":true,"nov2":false},"geometry":{"type":"Point","coordinates":[6.741561321390132,7.792150494166211]}},{"type":"Feature","properties":{"osm_id":"1118813083","name":null,"april21":false,"july15":true,"nov2":false},"geometry":{"type":"Point","coordinates":[6.7414301767548945,7.791845956446918]}},{"type":"Feature","properties":{"osm_id":"1118813084","name":null,"april21":false,"july15":true,"nov2":false},"geometry":{"type":"Point","coordinates":[6.742160349999977,7.791734899999926]}},{"type":"Feature","properties":{"osm_id":"1118813085","name":null,"april21":false,"july15":true,"nov2":false},"geometry":{"type":"Point","coordinates":[6.74204873614639,7.791401825923397]}},{"type":"Feature","properties":{"osm_id":"1118813086","name":null,"april21":false,"july15":true,"nov2":false},"geometry":{"type":"Point","coordinates":[6.742707460802541,7.791558415584714]}},{"type":"Feature","properties":{"osm_id":"1118813087","name":null,"april21":false,"july15":true,"nov2":false},"geometry":{"type":"Point","coordinates":[6.742859158618393,7.791520519153493]}},{"type":"Feature","properties":{"osm_id":"1118813380","name":null,"april21":false,"july15":true,"nov2":false},"geometry":{"type":"Point","coordinates":[6.742529481768052,7.792573797712096]}},{"type":"Feature","properties":{"osm_id":"1118813381","name":null,"april21":false,"july15":true,"nov2":false},"geometry":{"type":"Point","coordinates":[6.742735225836854,7.792427588310362]}},{"type":"Feature","properties":{"osm_id":"1118813382","name":null,"april21":false,"july15":true,"nov2":false},"geometry":{"type":"Point","coordinates":[6.7434466813450245,7.79182943158682]}},{"type":"Feature","properties":{"osm_id":"1118813383","name":null,"april21":false,"july15":true,"nov2":false},"geometry":{"type":"Point","coordinates":[6.743684811217774,7.791809371451716]}},{"type":"Feature","properties":{"osm_id":"1118813384","name":null,"april21":false,"july15":true,"nov2":false},"geometry":{"type":"Point","coordinates":[6.743366918547631,7.791777872894138]}},{"type":"Feature","properties":{"osm_id":"1118813386","name":null,"april21":false,"july15":true,"nov2":false},"geometry":{"type":"Point","coordinates":[6.743357699999783,7.79185010000017]}},{"type":"Feature","properties":{"osm_id":"1118813387","name":null,"april21":false,"july15":true,"nov2":false},"geometry":{"type":"Point","coordinates":[6.743649399999139,7.79158499999949]}},{"type":"Feature","properties":{"osm_id":"1118813388","name":null,"april21":false,"july15":true,"nov2":false},"geometry":{"type":"Point","coordinates":[6.743755426409154,7.791566742548545]}},{"type":"Feature","properties":{"osm_id":"1118813389","name":null,"april21":false,"july15":true,"nov2":false},"geometry":{"type":"Point","coordinates":[6.7438409972442805,7.7915483757668635]}},{"type":"Feature","properties":{"osm_id":"1118813390","name":null,"april21":false,"july15":true,"nov2":false},"geometry":{"type":"Point","coordinates":[6.744067099999579,7.791201300000425]}},{"type":"Feature","properties":{"osm_id":"1118813391","name":null,"april21":false,"july15":true,"nov2":false},"geometry":{"type":"Point","coordinates":[6.743737010757394,7.79147621987641]}},{"type":"Feature","properties":{"osm_id":"1118813750","name":null,"april21":false,"july15":true,"nov2":false},"geometry":{"type":"Point","coordinates":[6.743829499998718,7.7926741999994515]}},{"type":"Feature","properties":{"osm_id":"1118813751","name":null,"april21":false,"july15":true,"nov2":false},"geometry":{"type":"Point","coordinates":[6.743561205514608,7.792620723001299]}},{"type":"Feature","properties":{"osm_id":"1118813752","name":null,"april21":false,"july15":true,"nov2":false},"geometry":{"type":"Point","coordinates":[6.7438064682186285,7.792411959514777]}},{"type":"Feature","properties":{"osm_id":"1118813753","name":null,"april21":false,"july15":true,"nov2":false},"geometry":{"type":"Point","coordinates":[6.74419302534772,7.792273513309117]}},{"type":"Feature","properties":{"osm_id":"1118813754","name":null,"april21":false,"july15":true,"nov2":false},"geometry":{"type":"Point","coordinates":[6.744018239262309,7.791883074672255]}},{"type":"Feature","properties":{"osm_id":"1118813755","name":null,"april21":false,"july15":true,"nov2":false},"geometry":{"type":"Point","coordinates":[6.744589722901557,7.79166679419765]}},{"type":"Feature","properties":{"osm_id":"1118955831","name":null,"april21":false,"july15":true,"nov2":false},"geometry":{"type":"Point","coordinates":[6.736330099991824,7.797560399997926]}},{"type":"Feature","properties":{"osm_id":"1119773611","name":null,"april21":false,"july15":true,"nov2":false},"geometry":{"type":"Point","coordinates":[6.7886919544211555,7.838835973105653]}},{"type":"Feature","properties":{"osm_id":"1119774832","name":null,"april21":false,"july15":true,"nov2":false},"geometry":{"type":"Point","coordinates":[6.7719260499996485,7.8218917500011855]}},{"type":"Feature","properties":{"osm_id":"1120064150","name":null,"april21":false,"july15":true,"nov2":false},"geometry":{"type":"Point","coordinates":[6.740967995466193,7.797695974151954]}},{"type":"Feature","properties":{"osm_id":"1120064151","name":null,"april21":false,"july15":true,"nov2":false},"geometry":{"type":"Point","coordinates":[6.740416746182324,7.796443124557916]}},{"type":"Feature","properties":{"osm_id":"1120064153","name":null,"april21":false,"july15":true,"nov2":false},"geometry":{"type":"Point","coordinates":[6.741514750000112,7.795816400000389]}},{"type":"Feature","properties":{"osm_id":"1120064154","name":null,"april21":false,"july15":true,"nov2":false},"geometry":{"type":"Point","coordinates":[6.741419699999814,7.795822000000182]}},{"type":"Feature","properties":{"osm_id":"1120064155","name":null,"april21":false,"july15":true,"nov2":false},"geometry":{"type":"Point","coordinates":[6.740831725840332,7.796735608131341]}},{"type":"Feature","properties":{"osm_id":"1120064156","name":null,"april21":false,"july15":true,"nov2":false},"geometry":{"type":"Point","coordinates":[6.744436649999782,7.797689150000413]}},{"type":"Feature","properties":{"osm_id":"1120064157","name":null,"april21":false,"july15":true,"nov2":false},"geometry":{"type":"Point","coordinates":[6.745241349996051,7.797924099995657]}},{"type":"Feature","properties":{"osm_id":"1120064158","name":null,"april21":false,"july15":true,"nov2":false},"geometry":{"type":"Point","coordinates":[6.744990099999831,7.79763150000107]}},{"type":"Feature","properties":{"osm_id":"1120064159","name":null,"april21":false,"july15":true,"nov2":false},"geometry":{"type":"Point","coordinates":[6.744997899999948,7.797574550000261]}},{"type":"Feature","properties":{"osm_id":"1120064160","name":null,"april21":false,"july15":true,"nov2":false},"geometry":{"type":"Point","coordinates":[6.744909657725941,7.797693916722782]}},{"type":"Feature","properties":{"osm_id":"1120064161","name":null,"april21":false,"july15":true,"nov2":false},"geometry":{"type":"Point","coordinates":[6.74510917828946,7.79755215011216]}},{"type":"Feature","properties":{"osm_id":"1120064162","name":null,"april21":false,"july15":true,"nov2":false},"geometry":{"type":"Point","coordinates":[6.745579553658032,7.797399100060496]}},{"type":"Feature","properties":{"osm_id":"1120064164","name":null,"april21":false,"july15":true,"nov2":false},"geometry":{"type":"Point","coordinates":[6.7438389591732975,7.793522073785668]}},{"type":"Feature","properties":{"osm_id":"1120064165","name":null,"april21":false,"july15":true,"nov2":false},"geometry":{"type":"Point","coordinates":[6.7439891500001785,7.793654849999854]}},{"type":"Feature","properties":{"osm_id":"1120064166","name":null,"april21":false,"july15":true,"nov2":false},"geometry":{"type":"Point","coordinates":[6.7440491813167105,7.7936575272435284]}},{"type":"Feature","properties":{"osm_id":"1120064167","name":null,"april21":false,"july15":true,"nov2":false},"geometry":{"type":"Point","coordinates":[6.743687999999879,7.793579850000364]}},{"type":"Feature","properties":{"osm_id":"1120064168","name":null,"april21":false,"july15":true,"nov2":false},"geometry":{"type":"Point","coordinates":[6.743538149999943,7.7936748499999355]}},{"type":"Feature","properties":{"osm_id":"1120064169","name":null,"april21":false,"july15":true,"nov2":false},"geometry":{"type":"Point","coordinates":[6.743224528443676,7.793582504675172]}},{"type":"Feature","properties":{"osm_id":"1120064170","name":null,"april21":false,"july15":true,"nov2":false},"geometry":{"type":"Point","coordinates":[6.743036373164546,7.793598547930112]}},{"type":"Feature","properties":{"osm_id":"1120064173","name":null,"april21":false,"july15":true,"nov2":false},"geometry":{"type":"Point","coordinates":[6.743040290040649,7.794565556690643]}},{"type":"Feature","properties":{"osm_id":"1120064188","name":null,"april21":false,"july15":true,"nov2":false},"geometry":{"type":"Point","coordinates":[6.741341072340039,7.79286665940149]}},{"type":"Feature","properties":{"osm_id":"1120064190","name":null,"april21":false,"july15":true,"nov2":false},"geometry":{"type":"Point","coordinates":[6.7437356059086175,7.7945492138266665]}},{"type":"Feature","properties":{"osm_id":"1120064191","name":null,"april21":false,"july15":true,"nov2":false},"geometry":{"type":"Point","coordinates":[6.743756596544933,7.794624384010359]}},{"type":"Feature","properties":{"osm_id":"1120064192","name":null,"april21":false,"july15":true,"nov2":false},"geometry":{"type":"Point","coordinates":[6.743818100002945,7.794566350001654]}},{"type":"Feature","properties":{"osm_id":"1120064193","name":null,"april21":false,"july15":true,"nov2":false},"geometry":{"type":"Point","coordinates":[6.743839083218019,7.79466050040901]}},{"type":"Feature","properties":{"osm_id":"1120064194","name":null,"april21":false,"july15":true,"nov2":false},"geometry":{"type":"Point","coordinates":[6.74385704173247,7.794706184482496]}},{"type":"Feature","properties":{"osm_id":"1120064195","name":null,"april21":false,"july15":true,"nov2":false},"geometry":{"type":"Point","coordinates":[6.743844500000396,7.794761900000745]}},{"type":"Feature","properties":{"osm_id":"1120064196","name":null,"april21":false,"july15":true,"nov2":false},"geometry":{"type":"Point","coordinates":[6.743889906136543,7.794501786840907]}},{"type":"Feature","properties":{"osm_id":"1120064197","name":null,"april21":false,"july15":true,"nov2":false},"geometry":{"type":"Point","coordinates":[6.745518799998992,7.7944389499992575]}},{"type":"Feature","properties":{"osm_id":"1120064199","name":null,"april21":false,"july15":true,"nov2":false},"geometry":{"type":"Point","coordinates":[6.745058649998349,7.7948184000034955]}},{"type":"Feature","properties":{"osm_id":"1120064200","name":null,"april21":false,"july15":true,"nov2":false},"geometry":{"type":"Point","coordinates":[6.745622033250689,7.795867232140708]}},{"type":"Feature","properties":{"osm_id":"1120064201","name":null,"april21":false,"july15":true,"nov2":false},"geometry":{"type":"Point","coordinates":[6.745208227586805,7.795824108779162]}},{"type":"Feature","properties":{"osm_id":"1120064203","name":null,"april21":false,"july15":true,"nov2":false},"geometry":{"type":"Point","coordinates":[6.7454490499998565,7.798038400000134]}},{"type":"Feature","properties":{"osm_id":"1120064204","name":null,"april21":false,"july15":true,"nov2":false},"geometry":{"type":"Point","coordinates":[6.745399899997722,7.798060099995113]}},{"type":"Feature","properties":{"osm_id":"1120064205","name":null,"april21":false,"july15":true,"nov2":false},"geometry":{"type":"Point","coordinates":[6.745376576204245,7.797896860184472]}},{"type":"Feature","properties":{"osm_id":"1120064206","name":null,"april21":false,"july15":true,"nov2":false},"geometry":{"type":"Point","coordinates":[6.745273073546017,7.797441885337756]}},{"type":"Feature","properties":{"osm_id":"1120064207","name":null,"april21":false,"july15":true,"nov2":false},"geometry":{"type":"Point","coordinates":[6.7437238999834195,7.797039499994482]}},{"type":"Feature","properties":{"osm_id":"1120064208","name":null,"april21":false,"july15":true,"nov2":false},"geometry":{"type":"Point","coordinates":[6.744416899999807,7.795713950000053]}},{"type":"Feature","properties":{"osm_id":"1120064213","name":null,"april21":false,"july15":true,"nov2":false},"geometry":{"type":"Point","coordinates":[6.745559999999939,7.794789750000634]}},{"type":"Feature","properties":{"osm_id":"1120064214","name":null,"april21":false,"july15":true,"nov2":false},"geometry":{"type":"Point","coordinates":[6.7455680684908765,7.7949068919506175]}},{"type":"Feature","properties":{"osm_id":"1120064215","name":null,"april21":false,"july15":true,"nov2":false},"geometry":{"type":"Point","coordinates":[6.7452693842656,7.7945236483506]}},{"type":"Feature","properties":{"osm_id":"1120064216","name":null,"april21":false,"july15":true,"nov2":false},"geometry":{"type":"Point","coordinates":[6.7451592499993005,7.79459515000197]}},{"type":"Feature","properties":{"osm_id":"1120064220","name":null,"april21":false,"july15":true,"nov2":false},"geometry":{"type":"Point","coordinates":[6.744648619970726,7.793462921480833]}},{"type":"Feature","properties":{"osm_id":"1120064221","name":null,"april21":false,"july15":true,"nov2":false},"geometry":{"type":"Point","coordinates":[6.74488582691326,7.7934349880098575]}},{"type":"Feature","properties":{"osm_id":"1120064222","name":null,"april21":false,"july15":true,"nov2":false},"geometry":{"type":"Point","coordinates":[6.744429025093706,7.793348940846828]}},{"type":"Feature","properties":{"osm_id":"1120064223","name":null,"april21":false,"july15":true,"nov2":false},"geometry":{"type":"Point","coordinates":[6.7444582999997875,7.793412549999582]}},{"type":"Feature","properties":{"osm_id":"1120064224","name":null,"april21":false,"july15":true,"nov2":false},"geometry":{"type":"Point","coordinates":[6.744492385107795,7.79350986043354]}},{"type":"Feature","properties":{"osm_id":"1120064225","name":null,"april21":false,"july15":true,"nov2":false},"geometry":{"type":"Point","coordinates":[6.744422304949518,7.793508323679941]}},{"type":"Feature","properties":{"osm_id":"1120064226","name":null,"april21":false,"july15":true,"nov2":false},"geometry":{"type":"Point","coordinates":[6.74436930682042,7.793712460955081]}},{"type":"Feature","properties":{"osm_id":"1120064227","name":null,"april21":false,"july15":true,"nov2":false},"geometry":{"type":"Point","coordinates":[6.7444447500006675,7.793722999997101]}},{"type":"Feature","properties":{"osm_id":"1120064228","name":null,"april21":false,"july15":true,"nov2":false},"geometry":{"type":"Point","coordinates":[6.744450789324428,7.793817175965741]}},{"type":"Feature","properties":{"osm_id":"1120064229","name":null,"april21":false,"july15":true,"nov2":false},"geometry":{"type":"Point","coordinates":[6.744133799999351,7.794185200000196]}},{"type":"Feature","properties":{"osm_id":"1120064230","name":null,"april21":false,"july15":true,"nov2":false},"geometry":{"type":"Point","coordinates":[6.744198675717948,7.794320469299695]}},{"type":"Feature","properties":{"osm_id":"1120064231","name":null,"april21":false,"july15":true,"nov2":false},"geometry":{"type":"Point","coordinates":[6.744273349999884,7.794379850001149]}},{"type":"Feature","properties":{"osm_id":"1120064232","name":null,"april21":false,"july15":true,"nov2":false},"geometry":{"type":"Point","coordinates":[6.744439917418713,7.7942776669952725]}},{"type":"Feature","properties":{"osm_id":"1120064233","name":null,"april21":false,"july15":true,"nov2":false},"geometry":{"type":"Point","coordinates":[6.743945699999824,7.793295449999738]}},{"type":"Feature","properties":{"osm_id":"1120064234","name":null,"april21":false,"july15":true,"nov2":false},"geometry":{"type":"Point","coordinates":[6.744089949999778,7.793081150000606]}},{"type":"Feature","properties":{"osm_id":"1120064235","name":null,"april21":false,"july15":true,"nov2":false},"geometry":{"type":"Point","coordinates":[6.7442972109056605,7.792951374969222]}},{"type":"Feature","properties":{"osm_id":"1120064236","name":null,"april21":false,"july15":true,"nov2":false},"geometry":{"type":"Point","coordinates":[6.744219252725274,7.793097024962486]}},{"type":"Feature","properties":{"osm_id":"1120064237","name":null,"april21":false,"july15":true,"nov2":false},"geometry":{"type":"Point","coordinates":[6.744223615328451,7.793192517826524]}},{"type":"Feature","properties":{"osm_id":"1120064238","name":null,"april21":false,"july15":true,"nov2":false},"geometry":{"type":"Point","coordinates":[6.7441425249274545,7.7932634127755165]}},{"type":"Feature","properties":{"osm_id":"1120064239","name":null,"april21":false,"july15":true,"nov2":false},"geometry":{"type":"Point","coordinates":[6.744151581530565,7.793338464286383]}},{"type":"Feature","properties":{"osm_id":"1120064240","name":null,"april21":false,"july15":true,"nov2":false},"geometry":{"type":"Point","coordinates":[6.744033399999538,7.793211650000877]}},{"type":"Feature","properties":{"osm_id":"1120064241","name":null,"april21":false,"july15":true,"nov2":false},"geometry":{"type":"Point","coordinates":[6.744086126004208,7.793235728547993]}},{"type":"Feature","properties":{"osm_id":"1120064242","name":null,"april21":false,"july15":true,"nov2":false},"geometry":{"type":"Point","coordinates":[6.742644049987102,7.793460499961972]}},{"type":"Feature","properties":{"osm_id":"1120064244","name":null,"april21":false,"july15":true,"nov2":false},"geometry":{"type":"Point","coordinates":[6.743552226669772,7.792774660568873]}},{"type":"Feature","properties":{"osm_id":"1120064245","name":null,"april21":false,"july15":true,"nov2":false},"geometry":{"type":"Point","coordinates":[6.743557981218179,7.792696914612544]}},{"type":"Feature","properties":{"osm_id":"1120064246","name":null,"april21":false,"july15":true,"nov2":false},"geometry":{"type":"Point","coordinates":[6.743748200000252,7.792756450002006]}},{"type":"Feature","properties":{"osm_id":"1120064247","name":null,"april21":false,"july15":true,"nov2":false},"geometry":{"type":"Point","coordinates":[6.743822682871531,7.792925138974167]}},{"type":"Feature","properties":{"osm_id":"1120064248","name":null,"april21":false,"july15":true,"nov2":false},"geometry":{"type":"Point","coordinates":[6.743851449223353,7.793003021288136]}},{"type":"Feature","properties":{"osm_id":"1120064249","name":null,"april21":false,"july15":true,"nov2":false},"geometry":{"type":"Point","coordinates":[6.743932199999898,7.792946250000004]}},{"type":"Feature","properties":{"osm_id":"1120064250","name":null,"april21":false,"july15":true,"nov2":false},"geometry":{"type":"Point","coordinates":[6.743974944907674,7.792927178000914]}},{"type":"Feature","properties":{"osm_id":"1120064251","name":null,"april21":false,"july15":true,"nov2":false},"geometry":{"type":"Point","coordinates":[6.7439166499998695,7.792879100000727]}},{"type":"Feature","properties":{"osm_id":"1120064252","name":null,"april21":false,"july15":true,"nov2":false},"geometry":{"type":"Point","coordinates":[6.742570149999916,7.7927707500002]}},{"type":"Feature","properties":{"osm_id":"1120064253","name":null,"april21":false,"july15":true,"nov2":false},"geometry":{"type":"Point","coordinates":[6.742585899999878,7.7928315000001565]}},{"type":"Feature","properties":{"osm_id":"1120064254","name":null,"april21":false,"july15":true,"nov2":false},"geometry":{"type":"Point","coordinates":[6.742824706505063,7.793126215863088]}},{"type":"Feature","properties":{"osm_id":"1120064255","name":null,"april21":false,"july15":true,"nov2":false},"geometry":{"type":"Point","coordinates":[6.742899759708977,7.793141569124311]}},{"type":"Feature","properties":{"osm_id":"1120064256","name":null,"april21":false,"july15":true,"nov2":false},"geometry":{"type":"Point","coordinates":[6.742912999999418,7.793193599999874]}},{"type":"Feature","properties":{"osm_id":"1120064257","name":null,"april21":false,"july15":true,"nov2":false},"geometry":{"type":"Point","coordinates":[6.743259573962859,7.793188542475923]}},{"type":"Feature","properties":{"osm_id":"1120064258","name":null,"april21":false,"july15":true,"nov2":false},"geometry":{"type":"Point","coordinates":[6.743283599999827,7.793334850000504]}},{"type":"Feature","properties":{"osm_id":"1120064259","name":null,"april21":false,"july15":true,"nov2":false},"geometry":{"type":"Point","coordinates":[6.743167776756556,7.793410868198803]}},{"type":"Feature","properties":{"osm_id":"1120064260","name":null,"april21":false,"july15":true,"nov2":false},"geometry":{"type":"Point","coordinates":[6.743225654198401,7.793497224323631]}},{"type":"Feature","properties":{"osm_id":"1120064261","name":null,"april21":false,"july15":true,"nov2":false},"geometry":{"type":"Point","coordinates":[6.7434308479119816,7.793717526778161]}},{"type":"Feature","properties":{"osm_id":"1120064262","name":null,"april21":false,"july15":true,"nov2":false},"geometry":{"type":"Point","coordinates":[6.743067849999185,7.7940387500032955]}},{"type":"Feature","properties":{"osm_id":"1120064263","name":null,"april21":false,"july15":true,"nov2":false},"geometry":{"type":"Point","coordinates":[6.743037797165238,7.79415197910414]}},{"type":"Feature","properties":{"osm_id":"1120064264","name":null,"april21":false,"july15":true,"nov2":false},"geometry":{"type":"Point","coordinates":[6.743065149999933,7.794129700000133]}},{"type":"Feature","properties":{"osm_id":"1120064265","name":null,"april21":false,"july15":true,"nov2":false},"geometry":{"type":"Point","coordinates":[6.743101012138142,7.794197521195277]}},{"type":"Feature","properties":{"osm_id":"1120064266","name":null,"april21":false,"july15":true,"nov2":false},"geometry":{"type":"Point","coordinates":[6.74308631838424,7.794165243617829]}},{"type":"Feature","properties":{"osm_id":"1120064270","name":null,"april21":false,"july15":true,"nov2":false},"geometry":{"type":"Point","coordinates":[6.742658272627538,7.794501391897432]}},{"type":"Feature","properties":{"osm_id":"1120064276","name":null,"april21":false,"july15":true,"nov2":false},"geometry":{"type":"Point","coordinates":[6.742898500000976,7.796524700001587]}},{"type":"Feature","properties":{"osm_id":"1120064281","name":null,"april21":false,"july15":true,"nov2":false},"geometry":{"type":"Point","coordinates":[6.742757498085349,7.795947265255584]}},{"type":"Feature","properties":{"osm_id":"1120064282","name":null,"april21":false,"july15":true,"nov2":false},"geometry":{"type":"Point","coordinates":[6.743456015289956,7.795444190289781]}},{"type":"Feature","properties":{"osm_id":"1120064283","name":null,"april21":false,"july15":true,"nov2":false},"geometry":{"type":"Point","coordinates":[6.743497435526716,7.795428292210704]}},{"type":"Feature","properties":{"osm_id":"1120064284","name":null,"april21":false,"july15":true,"nov2":false},"geometry":{"type":"Point","coordinates":[6.7437436999984435,7.795641699999377]}},{"type":"Feature","properties":{"osm_id":"1120064285","name":null,"april21":false,"july15":true,"nov2":false},"geometry":{"type":"Point","coordinates":[6.743753399998513,7.795779200001487]}},{"type":"Feature","properties":{"osm_id":"1120064286","name":null,"april21":false,"july15":true,"nov2":false},"geometry":{"type":"Point","coordinates":[6.743991602757313,7.795707269635077]}},{"type":"Feature","properties":{"osm_id":"1120064287","name":null,"april21":false,"july15":true,"nov2":false},"geometry":{"type":"Point","coordinates":[6.744146699999313,7.795747649999922]}},{"type":"Feature","properties":{"osm_id":"1120064288","name":null,"april21":false,"july15":true,"nov2":false},"geometry":{"type":"Point","coordinates":[6.744024627693468,7.795917065873764]}},{"type":"Feature","properties":{"osm_id":"1120064289","name":null,"april21":false,"july15":true,"nov2":false},"geometry":{"type":"Point","coordinates":[6.744630483017038,7.796016350408587]}},{"type":"Feature","properties":{"osm_id":"1120064290","name":null,"april21":false,"july15":true,"nov2":false},"geometry":{"type":"Point","coordinates":[6.7447462999997425,7.796448550001143]}},{"type":"Feature","properties":{"osm_id":"1120064291","name":null,"april21":false,"july15":true,"nov2":false},"geometry":{"type":"Point","coordinates":[6.744951849999489,7.796401199999796]}},{"type":"Feature","properties":{"osm_id":"1120064292","name":null,"april21":false,"july15":true,"nov2":false},"geometry":{"type":"Point","coordinates":[6.745032503692851,7.796178320435116]}},{"type":"Feature","properties":{"osm_id":"1120064293","name":null,"april21":false,"july15":true,"nov2":false},"geometry":{"type":"Point","coordinates":[6.745123410877747,7.796186641098783]}},{"type":"Feature","properties":{"osm_id":"1120064294","name":null,"april21":false,"july15":true,"nov2":false},"geometry":{"type":"Point","coordinates":[6.745021799999882,7.796058350000153]}},{"type":"Feature","properties":{"osm_id":"1120064295","name":null,"april21":false,"july15":true,"nov2":false},"geometry":{"type":"Point","coordinates":[6.745035199999764,7.796114550000745]}},{"type":"Feature","properties":{"osm_id":"1120064296","name":null,"april21":false,"july15":true,"nov2":false},"geometry":{"type":"Point","coordinates":[6.7442149221120555,7.797222735692793]}},{"type":"Feature","properties":{"osm_id":"1120064297","name":null,"april21":false,"july15":true,"nov2":false},"geometry":{"type":"Point","coordinates":[6.744311628193762,7.797171453412931]}},{"type":"Feature","properties":{"osm_id":"1120064298","name":null,"april21":false,"july15":true,"nov2":false},"geometry":{"type":"Point","coordinates":[6.744705649999607,7.797126400001032]}},{"type":"Feature","properties":{"osm_id":"1120064299","name":null,"april21":false,"july15":true,"nov2":false},"geometry":{"type":"Point","coordinates":[6.745472546674816,7.796434077793839]}},{"type":"Feature","properties":{"osm_id":"1120064300","name":null,"april21":false,"july15":true,"nov2":false},"geometry":{"type":"Point","coordinates":[6.745099899999343,7.796394899999447]}},{"type":"Feature","properties":{"osm_id":"1120064301","name":null,"april21":false,"july15":true,"nov2":false},"geometry":{"type":"Point","coordinates":[6.744793996858271,7.796301383577149]}},{"type":"Feature","properties":{"osm_id":"1120064302","name":null,"april21":false,"july15":true,"nov2":false},"geometry":{"type":"Point","coordinates":[6.744880767215653,7.796654395779883]}},{"type":"Feature","properties":{"osm_id":"1120064303","name":null,"april21":false,"july15":true,"nov2":false},"geometry":{"type":"Point","coordinates":[6.744798599997417,7.796544250000267]}},{"type":"Feature","properties":{"osm_id":"1120064304","name":null,"april21":false,"july15":true,"nov2":false},"geometry":{"type":"Point","coordinates":[6.743499199999866,7.796404900000466]}},{"type":"Feature","properties":{"osm_id":"1120064305","name":null,"april21":false,"july15":true,"nov2":false},"geometry":{"type":"Point","coordinates":[6.744474560317056,7.796716317458652]}},{"type":"Feature","properties":{"osm_id":"1120064306","name":null,"april21":false,"july15":true,"nov2":false},"geometry":{"type":"Point","coordinates":[6.745533900000647,7.79689435001234]}},{"type":"Feature","properties":{"osm_id":"1120064307","name":null,"april21":false,"july15":true,"nov2":false},"geometry":{"type":"Point","coordinates":[6.7454747999992,7.797010299999899]}},{"type":"Feature","properties":{"osm_id":"1120064308","name":null,"april21":false,"july15":true,"nov2":false},"geometry":{"type":"Point","coordinates":[6.745556349994663,7.797132950001828]}},{"type":"Feature","properties":{"osm_id":"1120064309","name":null,"april21":false,"july15":true,"nov2":false},"geometry":{"type":"Point","coordinates":[6.745144539600702,7.797143565077284]}},{"type":"Feature","properties":{"osm_id":"1120064310","name":null,"april21":false,"july15":true,"nov2":false},"geometry":{"type":"Point","coordinates":[6.745205799999962,7.797390300000298]}},{"type":"Feature","properties":{"osm_id":"1120064311","name":null,"april21":false,"july15":true,"nov2":false},"geometry":{"type":"Point","coordinates":[6.74366975000058,7.797639400001422]}},{"type":"Feature","properties":{"osm_id":"1120064312","name":null,"april21":false,"july15":true,"nov2":false},"geometry":{"type":"Point","coordinates":[6.743679132785086,7.797706510297183]}},{"type":"Feature","properties":{"osm_id":"1120064313","name":null,"april21":false,"july15":true,"nov2":false},"geometry":{"type":"Point","coordinates":[6.743721299706286,7.797681516447547]}},{"type":"Feature","properties":{"osm_id":"1120064314","name":null,"april21":false,"july15":true,"nov2":false},"geometry":{"type":"Point","coordinates":[6.743740069780063,7.797746342795733]}},{"type":"Feature","properties":{"osm_id":"1120064315","name":null,"april21":false,"july15":true,"nov2":false},"geometry":{"type":"Point","coordinates":[6.743804276838857,7.797722512934929]}},{"type":"Feature","properties":{"osm_id":"1120064316","name":null,"april21":false,"july15":true,"nov2":false},"geometry":{"type":"Point","coordinates":[6.743811330508122,7.797778734565661]}},{"type":"Feature","properties":{"osm_id":"1120064317","name":null,"april21":false,"july15":true,"nov2":false},"geometry":{"type":"Point","coordinates":[6.743868549998585,7.797783849999059]}},{"type":"Feature","properties":{"osm_id":"1120064330","name":null,"april21":false,"july15":true,"nov2":false},"geometry":{"type":"Point","coordinates":[6.74261227457226,7.797924193102895]}},{"type":"Feature","properties":{"osm_id":"1120064331","name":null,"april21":false,"july15":true,"nov2":false},"geometry":{"type":"Point","coordinates":[6.742568670838674,7.7979360592530735]}},{"type":"Feature","properties":{"osm_id":"1120064332","name":null,"april21":false,"july15":true,"nov2":false},"geometry":{"type":"Point","coordinates":[6.742483245249186,7.7979613255236115]}},{"type":"Feature","properties":{"osm_id":"1120064333","name":null,"april21":false,"july15":true,"nov2":false},"geometry":{"type":"Point","coordinates":[6.742454300000049,7.7979324499999345]}},{"type":"Feature","properties":{"osm_id":"1120064334","name":null,"april21":false,"july15":true,"nov2":false},"geometry":{"type":"Point","coordinates":[6.742350975633678,7.797952484974269]}},{"type":"Feature","properties":{"osm_id":"1120064335","name":null,"april21":false,"july15":true,"nov2":false},"geometry":{"type":"Point","coordinates":[6.742800649999893,7.797614000003504]}},{"type":"Feature","properties":{"osm_id":"1120064336","name":null,"april21":false,"july15":true,"nov2":false},"geometry":{"type":"Point","coordinates":[6.742815109513179,7.797673673217848]}},{"type":"Feature","properties":{"osm_id":"1120064337","name":null,"april21":false,"july15":true,"nov2":false},"geometry":{"type":"Point","coordinates":[6.742830076560298,7.7977587555736685]}},{"type":"Feature","properties":{"osm_id":"1120064339","name":null,"april21":false,"july15":true,"nov2":false},"geometry":{"type":"Point","coordinates":[6.7424969532480725,7.796952685204971]}},{"type":"Feature","properties":{"osm_id":"1120064341","name":null,"april21":false,"july15":true,"nov2":false},"geometry":{"type":"Point","coordinates":[6.741843867213685,7.79658707069992]}},{"type":"Feature","properties":{"osm_id":"1120064342","name":null,"april21":false,"july15":true,"nov2":false},"geometry":{"type":"Point","coordinates":[6.742215500000406,7.796518350000722]}},{"type":"Feature","properties":{"osm_id":"1120064343","name":null,"april21":false,"july15":true,"nov2":false},"geometry":{"type":"Point","coordinates":[6.742172107782716,7.7964483825999675]}},{"type":"Feature","properties":{"osm_id":"1120064344","name":null,"april21":false,"july15":true,"nov2":false},"geometry":{"type":"Point","coordinates":[6.742184800000241,7.796489500000558]}},{"type":"Feature","properties":{"osm_id":"1120064345","name":"Joe Best Herbal Centre & Skin Care","april21":false,"july15":true,"nov2":false},"geometry":{"type":"Point","coordinates":[6.7420732193059925,7.79647274229858]}},{"type":"Feature","properties":{"osm_id":"1120064346","name":null,"april21":false,"july15":true,"nov2":false},"geometry":{"type":"Point","coordinates":[6.741941268313848,7.796535342754489]}},{"type":"Feature","properties":{"osm_id":"1120064347","name":null,"april21":false,"july15":true,"nov2":false},"geometry":{"type":"Point","coordinates":[6.7406522500005215,7.797248249999932]}},{"type":"Feature","properties":{"osm_id":"1120064348","name":null,"april21":false,"july15":true,"nov2":false},"geometry":{"type":"Point","coordinates":[6.740673929130056,7.797164838372484]}},{"type":"Feature","properties":{"osm_id":"1120064349","name":null,"april21":false,"july15":true,"nov2":false},"geometry":{"type":"Point","coordinates":[6.740720982010821,7.797099285261658]}},{"type":"Feature","properties":{"osm_id":"1120064350","name":null,"april21":false,"july15":true,"nov2":false},"geometry":{"type":"Point","coordinates":[6.740870399999564,7.797186250000194]}},{"type":"Feature","properties":{"osm_id":"1120064351","name":null,"april21":false,"july15":true,"nov2":false},"geometry":{"type":"Point","coordinates":[6.740818961482997,7.797201684989251]}},{"type":"Feature","properties":{"osm_id":"1120064352","name":null,"april21":false,"july15":true,"nov2":false},"geometry":{"type":"Point","coordinates":[6.7411069733818465,7.797178854660958]}},{"type":"Feature","properties":{"osm_id":"1120064353","name":null,"april21":false,"july15":true,"nov2":false},"geometry":{"type":"Point","coordinates":[6.741211375533447,7.797100161963538]}},{"type":"Feature","properties":{"osm_id":"1120064354","name":null,"april21":false,"july15":true,"nov2":false},"geometry":{"type":"Point","coordinates":[6.740937025806611,7.796992436438257]}},{"type":"Feature","properties":{"osm_id":"1121005201","name":null,"april21":false,"july15":true,"nov2":false},"geometry":{"type":"Point","coordinates":[6.747138725231552,7.82020281794234]}},{"type":"Feature","properties":{"osm_id":"1121006370","name":null,"april21":false,"july15":true,"nov2":false},"geometry":{"type":"Point","coordinates":[6.7474710990793,7.820641093492786]}},{"type":"Feature","properties":{"osm_id":"1121006371","name":null,"april21":false,"july15":true,"nov2":false},"geometry":{"type":"Point","coordinates":[6.747477124649109,7.820495639924777]}},{"type":"Feature","properties":{"osm_id":"1121006372","name":null,"april21":false,"july15":true,"nov2":false},"geometry":{"type":"Point","coordinates":[6.7474814835867285,7.820163083083126]}},{"type":"Feature","properties":{"osm_id":"1121006373","name":null,"april21":false,"july15":true,"nov2":false},"geometry":{"type":"Point","coordinates":[6.747379408856168,7.820149661694678]}},{"type":"Feature","properties":{"osm_id":"1121006374","name":null,"april21":false,"july15":true,"nov2":false},"geometry":{"type":"Point","coordinates":[6.747477738277782,7.820077612288917]}},{"type":"Feature","properties":{"osm_id":"1121006381","name":null,"april21":false,"july15":true,"nov2":false},"geometry":{"type":"Point","coordinates":[6.747962643984706,7.820388489217727]}},{"type":"Feature","properties":{"osm_id":"1121006382","name":null,"april21":false,"july15":true,"nov2":false},"geometry":{"type":"Point","coordinates":[6.748103224523919,7.820391909037104]}},{"type":"Feature","properties":{"osm_id":"1121006383","name":null,"april21":false,"july15":true,"nov2":false},"geometry":{"type":"Point","coordinates":[6.748105249998815,7.820469200002795]}},{"type":"Feature","properties":{"osm_id":"1121006384","name":null,"april21":false,"july15":true,"nov2":false},"geometry":{"type":"Point","coordinates":[6.747879100000428,7.820556849999924]}},{"type":"Feature","properties":{"osm_id":"1121006385","name":null,"april21":false,"july15":true,"nov2":false},"geometry":{"type":"Point","coordinates":[6.747964850000495,7.820562249999169]}},{"type":"Feature","properties":{"osm_id":"1121006387","name":null,"april21":false,"july15":true,"nov2":false},"geometry":{"type":"Point","coordinates":[6.748319049999742,7.820629350000629]}},{"type":"Feature","properties":{"osm_id":"1121006388","name":null,"april21":false,"july15":true,"nov2":false},"geometry":{"type":"Point","coordinates":[6.748282328327802,7.820539074900414]}},{"type":"Feature","properties":{"osm_id":"1121006389","name":null,"april21":false,"july15":true,"nov2":false},"geometry":{"type":"Point","coordinates":[6.748376200000681,7.82053794999995]}},{"type":"Feature","properties":{"osm_id":"1121006390","name":null,"april21":false,"july15":true,"nov2":false},"geometry":{"type":"Point","coordinates":[6.748412171243297,7.8204214880617196]}},{"type":"Feature","properties":{"osm_id":"1121006394","name":null,"april21":false,"july15":true,"nov2":false},"geometry":{"type":"Point","coordinates":[6.74850885000006,7.820659550000364]}},{"type":"Feature","properties":{"osm_id":"1121006743","name":null,"april21":false,"july15":true,"nov2":false},"geometry":{"type":"Point","coordinates":[6.748047969156392,7.820124052407318]}},{"type":"Feature","properties":{"osm_id":"1121178076","name":null,"april21":false,"july15":true,"nov2":false},"geometry":{"type":"Point","coordinates":[6.742110541572734,7.79907842470406]}},{"type":"Feature","properties":{"osm_id":"1121178082","name":null,"april21":false,"july15":true,"nov2":false},"geometry":{"type":"Point","coordinates":[6.7414644499999605,7.800249449999984]}},{"type":"Feature","properties":{"osm_id":"1121178085","name":null,"april21":false,"july15":true,"nov2":false},"geometry":{"type":"Point","coordinates":[6.740890150000068,7.7998231500000585]}},{"type":"Feature","properties":{"osm_id":"1121178086","name":null,"april21":false,"july15":true,"nov2":false},"geometry":{"type":"Point","coordinates":[6.740313124791392,7.799471270751784]}},{"type":"Feature","properties":{"osm_id":"1121178087","name":null,"april21":false,"july15":true,"nov2":false},"geometry":{"type":"Point","coordinates":[6.740665474150376,7.799387544554886]}},{"type":"Feature","properties":{"osm_id":"1121178088","name":null,"april21":false,"july15":true,"nov2":false},"geometry":{"type":"Point","coordinates":[6.741252809108845,7.799618997612664]}},{"type":"Feature","properties":{"osm_id":"1121178089","name":null,"april21":false,"july15":true,"nov2":false},"geometry":{"type":"Point","coordinates":[6.741071722125487,7.799621001525019]}},{"type":"Feature","properties":{"osm_id":"1121178093","name":null,"april21":false,"july15":true,"nov2":false},"geometry":{"type":"Point","coordinates":[6.7417045000000915,7.799083349999813]}},{"type":"Feature","properties":{"osm_id":"1121178094","name":null,"april21":false,"july15":true,"nov2":false},"geometry":{"type":"Point","coordinates":[6.741615654531688,7.799082881297988]}},{"type":"Feature","properties":{"osm_id":"1121178095","name":null,"april21":false,"july15":true,"nov2":false},"geometry":{"type":"Point","coordinates":[6.741526749999786,7.799104850000413]}},{"type":"Feature","properties":{"osm_id":"1121178096","name":null,"april21":false,"july15":true,"nov2":false},"geometry":{"type":"Point","coordinates":[6.741007848435689,7.799094823039379]}},{"type":"Feature","properties":{"osm_id":"1121178097","name":null,"april21":false,"july15":true,"nov2":false},"geometry":{"type":"Point","coordinates":[6.740807877503817,7.798203382935853]}},{"type":"Feature","properties":{"osm_id":"1121178098","name":null,"april21":false,"july15":true,"nov2":false},"geometry":{"type":"Point","coordinates":[6.740846663906325,7.798407774061065]}},{"type":"Feature","properties":{"osm_id":"1121178099","name":null,"april21":false,"july15":true,"nov2":false},"geometry":{"type":"Point","coordinates":[6.74087945430307,7.798525350466782]}},{"type":"Feature","properties":{"osm_id":"1121178100","name":null,"april21":false,"july15":true,"nov2":false},"geometry":{"type":"Point","coordinates":[6.740695354377014,7.798485594206527]}},{"type":"Feature","properties":{"osm_id":"1121178101","name":null,"april21":false,"july15":true,"nov2":false},"geometry":{"type":"Point","coordinates":[6.740715055838364,7.798589023013151]}},{"type":"Feature","properties":{"osm_id":"1121178103","name":null,"april21":false,"july15":true,"nov2":false},"geometry":{"type":"Point","coordinates":[6.740285625943439,7.798282160399637]}},{"type":"Feature","properties":{"osm_id":"1121178104","name":null,"april21":false,"july15":true,"nov2":false},"geometry":{"type":"Point","coordinates":[6.740214225962554,7.798286311029954]}},{"type":"Feature","properties":{"osm_id":"1121178105","name":null,"april21":false,"july15":true,"nov2":false},"geometry":{"type":"Point","coordinates":[6.740696999998528,7.798339600003159]}},{"type":"Feature","properties":{"osm_id":"1121178106","name":null,"april21":false,"july15":true,"nov2":false},"geometry":{"type":"Point","coordinates":[6.7411351999999285,7.7981527500000745]}},{"type":"Feature","properties":{"osm_id":"1121178107","name":null,"april21":false,"july15":true,"nov2":false},"geometry":{"type":"Point","coordinates":[6.741245518015226,7.798179314826145]}},{"type":"Feature","properties":{"osm_id":"1121178108","name":null,"april21":false,"july15":true,"nov2":false},"geometry":{"type":"Point","coordinates":[6.741028137602206,7.798192104122848]}},{"type":"Feature","properties":{"osm_id":"1121178109","name":null,"april21":false,"july15":true,"nov2":false},"geometry":{"type":"Point","coordinates":[6.741435767563101,7.798201367072343]}},{"type":"Feature","properties":{"osm_id":"1121178110","name":null,"april21":false,"july15":true,"nov2":false},"geometry":{"type":"Point","coordinates":[6.741606300000169,7.798599549999337]}},{"type":"Feature","properties":{"osm_id":"1121178111","name":null,"april21":false,"july15":true,"nov2":false},"geometry":{"type":"Point","coordinates":[6.741639205747714,7.79844587389858]}},{"type":"Feature","properties":{"osm_id":"1121178112","name":null,"april21":false,"july15":true,"nov2":false},"geometry":{"type":"Point","coordinates":[6.741682874831349,7.798504923169052]}},{"type":"Feature","properties":{"osm_id":"1121178113","name":null,"april21":false,"july15":true,"nov2":false},"geometry":{"type":"Point","coordinates":[6.741943549999906,7.798329749999908]}},{"type":"Feature","properties":{"osm_id":"1121178114","name":null,"april21":false,"july15":true,"nov2":false},"geometry":{"type":"Point","coordinates":[6.74186020622474,7.798146573526703]}},{"type":"Feature","properties":{"osm_id":"1121178115","name":null,"april21":false,"july15":true,"nov2":false},"geometry":{"type":"Point","coordinates":[6.742076604759436,7.798120017266564]}},{"type":"Feature","properties":{"osm_id":"1121178116","name":null,"april21":false,"july15":true,"nov2":false},"geometry":{"type":"Point","coordinates":[6.742287997799866,7.798153855330665]}},{"type":"Feature","properties":{"osm_id":"1121178117","name":null,"april21":false,"july15":true,"nov2":false},"geometry":{"type":"Point","coordinates":[6.7422868999987635,7.798255600003033]}},{"type":"Feature","properties":{"osm_id":"1121178119","name":null,"april21":false,"july15":true,"nov2":false},"geometry":{"type":"Point","coordinates":[6.742530188258617,7.7984165153055365]}},{"type":"Feature","properties":{"osm_id":"1121178120","name":null,"april21":false,"july15":true,"nov2":false},"geometry":{"type":"Point","coordinates":[6.742104335748788,7.798401459477516]}},{"type":"Feature","properties":{"osm_id":"1121178121","name":null,"april21":false,"july15":true,"nov2":false},"geometry":{"type":"Point","coordinates":[6.742531199999777,7.798651100000453]}},{"type":"Feature","properties":{"osm_id":"1121178122","name":null,"april21":false,"july15":true,"nov2":false},"geometry":{"type":"Point","coordinates":[6.742051549999589,7.798707400000747]}},{"type":"Feature","properties":{"osm_id":"1121178123","name":null,"april21":false,"july15":true,"nov2":false},"geometry":{"type":"Point","coordinates":[6.741436872711372,7.798749949160996]}},{"type":"Feature","properties":{"osm_id":"1121178124","name":null,"april21":false,"july15":true,"nov2":false},"geometry":{"type":"Point","coordinates":[6.741397000000095,7.7987398999997]}},{"type":"Feature","properties":{"osm_id":"1121178125","name":null,"april21":false,"july15":true,"nov2":false},"geometry":{"type":"Point","coordinates":[6.7413618731585405,7.798761934450667]}},{"type":"Feature","properties":{"osm_id":"1121178126","name":null,"april21":false,"july15":true,"nov2":false},"geometry":{"type":"Point","coordinates":[6.741176150000204,7.798776049998586]}},{"type":"Feature","properties":{"osm_id":"1121178127","name":null,"april21":false,"july15":true,"nov2":false},"geometry":{"type":"Point","coordinates":[6.741230276581426,7.798614455062377]}},{"type":"Feature","properties":{"osm_id":"1121178128","name":null,"april21":false,"july15":true,"nov2":false},"geometry":{"type":"Point","coordinates":[6.741124149999736,7.798701200000473]}},{"type":"Feature","properties":{"osm_id":"1121178129","name":null,"april21":false,"july15":true,"nov2":false},"geometry":{"type":"Point","coordinates":[6.7406640754832186,7.798778902834156]}},{"type":"Feature","properties":{"osm_id":"1121178130","name":null,"april21":false,"july15":true,"nov2":false},"geometry":{"type":"Point","coordinates":[6.740710114715575,7.7987720246379775]}},{"type":"Feature","properties":{"osm_id":"1121178131","name":null,"april21":false,"july15":true,"nov2":false},"geometry":{"type":"Point","coordinates":[6.740632790952106,7.7987551260090955]}},{"type":"Feature","properties":{"osm_id":"1121178132","name":null,"april21":false,"july15":true,"nov2":false},"geometry":{"type":"Point","coordinates":[6.7405747754148075,7.7987604038647245]}},{"type":"Feature","properties":{"osm_id":"1121178133","name":null,"april21":false,"july15":true,"nov2":false},"geometry":{"type":"Point","coordinates":[6.74059744156649,7.798823075625185]}},{"type":"Feature","properties":{"osm_id":"1121178134","name":null,"april21":false,"july15":true,"nov2":false},"geometry":{"type":"Point","coordinates":[6.740576200000145,7.798891199999964]}},{"type":"Feature","properties":{"osm_id":"1121178142","name":null,"april21":false,"july15":true,"nov2":false},"geometry":{"type":"Point","coordinates":[6.741998249999381,7.799675649999593]}},{"type":"Feature","properties":{"osm_id":"1121178143","name":null,"april21":false,"july15":true,"nov2":false},"geometry":{"type":"Point","coordinates":[6.74189544999979,7.799715699999839]}},{"type":"Feature","properties":{"osm_id":"1121178144","name":null,"april21":false,"july15":true,"nov2":false},"geometry":{"type":"Point","coordinates":[6.74180374999963,7.799627300006877]}},{"type":"Feature","properties":{"osm_id":"1121178145","name":null,"april21":false,"july15":true,"nov2":false},"geometry":{"type":"Point","coordinates":[6.741786971580291,7.79950004292639]}},{"type":"Feature","properties":{"osm_id":"1121227197","name":null,"april21":false,"july15":true,"nov2":false},"geometry":{"type":"Point","coordinates":[6.740526045338238,7.798101476108652]}},{"type":"Feature","properties":{"osm_id":"1121227555","name":null,"april21":false,"july15":true,"nov2":false},"geometry":{"type":"Point","coordinates":[6.741703857159566,7.79858637454366]}},{"type":"Feature","properties":{"osm_id":"1121227556","name":null,"april21":false,"july15":true,"nov2":false},"geometry":{"type":"Point","coordinates":[6.74164945000012,7.7985959499995]}},{"type":"Feature","properties":{"osm_id":"1121511282","name":null,"april21":false,"july15":true,"nov2":false},"geometry":{"type":"Point","coordinates":[6.745403999999606,7.798191500001818]}},{"type":"Feature","properties":{"osm_id":"1121511283","name":null,"april21":false,"july15":true,"nov2":false},"geometry":{"type":"Point","coordinates":[6.7453537999992195,7.798113749999004]}},{"type":"Feature","properties":{"osm_id":"1121511284","name":null,"april21":false,"july15":true,"nov2":false},"geometry":{"type":"Point","coordinates":[6.74523813189241,7.798155879137202]}},{"type":"Feature","properties":{"osm_id":"1121511285","name":null,"april21":false,"july15":true,"nov2":false},"geometry":{"type":"Point","coordinates":[6.744519699999171,7.798668949998695]}},{"type":"Feature","properties":{"osm_id":"1121511286","name":null,"april21":false,"july15":true,"nov2":false},"geometry":{"type":"Point","coordinates":[6.74444180850461,7.799405782610376]}},{"type":"Feature","properties":{"osm_id":"1121511287","name":null,"april21":false,"july15":true,"nov2":false},"geometry":{"type":"Point","coordinates":[6.744183499997749,7.799405750001661]}},{"type":"Feature","properties":{"osm_id":"1121511288","name":null,"april21":false,"july15":true,"nov2":false},"geometry":{"type":"Point","coordinates":[6.745049424511908,7.799980404359535]}},{"type":"Feature","properties":{"osm_id":"1121511289","name":null,"april21":false,"july15":true,"nov2":false},"geometry":{"type":"Point","coordinates":[6.745446883319548,7.800328951201319]}},{"type":"Feature","properties":{"osm_id":"1121511290","name":null,"april21":false,"july15":true,"nov2":false},"geometry":{"type":"Point","coordinates":[6.745160549999935,7.80002905000005]}},{"type":"Feature","properties":{"osm_id":"1121511291","name":null,"april21":false,"july15":true,"nov2":false},"geometry":{"type":"Point","coordinates":[6.745240803267577,7.799851075496462]}},{"type":"Feature","properties":{"osm_id":"1121511292","name":null,"april21":false,"july15":true,"nov2":false},"geometry":{"type":"Point","coordinates":[6.74504735000009,7.799868250000923]}},{"type":"Feature","properties":{"osm_id":"1121654244","name":null,"april21":false,"july15":true,"nov2":false},"geometry":{"type":"Point","coordinates":[6.745413399999282,7.800186950003018]}},{"type":"Feature","properties":{"osm_id":"1121654246","name":null,"april21":false,"july15":true,"nov2":false},"geometry":{"type":"Point","coordinates":[6.74424475000001,7.798895199999923]}},{"type":"Feature","properties":{"osm_id":"1121654247","name":null,"april21":false,"july15":true,"nov2":false},"geometry":{"type":"Point","coordinates":[6.744314449999949,7.798902300000014]}},{"type":"Feature","properties":{"osm_id":"1121654248","name":null,"april21":false,"july15":true,"nov2":false},"geometry":{"type":"Point","coordinates":[6.744300575483931,7.798656387128815]}},{"type":"Feature","properties":{"osm_id":"1121654249","name":null,"april21":false,"july15":true,"nov2":false},"geometry":{"type":"Point","coordinates":[6.744266794114229,7.798691774732349]}},{"type":"Feature","properties":{"osm_id":"1121654250","name":null,"april21":false,"july15":true,"nov2":false},"geometry":{"type":"Point","coordinates":[6.744206699999555,7.7985972500010625]}},{"type":"Feature","properties":{"osm_id":"1121654251","name":null,"april21":false,"july15":true,"nov2":false},"geometry":{"type":"Point","coordinates":[6.744265618691445,7.798759098115504]}},{"type":"Feature","properties":{"osm_id":"1121654256","name":null,"april21":false,"july15":true,"nov2":false},"geometry":{"type":"Point","coordinates":[6.7438433726127975,7.800139095943041]}},{"type":"Feature","properties":{"osm_id":"1121654257","name":null,"april21":false,"july15":true,"nov2":false},"geometry":{"type":"Point","coordinates":[6.743873849999816,7.800347350000688]}},{"type":"Feature","properties":{"osm_id":"1121654258","name":null,"april21":false,"july15":true,"nov2":false},"geometry":{"type":"Point","coordinates":[6.743782299999911,7.8002997499997075]}},{"type":"Feature","properties":{"osm_id":"1121654259","name":null,"april21":false,"july15":true,"nov2":false},"geometry":{"type":"Point","coordinates":[6.743927067136398,7.800447265593845]}},{"type":"Feature","properties":{"osm_id":"1121654260","name":null,"april21":false,"july15":true,"nov2":false},"geometry":{"type":"Point","coordinates":[6.744509949999629,7.7995482500007345]}},{"type":"Feature","properties":{"osm_id":"1121654261","name":null,"april21":false,"july15":true,"nov2":false},"geometry":{"type":"Point","coordinates":[6.744221499997992,7.7995289500046585]}},{"type":"Feature","properties":{"osm_id":"1121654262","name":null,"april21":false,"july15":true,"nov2":false},"geometry":{"type":"Point","coordinates":[6.7445507440252745,7.79918542390926]}},{"type":"Feature","properties":{"osm_id":"1121654263","name":null,"april21":false,"july15":true,"nov2":false},"geometry":{"type":"Point","coordinates":[6.744510250000269,7.7991771499997276]}},{"type":"Feature","properties":{"osm_id":"1121654264","name":null,"april21":false,"july15":true,"nov2":false},"geometry":{"type":"Point","coordinates":[6.744536976070549,7.799110255246547]}},{"type":"Feature","properties":{"osm_id":"1121654265","name":null,"april21":false,"july15":true,"nov2":false},"geometry":{"type":"Point","coordinates":[6.745062609605433,7.799547170888947]}},{"type":"Feature","properties":{"osm_id":"1121654266","name":null,"april21":false,"july15":true,"nov2":false},"geometry":{"type":"Point","coordinates":[6.745135625151584,7.799524105598276]}},{"type":"Feature","properties":{"osm_id":"1121654267","name":null,"april21":false,"july15":true,"nov2":false},"geometry":{"type":"Point","coordinates":[6.745181500000112,7.799539249999725]}},{"type":"Feature","properties":{"osm_id":"1121654268","name":"Kogi State Social Investment Programme Agency (KOSSIPA)","april21":false,"july15":true,"nov2":false},"geometry":{"type":"Point","coordinates":[6.74556439999861,7.799605050002031]}},{"type":"Feature","properties":{"osm_id":"1121654270","name":null,"april21":false,"july15":true,"nov2":false},"geometry":{"type":"Point","coordinates":[6.745594073232884,7.798522644137675]}},{"type":"Feature","properties":{"osm_id":"1121654271","name":null,"april21":false,"july15":true,"nov2":false},"geometry":{"type":"Point","coordinates":[6.745500527805315,7.798341306739274]}},{"type":"Feature","properties":{"osm_id":"1121654272","name":null,"april21":false,"july15":true,"nov2":false},"geometry":{"type":"Point","coordinates":[6.744504049999848,7.79881855000053]}},{"type":"Feature","properties":{"osm_id":"1121654273","name":null,"april21":false,"july15":true,"nov2":false},"geometry":{"type":"Point","coordinates":[6.744474979143964,7.798550510301008]}},{"type":"Feature","properties":{"osm_id":"1121654274","name":null,"april21":false,"july15":true,"nov2":false},"geometry":{"type":"Point","coordinates":[6.744318399999804,7.798499400000624]}},{"type":"Feature","properties":{"osm_id":"1121654275","name":null,"april21":false,"july15":true,"nov2":false},"geometry":{"type":"Point","coordinates":[6.744691499999948,7.798439449999991]}},{"type":"Feature","properties":{"osm_id":"1121654276","name":null,"april21":false,"july15":true,"nov2":false},"geometry":{"type":"Point","coordinates":[6.744671067101208,7.7983366220461345]}},{"type":"Feature","properties":{"osm_id":"1121654277","name":null,"april21":false,"july15":true,"nov2":false},"geometry":{"type":"Point","coordinates":[6.744669199999785,7.798383150000575]}},{"type":"Feature","properties":{"osm_id":"1121654279","name":null,"april21":false,"july15":true,"nov2":false},"geometry":{"type":"Point","coordinates":[6.7431374999995555,7.798256250001284]}},{"type":"Feature","properties":{"osm_id":"1121654283","name":null,"april21":false,"july15":true,"nov2":false},"geometry":{"type":"Point","coordinates":[6.743526700262959,7.7984911934696965]}},{"type":"Feature","properties":{"osm_id":"1121654286","name":null,"april21":false,"july15":true,"nov2":false},"geometry":{"type":"Point","coordinates":[6.743645825892783,7.798996819168679]}},{"type":"Feature","properties":{"osm_id":"1121654287","name":null,"april21":false,"july15":true,"nov2":false},"geometry":{"type":"Point","coordinates":[6.743473049999941,7.799074750000079]}},{"type":"Feature","properties":{"osm_id":"1121654289","name":null,"april21":false,"july15":true,"nov2":false},"geometry":{"type":"Point","coordinates":[6.745337599999447,7.7992321500011865]}},{"type":"Feature","properties":{"osm_id":"1121654290","name":null,"april21":false,"july15":true,"nov2":false},"geometry":{"type":"Point","coordinates":[6.745426940177549,7.799301273380247]}},{"type":"Feature","properties":{"osm_id":"1121654291","name":null,"april21":false,"july15":true,"nov2":false},"geometry":{"type":"Point","coordinates":[6.745554999999622,7.79932370000056]}},{"type":"Feature","properties":{"osm_id":"1121654292","name":null,"april21":false,"july15":true,"nov2":false},"geometry":{"type":"Point","coordinates":[6.745496826667117,7.7993170389612345]}},{"type":"Feature","properties":{"osm_id":"1121654293","name":null,"april21":false,"july15":true,"nov2":false},"geometry":{"type":"Point","coordinates":[6.745519217891137,7.79938718018818]}},{"type":"Feature","properties":{"osm_id":"1121654294","name":null,"april21":false,"july15":true,"nov2":false},"geometry":{"type":"Point","coordinates":[6.745487609144223,7.799440324012913]}},{"type":"Feature","properties":{"osm_id":"1121654295","name":null,"april21":false,"july15":true,"nov2":false},"geometry":{"type":"Point","coordinates":[6.745423750000284,7.799381549999834]}},{"type":"Feature","properties":{"osm_id":"1121654296","name":null,"april21":false,"july15":true,"nov2":false},"geometry":{"type":"Point","coordinates":[6.745328760822427,7.7994143263988756]}},{"type":"Feature","properties":{"osm_id":"1121654297","name":null,"april21":false,"july15":true,"nov2":false},"geometry":{"type":"Point","coordinates":[6.745400674740729,7.799514427590483]}},{"type":"Feature","properties":{"osm_id":"1121654298","name":null,"april21":false,"july15":true,"nov2":false},"geometry":{"type":"Point","coordinates":[6.745123675271362,7.799122896606077]}},{"type":"Feature","properties":{"osm_id":"1121654299","name":null,"april21":false,"july15":true,"nov2":false},"geometry":{"type":"Point","coordinates":[6.74498456511867,7.799146245293101]}},{"type":"Feature","properties":{"osm_id":"1121654300","name":null,"april21":false,"july15":true,"nov2":false},"geometry":{"type":"Point","coordinates":[6.745172773714553,7.799265408999089]}},{"type":"Feature","properties":{"osm_id":"1121654301","name":null,"april21":false,"july15":true,"nov2":false},"geometry":{"type":"Point","coordinates":[6.745157138337437,7.7993200528967765]}},{"type":"Feature","properties":{"osm_id":"1121654302","name":null,"april21":false,"july15":true,"nov2":false},"geometry":{"type":"Point","coordinates":[6.744991818650178,7.799351049657601]}},{"type":"Feature","properties":{"osm_id":"1121654303","name":null,"april21":false,"july15":true,"nov2":false},"geometry":{"type":"Point","coordinates":[6.745069350002689,7.799447449997263]}},{"type":"Feature","properties":{"osm_id":"1121654304","name":null,"april21":false,"july15":true,"nov2":false},"geometry":{"type":"Point","coordinates":[6.744809813738707,7.799323999258821]}},{"type":"Feature","properties":{"osm_id":"1121654305","name":null,"april21":false,"july15":true,"nov2":false},"geometry":{"type":"Point","coordinates":[6.744735424563432,7.799450088922176]}},{"type":"Feature","properties":{"osm_id":"1121654306","name":null,"april21":false,"july15":true,"nov2":false},"geometry":{"type":"Point","coordinates":[6.744393449998722,7.800407700005193]}},{"type":"Feature","properties":{"osm_id":"1121654307","name":null,"april21":false,"july15":true,"nov2":false},"geometry":{"type":"Point","coordinates":[6.744926249999744,7.800709650000155]}},{"type":"Feature","properties":{"osm_id":"1121654309","name":null,"april21":false,"july15":true,"nov2":false},"geometry":{"type":"Point","coordinates":[6.744967272744412,7.799765485647903]}},{"type":"Feature","properties":{"osm_id":"1121654310","name":null,"april21":false,"july15":true,"nov2":false},"geometry":{"type":"Point","coordinates":[6.7448505769430005,7.799770957152775]}},{"type":"Feature","properties":{"osm_id":"1121654311","name":null,"april21":false,"july15":true,"nov2":false},"geometry":{"type":"Point","coordinates":[6.744747899999826,7.7997604999998735]}},{"type":"Feature","properties":{"osm_id":"1121654312","name":null,"april21":false,"july15":true,"nov2":false},"geometry":{"type":"Point","coordinates":[6.744388784775919,7.799731875396351]}},{"type":"Feature","properties":{"osm_id":"1121654313","name":null,"april21":false,"july15":true,"nov2":false},"geometry":{"type":"Point","coordinates":[6.744064366037733,7.798337223335791]}},{"type":"Feature","properties":{"osm_id":"1121654315","name":null,"april21":false,"july15":true,"nov2":false},"geometry":{"type":"Point","coordinates":[6.74494507470703,7.7999285054484275]}},{"type":"Feature","properties":{"osm_id":"1121654316","name":null,"april21":false,"july15":true,"nov2":false},"geometry":{"type":"Point","coordinates":[6.744935399999982,7.799966949999972]}},{"type":"Feature","properties":{"osm_id":"1121654317","name":null,"april21":false,"july15":true,"nov2":false},"geometry":{"type":"Point","coordinates":[6.744981699999901,7.799959800000201]}},{"type":"Feature","properties":{"osm_id":"1121654325","name":null,"april21":false,"july15":true,"nov2":false},"geometry":{"type":"Point","coordinates":[6.7436112306435785,7.799884660991739]}},{"type":"Feature","properties":{"osm_id":"1121682946","name":null,"april21":false,"july15":true,"nov2":false},"geometry":{"type":"Point","coordinates":[6.744718800007504,7.801152350004105]}},{"type":"Feature","properties":{"osm_id":"1121682947","name":"General Post Office","april21":false,"july15":true,"nov2":false},"geometry":{"type":"Point","coordinates":[6.743836612010107,7.801818804433237]}},{"type":"Feature","properties":{"osm_id":"1121682949","name":null,"april21":false,"july15":true,"nov2":false},"geometry":{"type":"Point","coordinates":[6.745283900392759,7.801049266856062]}},{"type":"Feature","properties":{"osm_id":"1122158820","name":null,"april21":false,"july15":true,"nov2":false},"geometry":{"type":"Point","coordinates":[6.745347666617493,7.80124658790658]}},{"type":"Feature","properties":{"osm_id":"1122431842","name":null,"april21":false,"july15":true,"nov2":false},"geometry":{"type":"Point","coordinates":[6.744527572681789,7.802647908408122]}},{"type":"Feature","properties":{"osm_id":"1122431843","name":null,"april21":false,"july15":true,"nov2":false},"geometry":{"type":"Point","coordinates":[6.744970540557,7.802134227125242]}},{"type":"Feature","properties":{"osm_id":"1122431851","name":"Chuks Supermarket","april21":false,"july15":true,"nov2":false},"geometry":{"type":"Point","coordinates":[6.74451040961924,7.801006138455436]}},{"type":"Feature","properties":{"osm_id":"1122431852","name":null,"april21":false,"july15":true,"nov2":false},"geometry":{"type":"Point","coordinates":[6.744906449999884,7.801655350000108]}},{"type":"Feature","properties":{"osm_id":"1122431853","name":null,"april21":false,"july15":true,"nov2":false},"geometry":{"type":"Point","coordinates":[6.744980449999404,7.801741699999732]}},{"type":"Feature","properties":{"osm_id":"1122436948","name":null,"april21":false,"july15":true,"nov2":false},"geometry":{"type":"Point","coordinates":[6.748641007031424,7.820706179235316]}},{"type":"Feature","properties":{"osm_id":"1122436949","name":null,"april21":false,"july15":true,"nov2":false},"geometry":{"type":"Point","coordinates":[6.74897601114485,7.820741627384459]}},{"type":"Feature","properties":{"osm_id":"1122436950","name":null,"april21":false,"july15":true,"nov2":false},"geometry":{"type":"Point","coordinates":[6.748795100002609,7.820450250000933]}},{"type":"Feature","properties":{"osm_id":"1122436952","name":null,"april21":false,"july15":true,"nov2":false},"geometry":{"type":"Point","coordinates":[6.747591349998915,7.82029835000331]}},{"type":"Feature","properties":{"osm_id":"1122436953","name":null,"april21":false,"july15":true,"nov2":false},"geometry":{"type":"Point","coordinates":[6.747299469466207,7.8205092425704485]}},{"type":"Feature","properties":{"osm_id":"1122436956","name":null,"april21":false,"july15":true,"nov2":false},"geometry":{"type":"Point","coordinates":[6.747560514727839,7.820841118862715]}},{"type":"Feature","properties":{"osm_id":"1122436957","name":null,"april21":false,"july15":true,"nov2":false},"geometry":{"type":"Point","coordinates":[6.747533149999657,7.820905800001227]}},{"type":"Feature","properties":{"osm_id":"1122436958","name":null,"april21":false,"july15":true,"nov2":false},"geometry":{"type":"Point","coordinates":[6.74748874999944,7.820856150001494]}},{"type":"Feature","properties":{"osm_id":"1122436963","name":null,"april21":false,"july15":true,"nov2":false},"geometry":{"type":"Point","coordinates":[6.747242851490653,7.821000926142098]}},{"type":"Feature","properties":{"osm_id":"1122436965","name":null,"april21":false,"july15":true,"nov2":false},"geometry":{"type":"Point","coordinates":[6.747204557741144,7.820881351004112]}},{"type":"Feature","properties":{"osm_id":"1122436966","name":null,"april21":false,"july15":true,"nov2":false},"geometry":{"type":"Point","coordinates":[6.7474880613100945,7.820796474426183]}},{"type":"Feature","properties":{"osm_id":"1122436967","name":null,"april21":false,"july15":true,"nov2":false},"geometry":{"type":"Point","coordinates":[6.747561930310765,7.821053563857713]}},{"type":"Feature","properties":{"osm_id":"1122436992","name":null,"april21":false,"july15":true,"nov2":false},"geometry":{"type":"Point","coordinates":[6.7484449999999185,7.820972649999991]}},{"type":"Feature","properties":{"osm_id":"1122436993","name":null,"april21":false,"july15":true,"nov2":false},"geometry":{"type":"Point","coordinates":[6.748402787195726,7.8210853994926595]}},{"type":"Feature","properties":{"osm_id":"1122436994","name":null,"april21":false,"july15":true,"nov2":false},"geometry":{"type":"Point","coordinates":[6.748574522905869,7.8212307036284034]}},{"type":"Feature","properties":{"osm_id":"1122436995","name":null,"april21":false,"july15":true,"nov2":false},"geometry":{"type":"Point","coordinates":[6.748541049999651,7.821147850000478]}},{"type":"Feature","properties":{"osm_id":"1122436996","name":null,"april21":false,"july15":true,"nov2":false},"geometry":{"type":"Point","coordinates":[6.748445624753205,7.8212027620854805]}},{"type":"Feature","properties":{"osm_id":"1122436997","name":null,"april21":false,"july15":true,"nov2":false},"geometry":{"type":"Point","coordinates":[6.74834835627809,7.821173378675617]}},{"type":"Feature","properties":{"osm_id":"1122436998","name":null,"april21":false,"july15":true,"nov2":false},"geometry":{"type":"Point","coordinates":[6.74859197700629,7.821076597599038]}},{"type":"Feature","properties":{"osm_id":"1122436999","name":null,"april21":false,"july15":true,"nov2":false},"geometry":{"type":"Point","coordinates":[6.7485913733962555,7.820987704098367]}},{"type":"Feature","properties":{"osm_id":"1122437000","name":null,"april21":false,"july15":true,"nov2":false},"geometry":{"type":"Point","coordinates":[6.748531949999639,7.820876749999227]}},{"type":"Feature","properties":{"osm_id":"1122437001","name":null,"april21":false,"july15":true,"nov2":false},"geometry":{"type":"Point","coordinates":[6.748717696951237,7.8209021822814915]}},{"type":"Feature","properties":{"osm_id":"1122437002","name":null,"april21":false,"july15":true,"nov2":false},"geometry":{"type":"Point","coordinates":[6.748917999999109,7.821032000000963]}},{"type":"Feature","properties":{"osm_id":"1122437003","name":null,"april21":false,"july15":true,"nov2":false},"geometry":{"type":"Point","coordinates":[6.748722350000081,7.821016400000598]}},{"type":"Feature","properties":{"osm_id":"1122437004","name":null,"april21":false,"july15":true,"nov2":false},"geometry":{"type":"Point","coordinates":[6.748861363749605,7.821092817019879]}},{"type":"Feature","properties":{"osm_id":"1122437005","name":null,"april21":false,"july15":true,"nov2":false},"geometry":{"type":"Point","coordinates":[6.748705760518015,7.821139916825044]}},{"type":"Feature","properties":{"osm_id":"1122437006","name":null,"april21":false,"july15":true,"nov2":false},"geometry":{"type":"Point","coordinates":[6.74878130797917,7.821176575993218]}},{"type":"Feature","properties":{"osm_id":"1122437007","name":null,"april21":false,"july15":true,"nov2":false},"geometry":{"type":"Point","coordinates":[6.748873145921023,7.821189070151312]}},{"type":"Feature","properties":{"osm_id":"1122437008","name":null,"april21":false,"july15":true,"nov2":false},"geometry":{"type":"Point","coordinates":[6.748823219374629,7.821267501347945]}},{"type":"Feature","properties":{"osm_id":"1122437009","name":null,"april21":false,"july15":true,"nov2":false},"geometry":{"type":"Point","coordinates":[6.748709692238506,7.821263421891472]}},{"type":"Feature","properties":{"osm_id":"1122437010","name":null,"april21":false,"july15":true,"nov2":false},"geometry":{"type":"Point","coordinates":[6.748748342424203,7.8213488222119345]}},{"type":"Feature","properties":{"osm_id":"1122437011","name":null,"april21":false,"july15":true,"nov2":false},"geometry":{"type":"Point","coordinates":[6.74864751224522,7.821338228318808]}},{"type":"Feature","properties":{"osm_id":"1122437012","name":null,"april21":false,"july15":true,"nov2":false},"geometry":{"type":"Point","coordinates":[6.748544682073793,7.821332913035419]}},{"type":"Feature","properties":{"osm_id":"1122437013","name":null,"april21":false,"july15":true,"nov2":false},"geometry":{"type":"Point","coordinates":[6.74846497665073,7.821336535763802]}},{"type":"Feature","properties":{"osm_id":"1122437014","name":null,"april21":false,"july15":true,"nov2":false},"geometry":{"type":"Point","coordinates":[6.7483948713389905,7.8213038590199675]}},{"type":"Feature","properties":{"osm_id":"1122437015","name":null,"april21":false,"july15":true,"nov2":false},"geometry":{"type":"Point","coordinates":[6.7483748999995745,7.821379700000732]}},{"type":"Feature","properties":{"osm_id":"1122437016","name":null,"april21":false,"july15":true,"nov2":false},"geometry":{"type":"Point","coordinates":[6.748295771674723,7.8213337948170505]}},{"type":"Feature","properties":{"osm_id":"1122437017","name":null,"april21":false,"july15":true,"nov2":false},"geometry":{"type":"Point","coordinates":[6.748321381891236,7.821727115899384]}},{"type":"Feature","properties":{"osm_id":"1122437018","name":null,"april21":false,"july15":true,"nov2":false},"geometry":{"type":"Point","coordinates":[6.748247099999732,7.82162025000048]}},{"type":"Feature","properties":{"osm_id":"1122437019","name":null,"april21":false,"july15":true,"nov2":false},"geometry":{"type":"Point","coordinates":[6.748342461551055,7.821621620145024]}},{"type":"Feature","properties":{"osm_id":"1122437020","name":null,"april21":false,"july15":true,"nov2":false},"geometry":{"type":"Point","coordinates":[6.748476700000338,7.821519249999527]}},{"type":"Feature","properties":{"osm_id":"1122437021","name":null,"april21":false,"july15":true,"nov2":false},"geometry":{"type":"Point","coordinates":[6.7483831000002725,7.821488699997804]}},{"type":"Feature","properties":{"osm_id":"1122437022","name":null,"april21":false,"july15":true,"nov2":false},"geometry":{"type":"Point","coordinates":[6.748582650002054,7.821473850001278]}},{"type":"Feature","properties":{"osm_id":"1122437023","name":null,"april21":false,"july15":true,"nov2":false},"geometry":{"type":"Point","coordinates":[6.74867917706871,7.821446890975132]}},{"type":"Feature","properties":{"osm_id":"1122437024","name":null,"april21":false,"july15":true,"nov2":false},"geometry":{"type":"Point","coordinates":[6.748649488399194,7.821529573467868]}},{"type":"Feature","properties":{"osm_id":"1122437025","name":null,"april21":false,"july15":true,"nov2":false},"geometry":{"type":"Point","coordinates":[6.748766100002337,7.821635199999648]}},{"type":"Feature","properties":{"osm_id":"1122437026","name":null,"april21":false,"july15":true,"nov2":false},"geometry":{"type":"Point","coordinates":[6.748560000000518,7.821611600000715]}},{"type":"Feature","properties":{"osm_id":"1122437027","name":null,"april21":false,"july15":true,"nov2":false},"geometry":{"type":"Point","coordinates":[6.748742600001117,7.821786849999872]}},{"type":"Feature","properties":{"osm_id":"1122437028","name":null,"april21":false,"july15":true,"nov2":false},"geometry":{"type":"Point","coordinates":[6.748591329983074,7.821766045171947]}},{"type":"Feature","properties":{"osm_id":"1122437029","name":null,"april21":false,"july15":true,"nov2":false},"geometry":{"type":"Point","coordinates":[6.748489480279253,7.821722584526574]}},{"type":"Feature","properties":{"osm_id":"1122437030","name":null,"april21":false,"july15":true,"nov2":false},"geometry":{"type":"Point","coordinates":[6.748445499997805,7.821800250002454]}},{"type":"Feature","properties":{"osm_id":"1122437063","name":null,"april21":false,"july15":true,"nov2":false},"geometry":{"type":"Point","coordinates":[6.748223700002182,7.821203899998798]}},{"type":"Feature","properties":{"osm_id":"1122437064","name":null,"april21":false,"july15":true,"nov2":false},"geometry":{"type":"Point","coordinates":[6.7481146150841305,7.821104380527858]}},{"type":"Feature","properties":{"osm_id":"1122437065","name":null,"april21":false,"july15":true,"nov2":false},"geometry":{"type":"Point","coordinates":[6.748231571767662,7.821079957786944]}},{"type":"Feature","properties":{"osm_id":"1122437066","name":null,"april21":false,"july15":true,"nov2":false},"geometry":{"type":"Point","coordinates":[6.748235226723002,7.820963041200203]}},{"type":"Feature","properties":{"osm_id":"1122437067","name":null,"april21":false,"july15":true,"nov2":false},"geometry":{"type":"Point","coordinates":[6.748155361649725,7.820784729657777]}},{"type":"Feature","properties":{"osm_id":"1122437068","name":null,"april21":false,"july15":true,"nov2":false},"geometry":{"type":"Point","coordinates":[6.7479571661731015,7.820917845417831]}},{"type":"Feature","properties":{"osm_id":"1122437069","name":null,"april21":false,"july15":true,"nov2":false},"geometry":{"type":"Point","coordinates":[6.74803588175996,7.820953184478635]}},{"type":"Feature","properties":{"osm_id":"1122437070","name":null,"april21":false,"july15":true,"nov2":false},"geometry":{"type":"Point","coordinates":[6.748027075878068,7.821016641894949]}},{"type":"Feature","properties":{"osm_id":"1122437071","name":null,"april21":false,"july15":true,"nov2":false},"geometry":{"type":"Point","coordinates":[6.747965758709188,7.821059129794774]}},{"type":"Feature","properties":{"osm_id":"1122437072","name":null,"april21":false,"july15":true,"nov2":false},"geometry":{"type":"Point","coordinates":[6.748002349999173,7.821163650001412]}},{"type":"Feature","properties":{"osm_id":"1122437074","name":null,"april21":false,"july15":true,"nov2":false},"geometry":{"type":"Point","coordinates":[6.747817880051755,7.82106460726268]}},{"type":"Feature","properties":{"osm_id":"1122437075","name":null,"april21":false,"july15":true,"nov2":false},"geometry":{"type":"Point","coordinates":[6.747704999999368,7.8210879000015865]}},{"type":"Feature","properties":{"osm_id":"1122437077","name":null,"april21":false,"july15":true,"nov2":false},"geometry":{"type":"Point","coordinates":[6.747875599998848,7.820798149999172]}},{"type":"Feature","properties":{"osm_id":"1122613538","name":null,"april21":false,"july15":true,"nov2":false},"geometry":{"type":"Point","coordinates":[6.7445151320344205,7.80293326649335]}},{"type":"Feature","properties":{"osm_id":"1122613539","name":null,"april21":false,"july15":true,"nov2":false},"geometry":{"type":"Point","coordinates":[6.744509879774211,7.8030139590703165]}},{"type":"Feature","properties":{"osm_id":"1122613540","name":null,"april21":false,"july15":true,"nov2":false},"geometry":{"type":"Point","coordinates":[6.744658350005479,7.803161500019824]}},{"type":"Feature","properties":{"osm_id":"1122613544","name":null,"april21":false,"july15":true,"nov2":false},"geometry":{"type":"Point","coordinates":[6.744463599999633,7.800934850001216]}},{"type":"Feature","properties":{"osm_id":"1122613545","name":null,"april21":false,"july15":true,"nov2":false},"geometry":{"type":"Point","coordinates":[6.744886349999801,7.801597600000166]}},{"type":"Feature","properties":{"osm_id":"1122613546","name":null,"april21":false,"july15":true,"nov2":false},"geometry":{"type":"Point","coordinates":[6.74470704999937,7.801614150001225]}},{"type":"Feature","properties":{"osm_id":"1122613547","name":null,"april21":false,"july15":true,"nov2":false},"geometry":{"type":"Point","coordinates":[6.7445595499988,7.801655800002311]}},{"type":"Feature","properties":{"osm_id":"1122613548","name":null,"april21":false,"july15":true,"nov2":false},"geometry":{"type":"Point","coordinates":[6.744437429395839,7.801566860979864]}},{"type":"Feature","properties":{"osm_id":"1122613549","name":"First Bank of Nigeria","april21":false,"july15":true,"nov2":false},"geometry":{"type":"Point","coordinates":[6.74437714058948,7.8011405070953765]}},{"type":"Feature","properties":{"osm_id":"1122613550","name":null,"april21":false,"july15":true,"nov2":false},"geometry":{"type":"Point","coordinates":[6.744481745838033,7.801289727758692]}},{"type":"Feature","properties":{"osm_id":"1122613551","name":null,"april21":false,"july15":true,"nov2":false},"geometry":{"type":"Point","coordinates":[6.745399221685881,7.801861985491694]}},{"type":"Feature","properties":{"osm_id":"1122613561","name":null,"april21":false,"july15":true,"nov2":false},"geometry":{"type":"Point","coordinates":[6.74317929999971,7.803485900000709]}},{"type":"Feature","properties":{"osm_id":"1122613562","name":null,"april21":false,"july15":true,"nov2":false},"geometry":{"type":"Point","coordinates":[6.743218099997382,7.803404500003958]}},{"type":"Feature","properties":{"osm_id":"1122613563","name":null,"april21":false,"july15":true,"nov2":false},"geometry":{"type":"Point","coordinates":[6.743366236257202,7.803389073773132]}},{"type":"Feature","properties":{"osm_id":"1122613564","name":null,"april21":false,"july15":true,"nov2":false},"geometry":{"type":"Point","coordinates":[6.743231649999805,7.8030283500002895]}},{"type":"Feature","properties":{"osm_id":"1122613565","name":null,"april21":false,"july15":true,"nov2":false},"geometry":{"type":"Point","coordinates":[6.743180150000014,7.8030615500006855]}},{"type":"Feature","properties":{"osm_id":"1122613566","name":null,"april21":false,"july15":true,"nov2":false},"geometry":{"type":"Point","coordinates":[6.742990799998678,7.8015736499949595]}},{"type":"Feature","properties":{"osm_id":"1122655095","name":null,"april21":false,"july15":true,"nov2":false},"geometry":{"type":"Point","coordinates":[6.739786499999486,7.798943550001295]}},{"type":"Feature","properties":{"osm_id":"1122655097","name":null,"april21":false,"july15":true,"nov2":false},"geometry":{"type":"Point","coordinates":[6.73995412367057,7.798846530866141]}},{"type":"Feature","properties":{"osm_id":"1122655098","name":null,"april21":false,"july15":true,"nov2":false},"geometry":{"type":"Point","coordinates":[6.739903422858767,7.798847745853788]}},{"type":"Feature","properties":{"osm_id":"1122655099","name":null,"april21":false,"july15":true,"nov2":false},"geometry":{"type":"Point","coordinates":[6.739863590469857,7.798922076744632]}},{"type":"Feature","properties":{"osm_id":"1122655100","name":null,"april21":false,"july15":true,"nov2":false},"geometry":{"type":"Point","coordinates":[6.739844944288077,7.798848625565326]}},{"type":"Feature","properties":{"osm_id":"1122655101","name":null,"april21":false,"july15":true,"nov2":false},"geometry":{"type":"Point","coordinates":[6.739776600000037,7.7988521999992715]}},{"type":"Feature","properties":{"osm_id":"1122655103","name":null,"april21":false,"july15":true,"nov2":false},"geometry":{"type":"Point","coordinates":[6.73912369999975,7.798545500000976]}},{"type":"Feature","properties":{"osm_id":"1122655104","name":null,"april21":false,"july15":true,"nov2":false},"geometry":{"type":"Point","coordinates":[6.739104599999482,7.798470900000707]}},{"type":"Feature","properties":{"osm_id":"1122655105","name":null,"april21":false,"july15":true,"nov2":false},"geometry":{"type":"Point","coordinates":[6.739076586223933,7.7983837275029115]}},{"type":"Feature","properties":{"osm_id":"1122655107","name":null,"april21":false,"july15":true,"nov2":false},"geometry":{"type":"Point","coordinates":[6.739095599999818,7.798221949999893]}},{"type":"Feature","properties":{"osm_id":"1122655109","name":null,"april21":false,"july15":true,"nov2":false},"geometry":{"type":"Point","coordinates":[6.7391830999994,7.798249500002035]}},{"type":"Feature","properties":{"osm_id":"1122655110","name":null,"april21":false,"july15":true,"nov2":false},"geometry":{"type":"Point","coordinates":[6.739252799998967,7.798309600003081]}},{"type":"Feature","properties":{"osm_id":"1122655111","name":null,"april21":false,"july15":true,"nov2":false},"geometry":{"type":"Point","coordinates":[6.739478391349063,7.798260382078675]}},{"type":"Feature","properties":{"osm_id":"1122655112","name":null,"april21":false,"july15":true,"nov2":false},"geometry":{"type":"Point","coordinates":[6.740045316317976,7.798691767206715]}},{"type":"Feature","properties":{"osm_id":"1122655113","name":null,"april21":false,"july15":true,"nov2":false},"geometry":{"type":"Point","coordinates":[6.739720510294339,7.798642251497186]}},{"type":"Feature","properties":{"osm_id":"1122655114","name":null,"april21":false,"july15":true,"nov2":false},"geometry":{"type":"Point","coordinates":[6.7398714709112815,7.7981326877796295]}},{"type":"Feature","properties":{"osm_id":"1122655115","name":null,"april21":false,"july15":true,"nov2":false},"geometry":{"type":"Point","coordinates":[6.739824555279613,7.798137672833001]}},{"type":"Feature","properties":{"osm_id":"1122655116","name":null,"april21":false,"july15":true,"nov2":false},"geometry":{"type":"Point","coordinates":[6.739902649999666,7.798079650000881]}},{"type":"Feature","properties":{"osm_id":"1122655117","name":null,"april21":false,"july15":true,"nov2":false},"geometry":{"type":"Point","coordinates":[6.740008199998833,7.798110100002881]}},{"type":"Feature","properties":{"osm_id":"1122655123","name":null,"april21":false,"july15":true,"nov2":false},"geometry":{"type":"Point","coordinates":[6.739158149999519,7.799247650001042]}},{"type":"Feature","properties":{"osm_id":"1122655124","name":null,"april21":false,"july15":true,"nov2":false},"geometry":{"type":"Point","coordinates":[6.739147889529347,7.799335324018853]}},{"type":"Feature","properties":{"osm_id":"1122655125","name":null,"april21":false,"july15":true,"nov2":false},"geometry":{"type":"Point","coordinates":[6.739142150000024,7.799430750000281]}},{"type":"Feature","properties":{"osm_id":"1122655133","name":null,"april21":false,"july15":true,"nov2":false},"geometry":{"type":"Point","coordinates":[6.7395060949514605,7.799557374947331]}},{"type":"Feature","properties":{"osm_id":"1122655134","name":null,"april21":false,"july15":true,"nov2":false},"geometry":{"type":"Point","coordinates":[6.739568075883309,7.799398805879485]}},{"type":"Feature","properties":{"osm_id":"1122655136","name":null,"april21":false,"july15":true,"nov2":false},"geometry":{"type":"Point","coordinates":[6.7397808239209205,7.799353194680938]}},{"type":"Feature","properties":{"osm_id":"1122655137","name":null,"april21":false,"july15":true,"nov2":false},"geometry":{"type":"Point","coordinates":[6.7400021195665785,7.799202447715797]}},{"type":"Feature","properties":{"osm_id":"1122860213","name":null,"april21":false,"july15":true,"nov2":false},"geometry":{"type":"Point","coordinates":[6.761693017250858,7.820118147549094]}},{"type":"Feature","properties":{"osm_id":"1122860214","name":null,"april21":false,"july15":true,"nov2":false},"geometry":{"type":"Point","coordinates":[6.761732950667173,7.820084562601726]}},{"type":"Feature","properties":{"osm_id":"1122860215","name":null,"april21":false,"july15":true,"nov2":false},"geometry":{"type":"Point","coordinates":[6.761414082629633,7.820128399162856]}},{"type":"Feature","properties":{"osm_id":"1122860219","name":null,"april21":false,"july15":true,"nov2":false},"geometry":{"type":"Point","coordinates":[6.761446949998511,7.820249499999832]}},{"type":"Feature","properties":{"osm_id":"1122860220","name":null,"april21":false,"july15":true,"nov2":false},"geometry":{"type":"Point","coordinates":[6.7617235499999575,7.820140399999996]}},{"type":"Feature","properties":{"osm_id":"1122860221","name":null,"april21":false,"july15":true,"nov2":false},"geometry":{"type":"Point","coordinates":[6.761649788812637,7.82011082107661]}},{"type":"Feature","properties":{"osm_id":"1122860222","name":null,"april21":false,"july15":true,"nov2":false},"geometry":{"type":"Point","coordinates":[6.761600811396669,7.820209802586419]}},{"type":"Feature","properties":{"osm_id":"1122860223","name":null,"april21":false,"july15":true,"nov2":false},"geometry":{"type":"Point","coordinates":[6.761742974984696,7.820285900016831]}},{"type":"Feature","properties":{"osm_id":"1122860224","name":null,"april21":false,"july15":true,"nov2":false},"geometry":{"type":"Point","coordinates":[6.761611549984003,7.820444974993076]}},{"type":"Feature","properties":{"osm_id":"1122860226","name":null,"april21":false,"july15":true,"nov2":false},"geometry":{"type":"Point","coordinates":[6.761551881476779,7.820575499668363]}},{"type":"Feature","properties":{"osm_id":"1122860235","name":null,"april21":false,"july15":true,"nov2":false},"geometry":{"type":"Point","coordinates":[6.761514999999972,7.820528700000103]}},{"type":"Feature","properties":{"osm_id":"1122860248","name":null,"april21":false,"july15":true,"nov2":false},"geometry":{"type":"Point","coordinates":[6.7617312495544954,7.820361622614235]}},{"type":"Feature","properties":{"osm_id":"1122860249","name":null,"april21":false,"july15":true,"nov2":false},"geometry":{"type":"Point","coordinates":[6.761664869978033,7.820419068266004]}},{"type":"Feature","properties":{"osm_id":"1122860250","name":null,"april21":false,"july15":true,"nov2":false},"geometry":{"type":"Point","coordinates":[6.761609516842586,7.82037589953133]}},{"type":"Feature","properties":{"osm_id":"1122860251","name":null,"april21":false,"july15":true,"nov2":false},"geometry":{"type":"Point","coordinates":[6.76181169999994,7.820313800000251]}},{"type":"Feature","properties":{"osm_id":"1122860252","name":null,"april21":false,"july15":true,"nov2":false},"geometry":{"type":"Point","coordinates":[6.761545149999921,7.820221450000158]}},{"type":"Feature","properties":{"osm_id":"1122860253","name":null,"april21":false,"july15":true,"nov2":false},"geometry":{"type":"Point","coordinates":[6.761585399999983,7.82028155000014]}},{"type":"Feature","properties":{"osm_id":"1122860254","name":null,"april21":false,"july15":true,"nov2":false},"geometry":{"type":"Point","coordinates":[6.761717173009758,7.820240016364016]}},{"type":"Feature","properties":{"osm_id":"1122860255","name":null,"april21":false,"july15":true,"nov2":false},"geometry":{"type":"Point","coordinates":[6.761778161832089,7.820350981673202]}},{"type":"Feature","properties":{"osm_id":"1122860256","name":null,"april21":false,"july15":true,"nov2":false},"geometry":{"type":"Point","coordinates":[6.761723899999923,7.820420400000167]}},{"type":"Feature","properties":{"osm_id":"1122860257","name":null,"april21":false,"july15":true,"nov2":false},"geometry":{"type":"Point","coordinates":[6.7616434000000405,7.820479150000289]}},{"type":"Feature","properties":{"osm_id":"1122860258","name":null,"april21":false,"july15":true,"nov2":false},"geometry":{"type":"Point","coordinates":[6.761492863721634,7.8203350299819]}},{"type":"Feature","properties":{"osm_id":"1122860259","name":null,"april21":false,"july15":true,"nov2":false},"geometry":{"type":"Point","coordinates":[6.761489182764811,7.8202520022611175]}},{"type":"Feature","properties":{"osm_id":"1122860260","name":null,"april21":false,"july15":true,"nov2":false},"geometry":{"type":"Point","coordinates":[6.761669866082957,7.820270251177439]}},{"type":"Feature","properties":{"osm_id":"1122860261","name":null,"april21":false,"july15":true,"nov2":false},"geometry":{"type":"Point","coordinates":[6.761655482767234,7.8203320522243285]}},{"type":"Feature","properties":{"osm_id":"1122860262","name":null,"april21":false,"july15":true,"nov2":false},"geometry":{"type":"Point","coordinates":[6.76161756624877,7.820296500883601]}},{"type":"Feature","properties":{"osm_id":"1122860263","name":null,"april21":false,"july15":true,"nov2":false},"geometry":{"type":"Point","coordinates":[6.761574299999996,7.820337350000225]}},{"type":"Feature","properties":{"osm_id":"1122860264","name":null,"april21":false,"july15":true,"nov2":false},"geometry":{"type":"Point","coordinates":[6.761690350000106,7.820198850000331]}},{"type":"Feature","properties":{"osm_id":"1122860265","name":null,"april21":false,"july15":true,"nov2":false},"geometry":{"type":"Point","coordinates":[6.761613233172833,7.820133100419083]}},{"type":"Feature","properties":{"osm_id":"1122860266","name":null,"april21":false,"july15":true,"nov2":false},"geometry":{"type":"Point","coordinates":[6.761661182823873,7.820156301795595]}},{"type":"Feature","properties":{"osm_id":"1122860267","name":null,"april21":false,"july15":true,"nov2":false},"geometry":{"type":"Point","coordinates":[6.761597800000048,7.820094900000288]}},{"type":"Feature","properties":{"osm_id":"1122860268","name":null,"april21":false,"july15":true,"nov2":false},"geometry":{"type":"Point","coordinates":[6.761543182897099,7.8200826013769715]}},{"type":"Feature","properties":{"osm_id":"1122860269","name":null,"april21":false,"july15":true,"nov2":false},"geometry":{"type":"Point","coordinates":[6.761437199999718,7.820166650000056]}},{"type":"Feature","properties":{"osm_id":"1122860270","name":null,"april21":false,"july15":true,"nov2":false},"geometry":{"type":"Point","coordinates":[6.761519678582916,7.820178934922466]}},{"type":"Feature","properties":{"osm_id":"1122860271","name":null,"april21":false,"july15":true,"nov2":false},"geometry":{"type":"Point","coordinates":[6.761470399999902,7.820206800000093]}},{"type":"Feature","properties":{"osm_id":"1122860272","name":null,"april21":false,"july15":true,"nov2":false},"geometry":{"type":"Point","coordinates":[6.761524072147527,7.8203803656841675]}},{"type":"Feature","properties":{"osm_id":"1122860273","name":null,"april21":false,"july15":true,"nov2":false},"geometry":{"type":"Point","coordinates":[6.761494945619388,7.820125633983764]}},{"type":"Feature","properties":{"osm_id":"1122860274","name":null,"april21":false,"july15":true,"nov2":false},"geometry":{"type":"Point","coordinates":[6.761436750000008,7.820084900000205]}},{"type":"Feature","properties":{"osm_id":"1122860275","name":null,"april21":false,"july15":true,"nov2":false},"geometry":{"type":"Point","coordinates":[6.7613094999997,7.820155049999999]}},{"type":"Feature","properties":{"osm_id":"1122867690","name":null,"april21":false,"july15":true,"nov2":false},"geometry":{"type":"Point","coordinates":[6.749400131359742,7.819411212920699]}},{"type":"Feature","properties":{"osm_id":"1122867691","name":null,"april21":false,"july15":true,"nov2":false},"geometry":{"type":"Point","coordinates":[6.74944504163195,7.819603325614288]}},{"type":"Feature","properties":{"osm_id":"1122921158","name":null,"april21":false,"july15":true,"nov2":false},"geometry":{"type":"Point","coordinates":[6.742968876879979,7.804462856866398]}},{"type":"Feature","properties":{"osm_id":"1122921159","name":null,"april21":false,"july15":true,"nov2":false},"geometry":{"type":"Point","coordinates":[6.743128682710168,7.80445533421987]}},{"type":"Feature","properties":{"osm_id":"1122958287","name":null,"april21":false,"july15":true,"nov2":false},"geometry":{"type":"Point","coordinates":[6.761395615284588,7.820176239626427]}},{"type":"Feature","properties":{"osm_id":"1123101823","name":null,"april21":false,"july15":true,"nov2":false},"geometry":{"type":"Point","coordinates":[6.743014064663541,7.7914466643906755]}},{"type":"Feature","properties":{"osm_id":"1123122769","name":null,"april21":false,"july15":true,"nov2":false},"geometry":{"type":"Point","coordinates":[6.736013717524441,7.798128865548408]}},{"type":"Feature","properties":{"osm_id":"1123122770","name":null,"april21":false,"july15":true,"nov2":false},"geometry":{"type":"Point","coordinates":[6.735074425947758,7.798064846448996]}},{"type":"Feature","properties":{"osm_id":"1123122789","name":null,"april21":false,"july15":true,"nov2":false},"geometry":{"type":"Point","coordinates":[6.736322739812479,7.798079029598536]}},{"type":"Feature","properties":{"osm_id":"1123122790","name":null,"april21":false,"july15":true,"nov2":false},"geometry":{"type":"Point","coordinates":[6.736234954503557,7.798052772385031]}},{"type":"Feature","properties":{"osm_id":"1123127942","name":null,"april21":false,"july15":true,"nov2":false},"geometry":{"type":"Point","coordinates":[6.7462471827598405,7.8198365017826825]}},{"type":"Feature","properties":{"osm_id":"1123127943","name":null,"april21":false,"july15":true,"nov2":false},"geometry":{"type":"Point","coordinates":[6.7460356499992296,7.819892450001774]}},{"type":"Feature","properties":{"osm_id":"1123250692","name":null,"april21":false,"july15":true,"nov2":true},"geometry":{"type":"Point","coordinates":[6.746228149999695,7.793696700000297]}},{"type":"Feature","properties":{"osm_id":"1123250693","name":null,"april21":false,"july15":true,"nov2":true},"geometry":{"type":"Point","coordinates":[6.746271780730167,7.79377065543404]}},{"type":"Feature","properties":{"osm_id":"1123250694","name":null,"april21":false,"july15":true,"nov2":true},"geometry":{"type":"Point","coordinates":[6.746349700000066,7.793906900000635]}},{"type":"Feature","properties":{"osm_id":"1123250695","name":null,"april21":false,"july15":true,"nov2":true},"geometry":{"type":"Point","coordinates":[6.74639539779052,7.794010581597318]}},{"type":"Feature","properties":{"osm_id":"1123250696","name":null,"april21":false,"july15":true,"nov2":true},"geometry":{"type":"Point","coordinates":[6.74647574999975,7.794159900000162]}},{"type":"Feature","properties":{"osm_id":"1123250697","name":null,"april21":false,"july15":true,"nov2":false},"geometry":{"type":"Point","coordinates":[6.745726740622879,7.793858181826598]}},{"type":"Feature","properties":{"osm_id":"1123250698","name":null,"april21":false,"july15":true,"nov2":false},"geometry":{"type":"Point","coordinates":[6.745664983366381,7.7938328253330456]}},{"type":"Feature","properties":{"osm_id":"1123250699","name":null,"april21":false,"july15":true,"nov2":false},"geometry":{"type":"Point","coordinates":[6.74571303554739,7.793767022923911]}},{"type":"Feature","properties":{"osm_id":"1123250700","name":null,"april21":false,"july15":true,"nov2":false},"geometry":{"type":"Point","coordinates":[6.7457912499998,7.7940716000002785]}},{"type":"Feature","properties":{"osm_id":"1123250701","name":null,"april21":false,"july15":true,"nov2":false},"geometry":{"type":"Point","coordinates":[6.745872142695126,7.793896080654295]}},{"type":"Feature","properties":{"osm_id":"1123250702","name":null,"april21":false,"july15":true,"nov2":false},"geometry":{"type":"Point","coordinates":[6.745679300000017,7.794020700000702]}},{"type":"Feature","properties":{"osm_id":"1123250703","name":null,"april21":false,"july15":true,"nov2":false},"geometry":{"type":"Point","coordinates":[6.745749232134558,7.794032901703453]}},{"type":"Feature","properties":{"osm_id":"1123250704","name":null,"april21":false,"july15":true,"nov2":false},"geometry":{"type":"Point","coordinates":[6.745611572087954,7.793992551403526]}},{"type":"Feature","properties":{"osm_id":"1123250705","name":null,"april21":false,"july15":true,"nov2":false},"geometry":{"type":"Point","coordinates":[6.745640950000002,7.794106150000533]}},{"type":"Feature","properties":{"osm_id":"1123250706","name":null,"april21":false,"july15":true,"nov2":false},"geometry":{"type":"Point","coordinates":[6.745608742923493,7.794192527076966]}},{"type":"Feature","properties":{"osm_id":"1123250708","name":null,"april21":false,"july15":true,"nov2":false},"geometry":{"type":"Point","coordinates":[6.745735799999794,7.794163200000564]}},{"type":"Feature","properties":{"osm_id":"1123250709","name":null,"april21":false,"july15":true,"nov2":false},"geometry":{"type":"Point","coordinates":[6.745928031218369,7.79420996210686]}},{"type":"Feature","properties":{"osm_id":"1123250710","name":null,"april21":false,"july15":true,"nov2":false},"geometry":{"type":"Point","coordinates":[6.745892099998906,7.794630550000456]}},{"type":"Feature","properties":{"osm_id":"1123250711","name":null,"april21":false,"july15":true,"nov2":false},"geometry":{"type":"Point","coordinates":[6.745784199998579,7.794652800000172]}},{"type":"Feature","properties":{"osm_id":"1123250712","name":null,"april21":false,"july15":true,"nov2":false},"geometry":{"type":"Point","coordinates":[6.745924618725066,7.794713795804473]}},{"type":"Feature","properties":{"osm_id":"1123250713","name":null,"april21":false,"july15":true,"nov2":false},"geometry":{"type":"Point","coordinates":[6.745813050000243,7.794727500001762]}},{"type":"Feature","properties":{"osm_id":"1123250714","name":null,"april21":false,"july15":true,"nov2":false},"geometry":{"type":"Point","coordinates":[6.745847099998904,7.794801000000954]}},{"type":"Feature","properties":{"osm_id":"1123250715","name":null,"april21":false,"july15":true,"nov2":false},"geometry":{"type":"Point","coordinates":[6.7458703500006,7.794888000003616]}},{"type":"Feature","properties":{"osm_id":"1123250716","name":null,"april21":false,"july15":true,"nov2":false},"geometry":{"type":"Point","coordinates":[6.745657750888378,7.7951216844049585]}},{"type":"Feature","properties":{"osm_id":"1123250717","name":null,"april21":false,"july15":true,"nov2":false},"geometry":{"type":"Point","coordinates":[6.7456156499998,7.79554855000024]}},{"type":"Feature","properties":{"osm_id":"1123250718","name":null,"april21":false,"july15":true,"nov2":false},"geometry":{"type":"Point","coordinates":[6.7457158499978025,7.795529750005309]}},{"type":"Feature","properties":{"osm_id":"1123250719","name":null,"april21":false,"july15":true,"nov2":false},"geometry":{"type":"Point","coordinates":[6.745660999999335,7.79542585000283]}},{"type":"Feature","properties":{"osm_id":"1123250720","name":null,"april21":false,"july15":true,"nov2":false},"geometry":{"type":"Point","coordinates":[6.7457807000007,7.795212050003119]}},{"type":"Feature","properties":{"osm_id":"1123250721","name":null,"april21":false,"july15":true,"nov2":false},"geometry":{"type":"Point","coordinates":[6.745828631780611,7.795349717148714]}},{"type":"Feature","properties":{"osm_id":"1123250722","name":null,"april21":false,"july15":true,"nov2":false},"geometry":{"type":"Point","coordinates":[6.746489600001589,7.795614050003974]}},{"type":"Feature","properties":{"osm_id":"1123250723","name":null,"april21":false,"july15":true,"nov2":false},"geometry":{"type":"Point","coordinates":[6.746611350000617,7.795561950002828]}},{"type":"Feature","properties":{"osm_id":"1123250724","name":null,"april21":false,"july15":true,"nov2":false},"geometry":{"type":"Point","coordinates":[6.746792299999681,7.79589170000076]}},{"type":"Feature","properties":{"osm_id":"1123250725","name":null,"april21":false,"july15":true,"nov2":false},"geometry":{"type":"Point","coordinates":[6.746597435925142,7.795863824213814]}},{"type":"Feature","properties":{"osm_id":"1123250726","name":null,"april21":false,"july15":true,"nov2":false},"geometry":{"type":"Point","coordinates":[6.7464995499995055,7.795851100001065]}},{"type":"Feature","properties":{"osm_id":"1123250727","name":null,"april21":false,"july15":true,"nov2":false},"geometry":{"type":"Point","coordinates":[6.74564329369805,7.79604192283519]}},{"type":"Feature","properties":{"osm_id":"1123250728","name":null,"april21":false,"july15":true,"nov2":false},"geometry":{"type":"Point","coordinates":[6.745671199999564,7.796112900003142]}},{"type":"Feature","properties":{"osm_id":"1123250729","name":null,"april21":false,"july15":true,"nov2":false},"geometry":{"type":"Point","coordinates":[6.745742819862599,7.796210396926645]}},{"type":"Feature","properties":{"osm_id":"1123250730","name":null,"april21":false,"july15":true,"nov2":false},"geometry":{"type":"Point","coordinates":[6.746935671156483,7.796439970738597]}},{"type":"Feature","properties":{"osm_id":"1123250731","name":null,"april21":false,"july15":true,"nov2":false},"geometry":{"type":"Point","coordinates":[6.74691762348906,7.796546143980746]}},{"type":"Feature","properties":{"osm_id":"1123250732","name":null,"april21":false,"july15":true,"nov2":false},"geometry":{"type":"Point","coordinates":[6.746986020734133,7.796672987142288]}},{"type":"Feature","properties":{"osm_id":"1123250733","name":null,"april21":false,"july15":true,"nov2":false},"geometry":{"type":"Point","coordinates":[6.746916849998731,7.79667994999882]}},{"type":"Feature","properties":{"osm_id":"1123250734","name":null,"april21":false,"july15":true,"nov2":false},"geometry":{"type":"Point","coordinates":[6.746739638437332,7.7965372812255715]}},{"type":"Feature","properties":{"osm_id":"1123250739","name":null,"april21":false,"july15":true,"nov2":false},"geometry":{"type":"Point","coordinates":[6.74647629999667,7.7969240000073565]}},{"type":"Feature","properties":{"osm_id":"1123250740","name":null,"april21":false,"july15":true,"nov2":false},"geometry":{"type":"Point","coordinates":[6.746128299999735,7.7967011499989844]}},{"type":"Feature","properties":{"osm_id":"1123250741","name":null,"april21":false,"july15":true,"nov2":false},"geometry":{"type":"Point","coordinates":[6.7458784417176,7.796345926998478]}},{"type":"Feature","properties":{"osm_id":"1123250743","name":null,"april21":false,"july15":true,"nov2":false},"geometry":{"type":"Point","coordinates":[6.746405927055349,7.796647660184193]}},{"type":"Feature","properties":{"osm_id":"1123250744","name":null,"april21":false,"july15":true,"nov2":false},"geometry":{"type":"Point","coordinates":[6.746095914784503,7.796326103838209]}},{"type":"Feature","properties":{"osm_id":"1123250745","name":null,"april21":false,"july15":true,"nov2":false},"geometry":{"type":"Point","coordinates":[6.745999899999349,7.796495850000068]}},{"type":"Feature","properties":{"osm_id":"1123250746","name":null,"april21":false,"july15":true,"nov2":false},"geometry":{"type":"Point","coordinates":[6.746152062803375,7.796374734135709]}},{"type":"Feature","properties":{"osm_id":"1123250747","name":null,"april21":false,"july15":true,"nov2":false},"geometry":{"type":"Point","coordinates":[6.746077294539659,7.796428683155402]}},{"type":"Feature","properties":{"osm_id":"1123250749","name":null,"april21":false,"july15":true,"nov2":false},"geometry":{"type":"Point","coordinates":[6.7463585999983335,7.796145999998533]}},{"type":"Feature","properties":{"osm_id":"1123250750","name":null,"april21":false,"july15":true,"nov2":false},"geometry":{"type":"Point","coordinates":[6.745739499999522,7.796655250002527]}},{"type":"Feature","properties":{"osm_id":"1123250751","name":null,"april21":false,"july15":true,"nov2":false},"geometry":{"type":"Point","coordinates":[6.745715999999724,7.7967283999999974]}},{"type":"Feature","properties":{"osm_id":"1123250752","name":null,"april21":false,"july15":true,"nov2":false},"geometry":{"type":"Point","coordinates":[6.745801327813112,7.796741011254297]}},{"type":"Feature","properties":{"osm_id":"1123250753","name":null,"april21":false,"july15":true,"nov2":false},"geometry":{"type":"Point","coordinates":[6.745884927015185,7.796676509560955]}},{"type":"Feature","properties":{"osm_id":"1123250754","name":null,"april21":false,"july15":true,"nov2":false},"geometry":{"type":"Point","coordinates":[6.745990171808773,7.796714628213574]}},{"type":"Feature","properties":{"osm_id":"1123250755","name":null,"april21":false,"july15":true,"nov2":false},"geometry":{"type":"Point","coordinates":[6.745667399999286,7.7970152499992]}},{"type":"Feature","properties":{"osm_id":"1123250756","name":null,"april21":false,"july15":true,"nov2":false},"geometry":{"type":"Point","coordinates":[6.74583849999827,7.797311649999259]}},{"type":"Feature","properties":{"osm_id":"1123250757","name":null,"april21":false,"july15":true,"nov2":false},"geometry":{"type":"Point","coordinates":[6.745787899993109,7.797402449998151]}},{"type":"Feature","properties":{"osm_id":"1123250758","name":null,"april21":false,"july15":true,"nov2":false},"geometry":{"type":"Point","coordinates":[6.745882124563966,7.7969745908072365]}},{"type":"Feature","properties":{"osm_id":"1123250759","name":null,"april21":false,"july15":true,"nov2":false},"geometry":{"type":"Point","coordinates":[6.745783767125395,7.7969860085107]}},{"type":"Feature","properties":{"osm_id":"1123250760","name":null,"april21":false,"july15":true,"nov2":false},"geometry":{"type":"Point","coordinates":[6.745815949999171,7.797118999999152]}},{"type":"Feature","properties":{"osm_id":"1123250762","name":null,"april21":false,"july15":true,"nov2":false},"geometry":{"type":"Point","coordinates":[6.74604032407047,7.797390482877583]}},{"type":"Feature","properties":{"osm_id":"1123250763","name":null,"april21":false,"july15":true,"nov2":false},"geometry":{"type":"Point","coordinates":[6.746048999997725,7.7972780999981275]}},{"type":"Feature","properties":{"osm_id":"1123250764","name":null,"april21":false,"july15":true,"nov2":false},"geometry":{"type":"Point","coordinates":[6.745914199997722,7.797298500000205]}},{"type":"Feature","properties":{"osm_id":"1123250765","name":null,"april21":false,"july15":true,"nov2":false},"geometry":{"type":"Point","coordinates":[6.745937800000024,7.797413850002799]}},{"type":"Feature","properties":{"osm_id":"1123252027","name":null,"april21":false,"july15":true,"nov2":false},"geometry":{"type":"Point","coordinates":[6.745884549994633,7.795568099995141]}},{"type":"Feature","properties":{"osm_id":"1123254802","name":null,"april21":false,"july15":true,"nov2":false},"geometry":{"type":"Point","coordinates":[6.771779992993209,7.821752676339616]}},{"type":"Feature","properties":{"osm_id":"1123254803","name":null,"april21":false,"july15":true,"nov2":false},"geometry":{"type":"Point","coordinates":[6.771783999999905,7.821813750000133]}},{"type":"Feature","properties":{"osm_id":"1123254804","name":null,"april21":false,"july15":true,"nov2":false},"geometry":{"type":"Point","coordinates":[6.771837872817627,7.8217567942978175]}},{"type":"Feature","properties":{"osm_id":"1123254805","name":null,"april21":false,"july15":true,"nov2":false},"geometry":{"type":"Point","coordinates":[6.771842827240934,7.821813459621571]}},{"type":"Feature","properties":{"osm_id":"1123254806","name":null,"april21":false,"july15":true,"nov2":false},"geometry":{"type":"Point","coordinates":[6.771838799999786,7.821885600001203]}},{"type":"Feature","properties":{"osm_id":"1123254823","name":null,"april21":false,"july15":true,"nov2":false},"geometry":{"type":"Point","coordinates":[6.77307204999923,7.8219213000014625]}},{"type":"Feature","properties":{"osm_id":"1123359524","name":null,"april21":false,"july15":true,"nov2":false},"geometry":{"type":"Point","coordinates":[6.745692914109895,7.797725105472119]}},{"type":"Feature","properties":{"osm_id":"1123375065","name":null,"april21":false,"july15":true,"nov2":false},"geometry":{"type":"Point","coordinates":[6.74899795000684,7.820613549998104]}},{"type":"Feature","properties":{"osm_id":"1123385536","name":null,"april21":false,"july15":true,"nov2":false},"geometry":{"type":"Point","coordinates":[6.72162910318312,7.785074298572855]}},{"type":"Feature","properties":{"osm_id":"1123385537","name":null,"april21":false,"july15":true,"nov2":false},"geometry":{"type":"Point","coordinates":[6.721637261653742,7.785144653446216]}},{"type":"Feature","properties":{"osm_id":"1124129391","name":null,"april21":false,"july15":true,"nov2":false},"geometry":{"type":"Point","coordinates":[6.748533449998838,7.820432300001342]}},{"type":"Feature","properties":{"osm_id":"1124129393","name":null,"april21":false,"july15":true,"nov2":false},"geometry":{"type":"Point","coordinates":[6.74876436825199,7.8202760823842725]}},{"type":"Feature","properties":{"osm_id":"1124129394","name":null,"april21":false,"july15":true,"nov2":false},"geometry":{"type":"Point","coordinates":[6.748662782726822,7.82030389923406]}},{"type":"Feature","properties":{"osm_id":"1124129410","name":null,"april21":false,"july15":true,"nov2":false},"geometry":{"type":"Point","coordinates":[6.749041142249476,7.820221528474851]}},{"type":"Feature","properties":{"osm_id":"1124129414","name":null,"april21":false,"july15":true,"nov2":false},"geometry":{"type":"Point","coordinates":[6.748856818231666,7.820269756890253]}},{"type":"Feature","properties":{"osm_id":"1124129415","name":null,"april21":false,"july15":true,"nov2":false},"geometry":{"type":"Point","coordinates":[6.749062849999804,7.820317300000404]}},{"type":"Feature","properties":{"osm_id":"1124129416","name":null,"april21":false,"july15":true,"nov2":false},"geometry":{"type":"Point","coordinates":[6.748940580313379,7.820401945691955]}},{"type":"Feature","properties":{"osm_id":"1124129417","name":null,"april21":false,"july15":true,"nov2":false},"geometry":{"type":"Point","coordinates":[6.748918880715604,7.820506892378518]}},{"type":"Feature","properties":{"osm_id":"1124129418","name":null,"april21":false,"july15":true,"nov2":false},"geometry":{"type":"Point","coordinates":[6.7488477818271955,7.820502597537356]}},{"type":"Feature","properties":{"osm_id":"1124129419","name":null,"april21":false,"july15":true,"nov2":false},"geometry":{"type":"Point","coordinates":[6.748748981134818,7.82054544214404]}},{"type":"Feature","properties":{"osm_id":"1124129420","name":null,"april21":false,"july15":true,"nov2":false},"geometry":{"type":"Point","coordinates":[6.748419250000214,7.820556600000087]}},{"type":"Feature","properties":{"osm_id":"1124129421","name":null,"april21":false,"july15":true,"nov2":false},"geometry":{"type":"Point","coordinates":[6.748380222348319,7.820305153742618]}},{"type":"Feature","properties":{"osm_id":"1124129426","name":null,"april21":false,"july15":true,"nov2":false},"geometry":{"type":"Point","coordinates":[6.748569622862522,7.820272906786544]}},{"type":"Feature","properties":{"osm_id":"1124129427","name":null,"april21":false,"july15":true,"nov2":false},"geometry":{"type":"Point","coordinates":[6.748542135702691,7.820330372563947]}},{"type":"Feature","properties":{"osm_id":"1124129428","name":null,"april21":false,"july15":true,"nov2":false},"geometry":{"type":"Point","coordinates":[6.748522377106154,7.820375891166665]}},{"type":"Feature","properties":{"osm_id":"1124129429","name":null,"april21":false,"july15":true,"nov2":false},"geometry":{"type":"Point","coordinates":[6.748566650000185,7.820378899999901]}},{"type":"Feature","properties":{"osm_id":"1124129430","name":null,"april21":false,"july15":true,"nov2":false},"geometry":{"type":"Point","coordinates":[6.748608850000369,7.820379199999836]}},{"type":"Feature","properties":{"osm_id":"1124129431","name":null,"april21":false,"july15":true,"nov2":false},"geometry":{"type":"Point","coordinates":[6.748661165754524,7.820389181994964]}},{"type":"Feature","properties":{"osm_id":"1124129432","name":null,"april21":false,"july15":true,"nov2":false},"geometry":{"type":"Point","coordinates":[6.748703750000043,7.820476200000178]}},{"type":"Feature","properties":{"osm_id":"1124129433","name":null,"april21":false,"july15":true,"nov2":false},"geometry":{"type":"Point","coordinates":[6.748622949998699,7.8204659000018895]}},{"type":"Feature","properties":{"osm_id":"1124129434","name":null,"april21":false,"july15":true,"nov2":false},"geometry":{"type":"Point","coordinates":[6.748788927161559,7.8206193436893345]}},{"type":"Feature","properties":{"osm_id":"1124129435","name":null,"april21":false,"july15":true,"nov2":false},"geometry":{"type":"Point","coordinates":[6.748647379277739,7.820565221943934]}},{"type":"Feature","properties":{"osm_id":"1124129436","name":null,"april21":false,"july15":true,"nov2":false},"geometry":{"type":"Point","coordinates":[6.748718849999968,7.820658250000235]}},{"type":"Feature","properties":{"osm_id":"1124129437","name":null,"april21":false,"july15":true,"nov2":false},"geometry":{"type":"Point","coordinates":[6.748656499999723,7.820639050000485]}},{"type":"Feature","properties":{"osm_id":"1124129438","name":null,"april21":false,"july15":true,"nov2":false},"geometry":{"type":"Point","coordinates":[6.748926719972919,7.820596463874791]}},{"type":"Feature","properties":{"osm_id":"1124129439","name":null,"april21":false,"july15":true,"nov2":false},"geometry":{"type":"Point","coordinates":[6.748843249999248,7.820738600000705]}},{"type":"Feature","properties":{"osm_id":"1124129440","name":null,"april21":false,"july15":true,"nov2":false},"geometry":{"type":"Point","coordinates":[6.7487574000001604,7.820727650000278]}},{"type":"Feature","properties":{"osm_id":"1124129441","name":null,"april21":false,"july15":true,"nov2":false},"geometry":{"type":"Point","coordinates":[6.748702924280487,7.820715560819804]}},{"type":"Feature","properties":{"osm_id":"1124129442","name":null,"april21":false,"july15":true,"nov2":false},"geometry":{"type":"Point","coordinates":[6.748899849995235,7.8209310000053085]}},{"type":"Feature","properties":{"osm_id":"1124129443","name":null,"april21":false,"july15":true,"nov2":false},"geometry":{"type":"Point","coordinates":[6.748634699999012,7.821690250001127]}},{"type":"Feature","properties":{"osm_id":"1124129444","name":null,"april21":false,"july15":true,"nov2":false},"geometry":{"type":"Point","coordinates":[6.748693454846366,7.821889020208201]}},{"type":"Feature","properties":{"osm_id":"1124129445","name":null,"april21":false,"july15":true,"nov2":false},"geometry":{"type":"Point","coordinates":[6.748674399997746,7.821948950002253]}},{"type":"Feature","properties":{"osm_id":"1124129447","name":null,"april21":false,"july15":true,"nov2":false},"geometry":{"type":"Point","coordinates":[6.748582400000127,7.821895849999843]}},{"type":"Feature","properties":{"osm_id":"1124129449","name":null,"april21":false,"july15":true,"nov2":false},"geometry":{"type":"Point","coordinates":[6.748652799999823,7.821998800000339]}},{"type":"Feature","properties":{"osm_id":"1124129458","name":null,"april21":false,"july15":true,"nov2":false},"geometry":{"type":"Point","coordinates":[6.748653099999931,7.822391399999993]}},{"type":"Feature","properties":{"osm_id":"1124129459","name":null,"april21":false,"july15":true,"nov2":false},"geometry":{"type":"Point","coordinates":[6.74865549283534,7.822447875930017]}},{"type":"Feature","properties":{"osm_id":"1124135373","name":null,"april21":false,"july15":true,"nov2":false},"geometry":{"type":"Point","coordinates":[6.746816349999977,7.820067650001145]}},{"type":"Feature","properties":{"osm_id":"1124135375","name":null,"april21":false,"july15":true,"nov2":false},"geometry":{"type":"Point","coordinates":[6.746925949999923,7.819965250001205]}},{"type":"Feature","properties":{"osm_id":"1124135376","name":null,"april21":false,"july15":true,"nov2":false},"geometry":{"type":"Point","coordinates":[6.74695244999997,7.8200040000015]}},{"type":"Feature","properties":{"osm_id":"1124135377","name":null,"april21":false,"july15":true,"nov2":false},"geometry":{"type":"Point","coordinates":[6.74702844999972,7.819969750000828]}},{"type":"Feature","properties":{"osm_id":"1124135378","name":null,"april21":false,"july15":true,"nov2":false},"geometry":{"type":"Point","coordinates":[6.7469737499996105,7.820054000001354]}},{"type":"Feature","properties":{"osm_id":"1124135379","name":null,"april21":false,"july15":true,"nov2":false},"geometry":{"type":"Point","coordinates":[6.746958699999534,7.8201392000011385]}},{"type":"Feature","properties":{"osm_id":"1124135381","name":null,"april21":false,"july15":true,"nov2":false},"geometry":{"type":"Point","coordinates":[6.747190083101368,7.820305509531182]}},{"type":"Feature","properties":{"osm_id":"1124135382","name":null,"april21":false,"july15":true,"nov2":false},"geometry":{"type":"Point","coordinates":[6.747121249999375,7.820295149999847]}},{"type":"Feature","properties":{"osm_id":"1124135383","name":null,"april21":false,"july15":true,"nov2":false},"geometry":{"type":"Point","coordinates":[6.747066050001815,7.820266950002243]}},{"type":"Feature","properties":{"osm_id":"1124135384","name":null,"april21":false,"july15":true,"nov2":false},"geometry":{"type":"Point","coordinates":[6.747072624891598,7.820315232604225]}},{"type":"Feature","properties":{"osm_id":"1124135385","name":null,"april21":false,"july15":true,"nov2":false},"geometry":{"type":"Point","coordinates":[6.747030697199494,7.820223133389279]}},{"type":"Feature","properties":{"osm_id":"1124135386","name":null,"april21":false,"july15":true,"nov2":false},"geometry":{"type":"Point","coordinates":[6.747107399998932,7.820088199999887]}},{"type":"Feature","properties":{"osm_id":"1124135387","name":null,"april21":false,"july15":true,"nov2":false},"geometry":{"type":"Point","coordinates":[6.747203150000135,7.820087350002872]}},{"type":"Feature","properties":{"osm_id":"1124135388","name":null,"april21":false,"july15":true,"nov2":false},"geometry":{"type":"Point","coordinates":[6.747223267972171,7.820153548409255]}},{"type":"Feature","properties":{"osm_id":"1124135408","name":null,"april21":false,"july15":true,"nov2":false},"geometry":{"type":"Point","coordinates":[6.7476518999997275,7.8207527500007625]}},{"type":"Feature","properties":{"osm_id":"1124135409","name":null,"april21":false,"july15":true,"nov2":false},"geometry":{"type":"Point","coordinates":[6.748352305149594,7.821252680496819]}},{"type":"Feature","properties":{"osm_id":"1124135410","name":null,"april21":false,"july15":true,"nov2":false},"geometry":{"type":"Point","coordinates":[6.748240547177742,7.821473569731229]}},{"type":"Feature","properties":{"osm_id":"1124135411","name":null,"april21":false,"july15":true,"nov2":false},"geometry":{"type":"Point","coordinates":[6.748216900000089,7.821532050000044]}},{"type":"Feature","properties":{"osm_id":"1124135417","name":null,"april21":false,"july15":true,"nov2":false},"geometry":{"type":"Point","coordinates":[6.748115599998991,7.821472000001444]}},{"type":"Feature","properties":{"osm_id":"1124135422","name":null,"april21":false,"july15":true,"nov2":false},"geometry":{"type":"Point","coordinates":[6.748111049999826,7.820979400000334]}},{"type":"Feature","properties":{"osm_id":"1124135423","name":null,"april21":false,"july15":true,"nov2":false},"geometry":{"type":"Point","coordinates":[6.748034707985823,7.8210793712739815]}},{"type":"Feature","properties":{"osm_id":"1124135424","name":null,"april21":false,"july15":true,"nov2":false},"geometry":{"type":"Point","coordinates":[6.748016271941033,7.820831203542682]}},{"type":"Feature","properties":{"osm_id":"1124135425","name":null,"april21":false,"july15":true,"nov2":false},"geometry":{"type":"Point","coordinates":[6.747687899999494,7.820817150001023]}},{"type":"Feature","properties":{"osm_id":"1124135426","name":null,"april21":false,"july15":true,"nov2":false},"geometry":{"type":"Point","coordinates":[6.747772105982296,7.820795672384133]}},{"type":"Feature","properties":{"osm_id":"1124135427","name":null,"april21":false,"july15":true,"nov2":false},"geometry":{"type":"Point","coordinates":[6.747774649999459,7.820930200000977]}},{"type":"Feature","properties":{"osm_id":"1124135428","name":null,"april21":false,"july15":true,"nov2":false},"geometry":{"type":"Point","coordinates":[6.747895902622848,7.820984183434855]}},{"type":"Feature","properties":{"osm_id":"1124135431","name":null,"april21":false,"july15":true,"nov2":false},"geometry":{"type":"Point","coordinates":[6.747355549999567,7.8209440000009165]}},{"type":"Feature","properties":{"osm_id":"1124135432","name":null,"april21":false,"july15":true,"nov2":false},"geometry":{"type":"Point","coordinates":[6.747373626346606,7.821006253276135]}},{"type":"Feature","properties":{"osm_id":"1124135433","name":null,"april21":false,"july15":true,"nov2":false},"geometry":{"type":"Point","coordinates":[6.747617132023206,7.820899186282814]}},{"type":"Feature","properties":{"osm_id":"1124135434","name":null,"april21":false,"july15":true,"nov2":false},"geometry":{"type":"Point","coordinates":[6.747556532689485,7.820976766005266]}},{"type":"Feature","properties":{"osm_id":"1124135435","name":null,"april21":false,"july15":true,"nov2":false},"geometry":{"type":"Point","coordinates":[6.747473411314408,7.820962573799295]}},{"type":"Feature","properties":{"osm_id":"1124135436","name":null,"april21":false,"july15":true,"nov2":false},"geometry":{"type":"Point","coordinates":[6.747424321445685,7.820895538355695]}},{"type":"Feature","properties":{"osm_id":"1124135437","name":null,"april21":false,"july15":true,"nov2":false},"geometry":{"type":"Point","coordinates":[6.7473658999996795,7.820858550001297]}},{"type":"Feature","properties":{"osm_id":"1124135438","name":null,"april21":false,"july15":true,"nov2":false},"geometry":{"type":"Point","coordinates":[6.747302059322811,7.8208727223654595]}},{"type":"Feature","properties":{"osm_id":"1124148069","name":null,"april21":false,"july15":true,"nov2":false},"geometry":{"type":"Point","coordinates":[6.746194613011258,7.820066624588876]}},{"type":"Feature","properties":{"osm_id":"1124148070","name":null,"april21":false,"july15":true,"nov2":false},"geometry":{"type":"Point","coordinates":[6.746128225476118,7.819995165690368]}},{"type":"Feature","properties":{"osm_id":"1124148071","name":null,"april21":false,"july15":true,"nov2":false},"geometry":{"type":"Point","coordinates":[6.746128425424881,7.820068664283519]}},{"type":"Feature","properties":{"osm_id":"1124148072","name":null,"april21":false,"july15":true,"nov2":false},"geometry":{"type":"Point","coordinates":[6.7461126083484935,7.820233524047794]}},{"type":"Feature","properties":{"osm_id":"1124148083","name":null,"april21":false,"july15":true,"nov2":false},"geometry":{"type":"Point","coordinates":[6.745953049999883,7.820007449999996]}},{"type":"Feature","properties":{"osm_id":"1124148084","name":null,"april21":false,"july15":true,"nov2":false},"geometry":{"type":"Point","coordinates":[6.745953299999796,7.820053050000501]}},{"type":"Feature","properties":{"osm_id":"1124148085","name":null,"april21":false,"july15":true,"nov2":false},"geometry":{"type":"Point","coordinates":[6.745902373912156,7.819995292694341]}},{"type":"Feature","properties":{"osm_id":"1124148086","name":null,"april21":false,"july15":true,"nov2":false},"geometry":{"type":"Point","coordinates":[6.748350307350477,7.820253024744883]}},{"type":"Feature","properties":{"osm_id":"1124148087","name":null,"april21":false,"july15":true,"nov2":false},"geometry":{"type":"Point","coordinates":[6.748227990829653,7.820629475207192]}},{"type":"Feature","properties":{"osm_id":"1124148088","name":null,"april21":false,"july15":true,"nov2":false},"geometry":{"type":"Point","coordinates":[6.747882999999892,7.820636050000138]}},{"type":"Feature","properties":{"osm_id":"1124148089","name":null,"april21":false,"july15":true,"nov2":false},"geometry":{"type":"Point","coordinates":[6.747573773606954,7.820637688208137]}},{"type":"Feature","properties":{"osm_id":"1124148090","name":null,"april21":false,"july15":true,"nov2":false},"geometry":{"type":"Point","coordinates":[6.747306149999784,7.820810500000061]}},{"type":"Feature","properties":{"osm_id":"1124148091","name":null,"april21":false,"july15":true,"nov2":false},"geometry":{"type":"Point","coordinates":[6.747154867933213,7.8203396469545305]}},{"type":"Feature","properties":{"osm_id":"1124148092","name":null,"april21":false,"july15":true,"nov2":false},"geometry":{"type":"Point","coordinates":[6.747102683283264,7.820364703368724]}},{"type":"Feature","properties":{"osm_id":"1124148094","name":null,"april21":false,"july15":true,"nov2":false},"geometry":{"type":"Point","coordinates":[6.747277582669946,7.820439901183918]}},{"type":"Feature","properties":{"osm_id":"1124148095","name":null,"april21":false,"july15":true,"nov2":false},"geometry":{"type":"Point","coordinates":[6.7472476499996095,7.82040255000056]}},{"type":"Feature","properties":{"osm_id":"1124148096","name":null,"april21":false,"july15":true,"nov2":false},"geometry":{"type":"Point","coordinates":[6.747188349660529,7.820424766353446]}},{"type":"Feature","properties":{"osm_id":"1124148097","name":null,"april21":false,"july15":true,"nov2":false},"geometry":{"type":"Point","coordinates":[6.747485182440041,7.820415330097895]}},{"type":"Feature","properties":{"osm_id":"1124148098","name":null,"april21":false,"july15":true,"nov2":false},"geometry":{"type":"Point","coordinates":[6.74755859999979,7.820424750000401]}},{"type":"Feature","properties":{"osm_id":"1124148099","name":null,"april21":false,"july15":true,"nov2":false},"geometry":{"type":"Point","coordinates":[6.747571127305563,7.820485807180691]}},{"type":"Feature","properties":{"osm_id":"1124148100","name":null,"april21":false,"july15":true,"nov2":false},"geometry":{"type":"Point","coordinates":[6.748143150001229,7.82025874999797]}},{"type":"Feature","properties":{"osm_id":"1124148101","name":null,"april21":false,"july15":true,"nov2":false},"geometry":{"type":"Point","coordinates":[6.748336623236426,7.820362690364156]}},{"type":"Feature","properties":{"osm_id":"1124148102","name":null,"april21":false,"july15":true,"nov2":false},"geometry":{"type":"Point","coordinates":[6.74823607430217,7.820315341824966]}},{"type":"Feature","properties":{"osm_id":"1124148103","name":null,"april21":false,"july15":true,"nov2":false},"geometry":{"type":"Point","coordinates":[6.748274325166664,7.820399007219155]}},{"type":"Feature","properties":{"osm_id":"1124148104","name":null,"april21":false,"july15":true,"nov2":false},"geometry":{"type":"Point","coordinates":[6.748279699999379,7.8204519000014585]}},{"type":"Feature","properties":{"osm_id":"1124148105","name":null,"april21":false,"july15":true,"nov2":false},"geometry":{"type":"Point","coordinates":[6.748207892159619,7.820435478200454]}},{"type":"Feature","properties":{"osm_id":"1124148106","name":null,"april21":false,"july15":true,"nov2":false},"geometry":{"type":"Point","coordinates":[6.74819764999986,7.8203944500006495]}},{"type":"Feature","properties":{"osm_id":"1124148107","name":null,"april21":false,"july15":true,"nov2":false},"geometry":{"type":"Point","coordinates":[6.748157649999827,7.8205952999998924]}},{"type":"Feature","properties":{"osm_id":"1124148108","name":null,"april21":false,"july15":true,"nov2":false},"geometry":{"type":"Point","coordinates":[6.748154181252927,7.820652024128694]}},{"type":"Feature","properties":{"osm_id":"1124148109","name":null,"april21":false,"july15":true,"nov2":false},"geometry":{"type":"Point","coordinates":[6.74810357368282,7.820604539532784]}},{"type":"Feature","properties":{"osm_id":"1124148110","name":null,"april21":false,"july15":true,"nov2":false},"geometry":{"type":"Point","coordinates":[6.748191200000038,7.820526149999817]}},{"type":"Feature","properties":{"osm_id":"1124148111","name":null,"april21":false,"july15":true,"nov2":false},"geometry":{"type":"Point","coordinates":[6.74792037020669,7.820481078539323]}},{"type":"Feature","properties":{"osm_id":"1124148112","name":null,"april21":false,"july15":true,"nov2":false},"geometry":{"type":"Point","coordinates":[6.748035727949458,7.820551097510981]}},{"type":"Feature","properties":{"osm_id":"1124148113","name":null,"april21":false,"july15":true,"nov2":false},"geometry":{"type":"Point","coordinates":[6.7478081051410665,7.820417922536066]}},{"type":"Feature","properties":{"osm_id":"1124148115","name":null,"april21":false,"july15":true,"nov2":false},"geometry":{"type":"Point","coordinates":[6.748214499999518,7.820134850000795]}},{"type":"Feature","properties":{"osm_id":"1124148120","name":null,"april21":false,"july15":true,"nov2":false},"geometry":{"type":"Point","coordinates":[6.7480535741729515,7.820209506234215]}},{"type":"Feature","properties":{"osm_id":"1124148122","name":null,"april21":false,"july15":true,"nov2":false},"geometry":{"type":"Point","coordinates":[6.747449743020946,7.8200205807695005]}},{"type":"Feature","properties":{"osm_id":"1124148127","name":null,"april21":false,"july15":true,"nov2":false},"geometry":{"type":"Point","coordinates":[6.747576725984194,7.820158456150102]}},{"type":"Feature","properties":{"osm_id":"1124148131","name":null,"april21":false,"july15":true,"nov2":false},"geometry":{"type":"Point","coordinates":[6.747994317673533,7.820210615282751]}},{"type":"Feature","properties":{"osm_id":"1124148133","name":null,"april21":false,"july15":true,"nov2":false},"geometry":{"type":"Point","coordinates":[6.747957650000321,7.820256049999631]}},{"type":"Feature","properties":{"osm_id":"1124148134","name":null,"april21":false,"july15":true,"nov2":false},"geometry":{"type":"Point","coordinates":[6.747907099999998,7.820299499999872]}},{"type":"Feature","properties":{"osm_id":"1124148135","name":null,"april21":false,"july15":true,"nov2":false},"geometry":{"type":"Point","coordinates":[6.747920500000103,7.820246249999915]}},{"type":"Feature","properties":{"osm_id":"1124148593","name":null,"april21":false,"july15":true,"nov2":false},"geometry":{"type":"Point","coordinates":[6.747491299999373,7.82099910000129]}},{"type":"Feature","properties":{"osm_id":"1107881668","name":null,"april21":false,"july15":false,"nov2":true},"geometry":{"type":"Point","coordinates":[6.779465549997985,7.815302950001266]}},{"type":"Feature","properties":{"osm_id":"1107881690","name":null,"april21":false,"july15":false,"nov2":true},"geometry":{"type":"Point","coordinates":[6.779521249997493,7.815446550001261]}},{"type":"Feature","properties":{"osm_id":"1107881693","name":null,"april21":false,"july15":false,"nov2":true},"geometry":{"type":"Point","coordinates":[6.779583583291499,7.815377986757427]}},{"type":"Feature","properties":{"osm_id":"1107881696","name":null,"april21":false,"july15":false,"nov2":true},"geometry":{"type":"Point","coordinates":[6.779452992110107,7.815405618319923]}},{"type":"Feature","properties":{"osm_id":"1122860233","name":null,"april21":false,"july15":false,"nov2":true},"geometry":{"type":"Point","coordinates":[6.761464699999932,7.82047255000005]}},{"type":"Feature","properties":{"osm_id":"1122860234","name":null,"april21":false,"july15":false,"nov2":true},"geometry":{"type":"Point","coordinates":[6.761445251912652,7.8204991171915]}},{"type":"Feature","properties":{"osm_id":"1122860236","name":null,"april21":false,"july15":false,"nov2":true},"geometry":{"type":"Point","coordinates":[6.761484817231229,7.820554247757695]}},{"type":"Feature","properties":{"osm_id":"1123250691","name":null,"april21":false,"july15":false,"nov2":true},"geometry":{"type":"Point","coordinates":[6.746152940305706,7.79360433761845]}}]}