{"type":"FeatureCollection","features":[{"type":"Feature","properties":{"date":"July 15, 2025","status":"Flooding observation","mapped_area_km2":22.88},"geometry":{"type":"MultiPolygon","coordinates":[[[[6.775249834435606,7.750802576944997],[6.77524888482068,7.750983352919605],[6.775430128407488,7.750984300057434],[6.775428229263589,7.751345852046393],[6.775609473027638,7.751346799151914],[6.775608523498668,7.751527575166282],[6.7756075739468775,7.751708351179027],[6.775859496511062,7.751890448559014],[6.775605674774841,7.752069903199492],[6.775604725154593,7.7522506792072745],[6.775958545228644,7.75279084925519],[6.776141811382946,7.753518952874541],[6.776323056164933,7.753519899940111],[6.776322106671063,7.753700676024115],[6.776320207614888,7.7540622281871086],[6.776501452651397,7.754063175242664],[6.77650050316633,7.754243951344048],[6.776558860672074,7.754725868330289],[6.776797040321304,7.755210137319076],[6.776915654723571,7.755812419182653],[6.777034744856656,7.756054553708813],[6.777215990834166,7.756055500701869],[6.777214091957468,7.756417053045423],[6.77739154039429,7.757141104762804],[6.777572786880978,7.757142051735716],[6.777571837471751,7.7573228279430815],[6.777772699536447,7.758120841670973],[6.778038138284225,7.757974549248671],[6.7782619066989795,7.757654887722978],[6.778477121587855,7.75750833808053],[6.778478070633513,7.757327561763167],[6.778296823955565,7.757326615153298],[6.778297773055705,7.75714583885663],[6.778116526477824,7.75714489219201],[6.77811747563244,7.756964115915996],[6.778118424764262,7.756783339638318],[6.777790301707837,7.756715482345111],[6.777939076713502,7.756420840425654],[6.777819985946943,7.75617870598099],[6.777760678075775,7.755877564977456],[6.777579432107158,7.755876618237914],[6.7775803813339826,7.755695842017347],[6.777702007934773,7.755454964950787],[6.777764474537253,7.755154459995988],[6.777583228877654,7.7551535133457605],[6.777584178013278,7.754972737118604],[6.777586076216124,7.754611184659328],[6.777404830811051,7.754610237999037],[6.77740577995552,7.754429461789268],[6.777406729077184,7.754248685577871],[6.777225483849419,7.754247738885194],[6.777226433025524,7.7540669626944645],[6.7771038253483145,7.75375103659715],[6.777183495816425,7.753232120717303],[6.776514743047206,7.751532309650384],[6.776333499091866,7.751531362907597],[6.776334448311985,7.751350586803848],[6.776153204456671,7.751349640006386],[6.7761541537311905,7.751168863923332],[6.776076681999229,7.7508856523020135],[6.775615169722248,7.750262143031141],[6.775433926421433,7.750261196059718],[6.775434875867868,7.750080420056172],[6.775075238154652,7.749536198040636],[6.774893995231091,7.749535250927623],[6.774894944817817,7.749354474984552],[6.7746087745489465,7.748917578234175],[6.774552760648183,7.748813481314349],[6.773629064542447,7.748811459100232],[6.773628145718137,7.748986291616111],[6.773738042542246,7.749357392845976],[6.774345517163418,7.750436288481857],[6.774526760404479,7.750437235937661],[6.77452581052639,7.750618011826139],[6.774597889573737,7.750762001481599],[6.774888297231385,7.750619906551445],[6.774889246955069,7.750439130618249],[6.775070490264615,7.750440077843037],[6.775068590948827,7.750801629752507],[6.775249834435606,7.750802576944997]],[[6.774668593337016,7.750376093194928],[6.774828362475504,7.750218397419695],[6.774889246955069,7.750439130618249],[6.774668593337016,7.750376093194928]]],[[[6.7219188866913475,7.770848069587549],[6.721658740525041,7.770907706973568],[6.721657306253315,7.771559668409255],[6.72193277652029,7.7712076516441675],[6.722339252284012,7.771044267566745],[6.722115846293963,7.7708703548186],[6.721960011395098,7.77048470022779],[6.721659940195548,7.770362281721403],[6.7216592269462625,7.770686568983972],[6.7219188866913475,7.770848069587549]]],[[[6.722686338686316,7.784871797412775],[6.722505087173237,7.78487082361958],[6.722506063592176,7.784690054516362],[6.722143560791215,7.784688106743724],[6.722144537341867,7.784507337684636],[6.721963286053989,7.784506363705195],[6.7219642626588065,7.784325594667356],[6.721783011471862,7.784324620633468],[6.721783988130841,7.784143851616839],[6.72162964902119,7.784105163510959],[6.7216273364380825,7.785151905762538],[6.721705658764729,7.7851905785433875],[6.721779104602168,7.785047696683394],[6.72187098128113,7.784816661712867],[6.721960356099281,7.785048670808839],[6.722141607619789,7.785049644856939],[6.722140630999015,7.785230413911032],[6.722321882620444,7.785231387904677],[6.722320906053844,7.785412156980012],[6.722502157776195,7.7854131309191965],[6.722503134265246,7.785232361820977],[6.722684385933419,7.785233335659935],[6.722686338686316,7.784871797412775]]],[[[6.775574091910999,7.826732166485106],[6.775575050781062,7.826551391114333],[6.77557600962829,7.82637061574184],[6.775394733616069,7.8263696595152705],[6.775395692518443,7.826188884163487],[6.775758244409778,7.826190796494152],[6.775757285663367,7.826371571890641],[6.7759385617212775,7.826372527961673],[6.775937603030015,7.826553303378869],[6.776661749399716,7.826737902479547],[6.776843025727757,7.826738858206418],[6.776965339765414,7.826452691481214],[6.7764873034349895,7.8257543705547175],[6.775601307754739,7.825418428590114],[6.7757215755927565,7.824896363337716],[6.7752201700095185,7.825103275870027],[6.775160868363477,7.824802133192261],[6.775041771215597,7.824559993683377],[6.774860496051596,7.824559037447088],[6.7746773028702085,7.824919631685973],[6.774585436841421,7.825150686271845],[6.774496027595966,7.8249186752494575],[6.77431475234459,7.824917718735192],[6.774315711532059,7.824736943504268],[6.774134436381477,7.824735986934613],[6.774135395624061,7.8245552117244355],[6.7738491973165935,7.8241183030660295],[6.773596367582859,7.823648465875591],[6.77316317526543,7.823346809153149],[6.773056382032833,7.822922495049304],[6.772936326970342,7.822861130495659],[6.772816444077811,7.822500527658389],[6.7734227676898024,7.822201308036994],[6.773856172375841,7.822419010776248],[6.773966589661915,7.82220417750613],[6.773785315648357,7.822203221094145],[6.773786274726921,7.822022445905399],[6.773423726924241,7.822020532892991],[6.773038145353757,7.821856630020388],[6.7725163981934635,7.822196524033911],[6.772452944833427,7.822677798494868],[6.772123016058111,7.822797518020081],[6.772287443823869,7.822466223305944],[6.77215385055499,7.822194609888596],[6.771972576770048,7.822193652699347],[6.771974496463051,7.821832102767803],[6.771539436467678,7.821542083027548],[6.7710710091977715,7.821284991305673],[6.770889735939753,7.821284033762061],[6.770890696150898,7.821103258923165],[6.770289358055867,7.820798550989279],[6.770168485090628,7.820557103803345],[6.769987212258737,7.820556145960781],[6.769988172767954,7.820375371227316],[6.769629469759965,7.819650356582447],[6.769448197386338,7.819649398618823],[6.769450118620421,7.819287849267941],[6.769268846425528,7.819286891271444],[6.769269807086133,7.819106116615936],[6.769270767723836,7.818925341958786],[6.769452039762917,7.818926299910454],[6.7694539608138244,7.8185647505462805],[6.769635232720017,7.818565708375429],[6.769636193133226,7.818384933668509],[6.769817464984414,7.818385891397556],[6.769998736858495,7.8183868490489195],[6.769999697093015,7.818206074295438],[6.77018096891209,7.818207031846705],[6.770497647783316,7.818162717830302],[6.770772569127166,7.817894583202269],[6.771089247816368,7.817850268657025],[6.771090207514861,7.817669493764183],[6.771271479237561,7.817670450782149],[6.771550782056801,7.817810748671196],[6.77208076612301,7.817355118835288],[6.772360069184465,7.817495416207406],[6.772361028291978,7.8173146411544705],[6.772542300019004,7.817315597583903],[6.772816941698487,7.816776551421378],[6.772967020457828,7.817076327166063],[6.773207127805122,7.81719905533363],[6.773267387155737,7.817319422524884],[6.773448658997048,7.8173203785659355],[6.773447700356871,7.817501153753143],[6.7736289722989484,7.817502109738892],[6.7739031259320015,7.817079972963317],[6.774172788262292,7.817504977230057],[6.774354060295773,7.817505932905089],[6.774353102022195,7.817686708202461],[6.774452097341669,7.817775860353556],[6.774197607855528,7.818237064839711],[6.77181145685799,7.818396421289737],[6.771810497379577,7.818577196265466],[6.7716292251987475,7.818576239368587],[6.771627306017497,7.818937789270423],[6.771989850713599,7.818939703076052],[6.772082716870917,7.818519995992062],[6.772171123095955,7.818940659862325],[6.7724139287189375,7.818821892018189],[6.773078444329553,7.8187646674991464],[6.773079403285525,7.818583892368313],[6.773260675649263,7.818584848643677],[6.77362322044529,7.81858676096133],[6.7739857653327515,7.818588672968224],[6.7739848067662916,7.818769448210921],[6.77434735190096,7.818771359951791],[6.774348310311615,7.81859058466436],[6.7745295828352985,7.818591540395893],[6.774710855381846,7.818592496049734],[6.77543690371685,7.818415542465038],[6.77543786161442,7.818234767040132],[6.775619134119343,7.818235722260819],[6.776162951771166,7.818238587456754],[6.776161994185194,7.818419362971056],[6.77634326685936,7.818420317903342],[6.776341351774736,7.818781868971578],[6.776703897503131,7.818783778692449],[6.776702940082391,7.818964554268781],[6.777428032124679,7.818968372867557],[6.777427074992743,7.819149148531559],[6.778111411221141,7.818837496735345],[6.779164090042936,7.8190507031225405],[6.779238851098707,7.819339465698729],[6.779794783733768,7.819255083857409],[6.779669746752177,7.8186847851195065],[6.780199218616388,7.818185994567078],[6.779985036431955,7.819115773495168],[6.780796354077969,7.818869646622862],[6.78098268151882,7.819609904468571],[6.780866490056803,7.820071150738707],[6.781145586867754,7.819988950056804],[6.781613789159161,7.819452739284111],[6.781855345565177,7.820539581622778],[6.782401606486303,7.820342782300033],[6.782608240690062,7.820360432847452],[6.782577464043691,7.8207187304325485],[6.782773357178761,7.8208888366879545],[6.782741030323335,7.821265154363065],[6.782950845235243,7.821249450576571],[6.783225614311626,7.821570909624417],[6.782753131457547,7.821972548020352],[6.782668724410979,7.8220692175916415],[6.783210639564462,7.822433627799071],[6.783391914841766,7.822434580191497],[6.783390959848456,7.822615356559989],[6.783932876463519,7.822979766203291],[6.78411415206565,7.822980718351599],[6.7841131973158735,7.823161494804169],[6.785376402011207,7.824252817437137],[6.785557678340934,7.82425376911932],[6.785556724055627,7.824434545738388],[6.785738000486091,7.824435497365075],[6.7859192769392855,7.824436448914011],[6.785918322787174,7.824617225575899],[6.786521462743387,7.8249212231792935],[6.786822798191127,7.8249835358067195],[6.787004075014571,7.824984486955864],[6.787003121262096,7.825165263746206],[6.78736567513308,7.825167165855692],[6.787546952102645,7.825168116793798],[6.787545998561369,7.825348893649205],[6.788008791568624,7.825431712405183],[6.788994309856081,7.825718052593978],[6.7891755872639,7.825719002898904],[6.789174634356294,7.825899779949347],[6.789355911864807,7.82590073019872],[6.789537189395996,7.825901680370328],[6.789536236621656,7.82608245746352],[6.789717514253536,7.826083407579571],[6.789898791908108,7.826084357617855],[6.7898978392670415,7.8262651347538235],[6.790079117022285,7.826266084736544],[6.790727892217616,7.826704887066663],[6.790874850577029,7.8269195441719575],[6.7911629754225835,7.826994892148629],[6.791344253648549,7.826995841675737],[6.791525531897187,7.826996791125068],[6.791524579844606,7.82717756845254],[6.79170585819389,7.827178517846284],[6.791887136565865,7.8271794671622485],[6.791886184646599,7.827360244532425],[6.792067463119239,7.827361193792794],[6.792248741614543,7.827362142975385],[6.792247789828602,7.827542920388292],[6.7924290684245685,7.827543869515286],[6.792790674109857,7.827726545013734],[6.793153231616414,7.827728442767587],[6.792905330985385,7.827253720823492],[6.792450213268644,7.826687317430425],[6.792777677547373,7.825711728745315],[6.793231269582638,7.8260328854989885],[6.793780454638223,7.826222734296707],[6.7943119029622,7.827376216042586],[6.7934972559625475,7.82764831648012],[6.7933335590404065,7.827910169070501],[6.793634898892262,7.827972477699078],[6.794117990516945,7.828215107317795],[6.794419330849174,7.82827741547785],[6.794600610028964,7.8282783637600835],[6.794813925832232,7.828024989046734],[6.795323825805633,7.828643711672442],[6.795505105254646,7.828644659610023],[6.795504154714224,7.828825437410289],[6.795865763429114,7.829008110939351],[6.796047043102038,7.82900905868784],[6.7960460927503945,7.829189836551294],[6.796227372523961,7.8291907842441315],[6.796408652320151,7.829191731859168],[6.796407702101913,7.829372509765232],[6.796588981998742,7.8293734573246105],[6.796770261918172,7.829374404806184],[6.796769311833347,7.829555182754894],[6.797116681728804,7.8296536045926555],[6.7981779124591375,7.830093227275515],[6.798758646825816,7.8304694910964],[6.798939927484714,7.8304704377770475],[6.798938978200526,7.830651215981363],[6.799301539742168,7.830653109153447],[6.799300590591447,7.830833887400256],[6.7994818714741925,7.830834833891685],[6.79948092237891,7.831015612159027],[6.79966220336226,7.831016558594752],[6.799661254322423,7.831197336882523],[6.799901380687836,7.831320054207414],[6.800021918677709,7.83156078622371],[6.800203199962954,7.831561732492293],[6.800384481270787,7.831562678683049],[6.800383532475344,7.83174345705429],[6.800925479578058,7.832107852095971],[6.801106761210338,7.832108798041717],[6.801104864085755,7.832470354949316],[6.802021981403315,7.83300404430629],[6.802299281223353,7.833328424443633],[6.803008942402533,7.833648657344881],[6.803174770984355,7.834024534393965],[6.803387092101474,7.834208887066396],[6.803422328140537,7.818461755709215],[6.8028093212712015,7.818558904313414],[6.802628045284115,7.818557960724202],[6.802628991496282,7.818377181966724],[6.801904834586193,7.818192628250466],[6.8017235588677005,7.81819168431695],[6.801724505424267,7.818010905666607],[6.8010022435565824,7.8174647935481385],[6.800762123499969,7.817342078890155],[6.800641586835806,7.817101347952843],[6.80028187773728,7.816557123730186],[6.800100602922979,7.816556179296393],[6.80010154997742,7.8163754008299895],[6.7996615121594175,7.81609029469616],[6.797874104287966,7.815361496614756],[6.796766015129433,7.815167822332807],[6.796572792235908,7.815195268444157],[6.796119958291063,7.815126118733003],[6.795663838141296,7.815190905540403],[6.794497681032352,7.814915002649803],[6.7948670184277375,7.814311556099811],[6.794211222415877,7.81391574239085],[6.7941327887228145,7.8138133031933785],[6.793951515845394,7.813812356451167],[6.793952465208226,7.8136315787125685],[6.79356564456591,7.813519093124893],[6.792272954787158,7.812752172613774],[6.7920132350087155,7.812128390614546],[6.79150423593676,7.811911351600909],[6.79048864614977,7.811259510704644],[6.7895583394579555,7.810862824825395],[6.7899580592492415,7.809149567027553],[6.789252545415532,7.80793812374785],[6.789424016205251,7.807561699485301],[6.789632352240603,7.80782396266941],[6.789813622005798,7.807824910542188],[6.78981267157827,7.808005687823493],[6.789993941443944,7.808006635640893],[6.7899929910715295,7.808187412942743],[6.790174261037684,7.8081883607047615],[6.790173310720383,7.808369138027189],[6.790354580787021,7.808370085733823],[6.790353630524838,7.808550863076712],[6.790534900691976,7.808551810727958],[6.7905339504849165,7.808732588091475],[6.790533000255178,7.808913365453313],[6.790714270600542,7.808914313071371],[6.790713320425931,7.809095090453732],[6.79089459087182,7.80909603801639],[6.7908926906101845,7.809457592820582],[6.791073961234367,7.809458540350037],[6.79107301114735,7.809639317771865],[6.791254281872017,7.809640265245914],[6.791256181867757,7.80927871035623],[6.791074911298711,7.809277762926572],[6.791075861340382,7.809096985501451],[6.790819009017211,7.808451266465655],[6.7906152330006115,7.808292695348797],[6.79053680103806,7.808190255996036],[6.790355531026523,7.808189308389195],[6.790356481243343,7.808008531042931],[6.790175211332303,7.808007583380705],[6.790176161604239,7.807826806054987],[6.789994891793676,7.807825858337381],[6.789995842120724,7.807645081032229],[6.789816473152262,7.807282578688334],[6.789584785300271,7.8071909761310225],[6.789817423489047,7.807101801400408],[6.7905140663074,7.807223573980608],[6.79144600061786,7.807652660423102],[6.791808540468858,7.807654554494986],[6.791549376623638,7.807275983768845],[6.790905040689549,7.807107486474904],[6.790723771099431,7.807106539156431],[6.790724721024599,7.806925761755844],[6.790543451534984,7.806924814381995],[6.7903621820679865,7.80692386693057],[6.790363132126046,7.806743089572709],[6.789275516267256,7.806737403368316],[6.789094247036883,7.806736455396076],[6.789095197616737,7.8065556781920025],[6.788551390295068,7.806552833876491],[6.78837012123324,7.806551885616177],[6.788371072101521,7.806371108499408],[6.787937171453722,7.806257637143667],[6.786744409767589,7.805458686257333],[6.786563141399517,7.805457737354744],[6.786564092909284,7.805276960450277],[6.786022191592603,7.804912559663494],[6.7858409235486965,7.804911610517404],[6.785841875301357,7.804730833696967],[6.785660607357939,7.804729884495572],[6.785479339437289,7.804728935216624],[6.785480291322745,7.8045481584390295],[6.785011867165745,7.804291086308112],[6.784576809135422,7.804001080983427],[6.7843955416621675,7.804000131328213],[6.784396493923223,7.803819354677534],[6.784034911594282,7.803636678571212],[6.783553276942595,7.8033926417845265],[6.783493015099845,7.803272275721654],[6.783311748074062,7.803271325690254],[6.78313048107103,7.80327037558132],[6.783131433785342,7.803089599079902],[6.7829501668828085,7.803088648915708],[6.782768900003031,7.803087698673974],[6.782769852850075,7.802906922215454],[6.782408272294068,7.8027242451283465],[6.782227005638052,7.802723294698575],[6.7822279586728005,7.802542518303589],[6.7820466921172855,7.80254156781857],[6.782047645207009,7.802360791444253],[6.78168606554218,7.80217811395476],[6.781504799210455,7.802177163281733],[6.781505752487852,7.80199638697091],[6.7813244862566116,7.801995436242646],[6.7813254395889695,7.80181465995248],[6.780963860815315,7.8016319820607585],[6.780782594807857,7.801631031144519],[6.780783548327855,7.80145025491793],[6.780382582002382,7.80136733540176],[6.7802416581133675,7.80108584944663],[6.780060392430206,7.80108489828722],[6.780061346192762,7.80090412214487],[6.779760029389666,7.800841809748243],[6.779520411363603,7.800358940032339],[6.779339146082466,7.800357988652119],[6.779340100064744,7.800177212592384],[6.77934105402423,7.799996436530972],[6.779159788921311,7.799995485117874],[6.779160742935717,7.799814709077139],[6.7789206413943175,7.799691986508036],[6.778800121224944,7.79945125406592],[6.778618856423537,7.799450302487274],[6.778619810602677,7.799269526508502],[6.778379709572418,7.799146803761251],[6.778259189824385,7.798906071290171],[6.77807792532449,7.798905119546004],[6.778078879668331,7.798724343629275],[6.777897615268939,7.798723391829942],[6.777898569667674,7.798542615933864],[6.7777173053687845,7.798541664079367],[6.777718259822409,7.7983608882039395],[6.777356686230426,7.79817607615777],[6.776997976645575,7.797453201145249],[6.776816712926867,7.797452249037334],[6.776817667632066,7.797271473263662],[6.776818622314448,7.797090697488311],[6.776637358773944,7.797089745347598],[6.77663831351119,7.796908969592954],[6.776457050071206,7.796908017397108],[6.77645800486331,7.7967272416631666],[6.776276741523804,7.796726289412189],[6.776277696370766,7.796545513698921],[6.776096433131758,7.7965445613928175],[6.7760973880335715,7.796363785700212],[6.775918034785562,7.796001281993589],[6.775736771825223,7.796000329599591],[6.775737726813903,7.795819553946737],[6.7755564639540795,7.795818601497629],[6.775557418997599,7.7956378258654695],[6.7755583740182885,7.795457050231671],[6.775377111336607,7.795456097749806],[6.775378066412133,7.795275322136684],[6.775198714068821,7.794912818413197],[6.775017451665787,7.794911865843484],[6.775018406828133,7.794731090270126],[6.775019361967644,7.794550314695091],[6.774838099742759,7.794549362092642],[6.7748400101085835,7.794187810982361],[6.77465874806184,7.794186858347181],[6.774659703288148,7.794006082811876],[6.7744784413419135,7.794005130121612],[6.774479396623032,7.7938243546070325],[6.774480351881309,7.7936435790908],[6.774299090113188,7.793642626367818],[6.774301000716511,7.793281075375128],[6.774180952619358,7.793219713430445],[6.77364394605472,7.792137515099969],[6.773583598477528,7.791831060566463],[6.7734023376000145,7.7918301076800045],[6.77340329307281,7.791649332279763],[6.773404248522755,7.791468556877887],[6.773222987823319,7.791467603958755],[6.773223943328036,7.791286828577578],[6.773042682729074,7.7912858756034025],[6.773043638288559,7.791105100242925],[6.7730445938251895,7.790924324880811],[6.772863333404319,7.7909233718739745],[6.772864288995711,7.790742596532587],[6.7726849399447575,7.790380092827747],[6.772503679802446,7.790379139733231],[6.77250463548049,7.790198364431676],[6.772325286881395,7.789835860718721],[6.772144027017631,7.789834907536546],[6.772144982782306,7.789654132274752],[6.771068897525036,7.787479110032188],[6.770887638830065,7.787478156599369],[6.77088859484059,7.7872973814728015],[6.7708895508282385,7.787116606344559],[6.770708292311303,7.78711565287916],[6.770709248353653,7.786934877771683],[6.770710204373127,7.786754102662551],[6.770470113028722,7.786631378023834],[6.770349599998814,7.786390645455633],[6.7701702542050235,7.786028141752338],[6.769988996245038,7.7860271881118805],[6.769989952460388,7.785846413084069],[6.769990908652853,7.78566563805462],[6.769809650870881,7.785664684381618],[6.769810607118024,7.785483909372922],[6.769523369546772,7.7855578756108486],[6.7693709011629375,7.785767677971297],[6.7689946098732285,7.7859166527054695],[6.768606994037009,7.784898326649643],[6.768804405168475,7.783928876351906],[6.768912927623576,7.783852165815528],[6.768853628191625,7.7835510246267114],[6.768555196484708,7.782946383554039],[6.768373940049138,7.782945429598499],[6.768374896573262,7.782764654744316],[6.768269977644156,7.782328703728118],[6.768198422902825,7.781859826550308],[6.768017166978189,7.781858872574661],[6.768018123519957,7.781678097755402],[6.768020993007839,7.7811357732877315],[6.7678397374161845,7.781134819324472],[6.767840693943853,7.780954044521006],[6.767762533431801,7.780491686827755],[6.767485835621152,7.779505938279243],[6.767304580795803,7.779504984285936],[6.767306493880924,7.779143434782234],[6.767314145304999,7.7776972367012425],[6.767132891277434,7.77769628285498],[6.767133847679827,7.777515508109847],[6.7671348040593085,7.777334733363085],[6.766806670154825,7.777266863614735],[6.766955463054807,7.776972230030742],[6.7668773030539535,7.776509872578783],[6.766600607437645,7.775524124609657],[6.766419354431382,7.775523170723579],[6.766420310868664,7.775342396048388],[6.766422223674472,7.774980846693007],[6.766240970923474,7.774979892797],[6.7662419273694505,7.774799118139255],[6.7661694174544325,7.774511016120381],[6.765851795025772,7.773745494100899],[6.765706778559646,7.773169284667293],[6.765525526674766,7.773168330686788],[6.765526483201271,7.772987556102327],[6.7655283961855,7.772626006928428],[6.765347144555858,7.772625052938047],[6.765348101091009,7.7724442783711005],[6.765168762718063,7.772081775231942],[6.764987511366536,7.772080821154471],[6.764988467987743,7.771900046627518],[6.764630749044522,7.770994265850568],[6.764449498226315,7.770993311676199],[6.764450454942155,7.770812537206629],[6.764391158053932,7.770511396647067],[6.764152990985335,7.770027122608521],[6.764093694271524,7.769725982088806],[6.763912444063945,7.769725027840072],[6.763913400851411,7.769544253426351],[6.763915314357515,7.76918270459398],[6.763734064405063,7.769181750335452],[6.763735021201091,7.769000975939244],[6.763257266433809,7.768033832829772],[6.763197970268405,7.767732692420173],[6.76301672102682,7.767731738032679],[6.763017677948795,7.767550963713128],[6.763018634847818,7.767370189391949],[6.762837385783934,7.7673692349722305],[6.762838342737378,7.767188460671893],[6.762841213459989,7.766646137760896],[6.762659964728536,7.766645183353919],[6.76266092166753,7.766464409069437],[6.762665706018176,7.765560537622301],[6.7624844577738585,7.765559583273037],[6.762485414652477,7.765378809001126],[6.762504547403953,7.761763323216414],[6.762323300806607,7.761762369262108],[6.762324257280456,7.761581594978002],[6.762433780330248,7.761146773933841],[6.762510285438822,7.760678677352229],[6.762329039305335,7.760677723532808],[6.762329995641438,7.760496949238818],[6.762331908244773,7.760135400645913],[6.762333820756278,7.75977385204643],[6.7625150665032665,7.759774805753442],[6.762525582824984,7.75778628809085],[6.76234433792813,7.757785334631128],[6.762112681707241,7.757693726203706],[6.76234529389692,7.757604560310728],[6.762346249842755,7.757423785988695],[6.762353896582998,7.755977591353094],[6.762172652481753,7.755976638041122],[6.76195598781141,7.755890625611],[6.762083801939094,7.755563712653937],[6.762173608298235,7.755795863726771],[6.7623548523222246,7.75579681701626],[6.762357719402169,7.755254493995724],[6.762176475609934,7.755253540773683],[6.762177431334584,7.755072766452716],[6.762182209613471,7.754168894823052],[6.762000966307651,7.754167941658869],[6.762001921971793,7.753987167350474],[6.7620057443987625,7.753264070100431],[6.761824501502068,7.753263116971635],[6.76182641273225,7.752901568381707],[6.761750865251619,7.75225680824053],[6.761651859135865,7.751635195261557],[6.761470616980091,7.751634242181107],[6.761471572554436,7.751453467917078],[6.7614734836342345,7.751091919384117],[6.761294152875379,7.750729417799575],[6.761112911151549,7.75072846467756],[6.761114822356435,7.75036691622136],[6.760995743281877,7.750124780222102],[6.760937403252909,7.749642866225239],[6.760756162038193,7.7496419130841945],[6.760758073276224,7.7492803646982065],[6.760576832238858,7.749279411525163],[6.760577787900603,7.749098637352207],[6.760578743539374,7.748917863177618],[6.76039750267937,7.748916909972584],[6.760398214460975,7.748782273300763],[6.747529968458494,7.748753492862583],[6.747527538037026,7.749210580738397],[6.7475256155296774,7.749572125830088],[6.747163136533134,7.749570208076149],[6.747268036496498,7.750006156407305],[6.747337645975926,7.750836574602062],[6.747518886026097,7.750837533598957],[6.747517924576016,7.751018306130755],[6.747505423622196,7.753368348894234],[6.747737072289713,7.753459963717724],[6.747504461848612,7.753549121402976],[6.747634543109807,7.754366023457754],[6.747318411039528,7.754452024472263],[6.747137169468072,7.754451064945708],[6.747138131511668,7.754270292490499],[6.746956890040558,7.75426933290954],[6.7469578521382765,7.754088560475336],[6.746776610767516,7.754087600839974],[6.7467775729193535,7.753906828426741],[6.746780459236176,7.753364511177152],[6.746599218197451,7.75336355155531],[6.7466001803340525,7.753182779158111],[6.746718293053316,7.750851337070444],[6.746702070194718,7.7503798548335965],[6.746801619202984,7.749387517559752],[6.746856027566379,7.748751974841482],[6.7458987904806875,7.748749816874527],[6.745898308474123,7.748840404137194],[6.746150211850891,7.749022515000686],[6.745896384669935,7.7492019488279595],[6.745893498790229,7.749744265851727],[6.745892536784081,7.749925038189717],[6.745711297327911,7.7499240786130335],[6.745784076533665,7.752010129254103],[6.74587617914163,7.752998167682779],[6.745874254273751,7.753359712297658],[6.745693013350628,7.7533587522906755],[6.7456920508047755,7.753539524573021],[6.746054532828599,7.753541444555254],[6.746053570414078,7.753722216881224],[6.746045870265483,7.755168395429522],[6.746297776712924,7.755350507256257],[6.746043944997107,7.755529940050129],[6.74622326168697,7.755892444834017],[6.746404503760765,7.7558934049269075],[6.74640354120015,7.756074177276711],[6.746402578616417,7.756254949624842],[6.746040094182875,7.7562530292714325],[6.746033354367722,7.7575184353452675],[6.7460323914444915,7.757699207634944],[6.746031428498138,7.757879979922914],[6.745920623242904,7.758156776316128],[6.7461347601064405,7.758323450883855],[6.746025650334414,7.758964613616285],[6.746145683729059,7.759025979685215],[6.746296916852076,7.7593281246615],[6.746691986470679,7.7585458598334975],[6.74675736287649,7.757703048758069],[6.746758325490641,7.757522276377825],[6.746939568329172,7.757523236443289],[6.746940530842941,7.757342464038774],[6.746950154709347,7.755534739902911],[6.747028438523213,7.755119517299623],[6.747132358903415,7.755354927196988],[6.747350765864734,7.755551657483201],[6.747483296983422,7.757526116177257],[6.747482334678348,7.7577068886480385],[6.747480409998874,7.758068433584575],[6.747581148672797,7.758701070698598],[6.747515189204101,7.75913049286919],[6.74711311086676,7.758970375789418],[6.7467477354635665,7.759510772469456],[6.74746667591443,7.7596324828214245],[6.747906620706456,7.75957001708599],[6.747937767151412,7.759788242817798],[6.7479083785307905,7.759979584100645],[6.748194798799799,7.760060770451077],[6.748192874137861,7.760422315525721],[6.748374118397777,7.760423275336586],[6.748190949383515,7.760783860593801],[6.748658669143318,7.7608656593902525],[6.7486167236489605,7.761138744357725],[6.7482665971668565,7.761405347821829],[6.748106639436375,7.76178932608619],[6.747729526004951,7.762076479769656],[6.746825428311365,7.761938323523704],[6.746600911450977,7.761970201733232],[6.746683816731834,7.761430493542696],[6.7460102378279725,7.761856969841201],[6.7460092743497615,7.762037742091247],[6.746249342662292,7.7621604746974775],[6.7463698370130265,7.762401208479503],[6.74669720682669,7.762629219129625],[6.746429605378572,7.763034367620922],[6.7467265470179845,7.763487764053254],[6.746723656817591,7.764030081025454],[6.746904902438995,7.764031041905869],[6.7469039390699646,7.764211814249274],[6.746722693371224,7.7642108533462215],[6.746540579800473,7.764571442573881],[6.746718839354576,7.764933942612772],[6.746716912207543,7.765295487236113],[6.747008350045005,7.765152920313578],[6.747139503582598,7.765445657766407],[6.746714984968038,7.765657031852886],[6.746713057636058,7.766018576462989],[6.746350564761003,7.766016653972659],[6.746349600905622,7.766197426229966],[6.746164498463268,7.766919553768561],[6.746163534414911,7.767100325994964],[6.745982287571001,7.767099364421036],[6.745859231776486,7.767338806380531],[6.745617865322301,7.7674589853536276],[6.745153703501592,7.768263294338917],[6.744869726229996,7.76888906727864],[6.744519769866312,7.769441705194],[6.744751425224856,7.769533323924229],[6.744518804797684,7.769622477193378],[6.744517839705915,7.769803249191126],[6.744336591909523,7.769802286582776],[6.744334661501766,7.770163830527904],[6.744333696263172,7.770344602498013],[6.744152448257753,7.770343639744473],[6.744047507860915,7.771146582468673],[6.743962510693298,7.7719696241622245],[6.74396154506843,7.772150396070479],[6.743780296335195,7.7721494329358665],[6.743672843782065,7.77495048051092],[6.743675610797912,7.775133434819574],[6.743582625827924,7.77522159114013],[6.743701696456489,7.775463730928069],[6.743760011239526,7.775945642150552],[6.743858985239815,7.776567252748202],[6.743924834170376,7.779019727357165],[6.744156493967206,7.779111347844733],[6.743923867642702,7.779200499200859],[6.743838864089796,7.780023540048239],[6.743733915400447,7.780826481496836],[6.743732948563764,7.781007253301324],[6.743551696057963,7.781006288978664],[6.74318822402346,7.781185131836223],[6.742824751748408,7.7813639742921765],[6.742822817137833,7.78172551766277],[6.7430040698610565,7.78172648238536],[6.743003102598543,7.781907254090872],[6.74300213531287,7.782088025794647],[6.7431833882142715,7.782088990485278],[6.74318242098296,7.782269762210154],[6.743363673985058,7.782270726846145],[6.743544927010315,7.782271691404815],[6.743726180058725,7.782272655886167],[6.7435648624647895,7.781602208999827],[6.7438137124122886,7.781659236918901],[6.743907433130288,7.782273620290202],[6.744088686225,7.782274584616916],[6.744087719358145,7.782455356453468],[6.74408578555499,7.782816900121583],[6.744084818618687,7.782997671953185],[6.744285414749938,7.7830671208800375],[6.743859312627955,7.783492510808802],[6.743175649715348,7.783535164237739],[6.742994396193727,7.783534199365695],[6.742995363664681,7.783353427675111],[6.742270350119877,7.783349567504366],[6.742089096791611,7.783348602268355],[6.742090064627063,7.783167830689542],[6.741365051855758,7.783163969062973],[6.741183798720889,7.783163003463015],[6.741184766920822,7.78298223199598],[6.740459754923191,7.782978368913667],[6.74045878641314,7.783159140289906],[6.740565852135642,7.783293958190785],[6.742348478179251,7.783811922010547],[6.743173714859034,7.783896707659304],[6.743354968558905,7.783897672499362],[6.743354001173551,7.784078444230267],[6.743716508797844,7.7840803737237225],[6.74389776264472,7.784081338354446],[6.743896795468833,7.7842621101517855],[6.744074180791525,7.784986161991217],[6.74430584355124,7.785077783321749],[6.7440732135774315,7.78516693380292],[6.743891959242127,7.785165969113527],[6.743882285052354,7.786973686912683],[6.744692125917305,7.786779869921675],[6.744787593679943,7.787159282603486],[6.745019257766578,7.787250903921385],[6.744786626498345,7.787340054485956],[6.744723159209104,7.787821317996575],[6.744361089170655,7.788001580084045],[6.744238023073015,7.788241019345598],[6.744236087943451,7.788602562952996],[6.7441097576394675,7.789320992845099],[6.743766018851449,7.789582697878084],[6.743686513175164,7.789684297967239],[6.743233536944866,7.789792708072104],[6.74303960825401,7.7897482626892165],[6.742768612163197,7.790135272637157],[6.7418797603843625,7.790303467152812],[6.741687851581326,7.790577531543456],[6.741975936361943,7.790652905054749],[6.742122432454011,7.79094638330995],[6.741312180811425,7.791497959165325],[6.7405896490150505,7.79256021665988],[6.741121853835436,7.792642504105311],[6.740892037845103,7.793441653430263],[6.7412198227433935,7.793351673199596],[6.741414606259855,7.793407384301439],[6.741634733456792,7.793068465760897],[6.741967399632116,7.792858557647905],[6.742038737419335,7.79274872208353],[6.742159429156283,7.792688635924399],[6.74231130752914,7.792174109602984],[6.742462806225497,7.792627294816565],[6.741913199809402,7.793712665558405],[6.741850695605413,7.794013155833611],[6.742145639819681,7.7938688959031985],[6.742272490034762,7.794316228840614],[6.742392531159234,7.794377598604796],[6.742390592902543,7.794739141645944],[6.743214716006767,7.794115903226882],[6.743387320094857,7.793925299508966],[6.743573101823625,7.793937339892803],[6.743754417640812,7.793927526138526],[6.744035770914262,7.793945757961001],[6.7436118613397635,7.794713946769455],[6.7433844689343525,7.794457386467706],[6.743010590506019,7.7944776099981254],[6.7430348311843655,7.794923353282951],[6.743013279170158,7.795254200868721],[6.742651110993529,7.795910495611437],[6.742405698453461,7.796436328953665],[6.741808207449405,7.795762189039748],[6.742121352374882,7.795194734032961],[6.742208365422088,7.794918946553579],[6.741583144050221,7.795379188322908],[6.741261078272849,7.795534973712685],[6.741041433286402,7.794991474905865],[6.7407337736125985,7.794476594128345],[6.740218405701339,7.794185223734144],[6.740139831712206,7.793708489827699],[6.739533409848732,7.7940689074930125],[6.73967851338624,7.793459236407905],[6.739208517878605,7.7935441308485265],[6.739228602482663,7.793913486721139],[6.738517099333521,7.794359465100262],[6.738452458247619,7.795345753660088],[6.739033705065276,7.79444497697118],[6.739304965544888,7.794275822228965],[6.738839135325266,7.7955491015711615],[6.738312587075165,7.795514980617393],[6.7375446245967066,7.796362987361891],[6.737589635056665,7.795672192989154],[6.738145553981221,7.7951821337580105],[6.738120227289084,7.79471634864346],[6.738137888388508,7.794445278736057],[6.738123140127324,7.794174035683989],[6.738146688076648,7.793812609120393],[6.738131939714362,7.793541366065934],[6.73814390652382,7.793357691256404],[6.73810574279281,7.7931847603066],[6.737693854188772,7.793639581331075],[6.7373603832317785,7.79393354673284],[6.736685370410388,7.793889798493328],[6.736487463749019,7.793900502477786],[6.736520360800542,7.793395627704992],[6.736483290446448,7.793176090814726],[6.736146639997001,7.793897394927215],[6.735851524400342,7.794066419791327],[6.7355289882043055,7.793355532518367],[6.734785545364512,7.793252313711182],[6.734604288720696,7.793251344052908],[6.73460331640465,7.793432114607181],[6.734601371702812,7.793793655710785],[6.734238858019113,7.793791716025378],[6.73423691291372,7.794153257031252],[6.734844246926069,7.793944604854169],[6.734322645300115,7.794421431354574],[6.734233995081238,7.794695568527676],[6.734233022423907,7.794876339023162],[6.734414279719996,7.794877309041171],[6.7344133071170615,7.795058079557783],[6.734644971161858,7.795149707122811],[6.7344123344908775,7.795238850072717],[6.734523007529919,7.795698868016669],[6.7342444589691155,7.7961205047779],[6.733864670537377,7.795959021419694],[6.733683412845102,7.795958051032738],[6.733682439792019,7.796138821448238],[6.73372684802368,7.796454624890797],[6.734061140508701,7.7967955730843],[6.733859805427699,7.7968628735946925],[6.733858832335993,7.797043644024748],[6.734160130431685,7.797105986443616],[6.734401634068294,7.797227325627367],[6.734256088355679,7.7975154494106675],[6.734519728363234,7.797650238544588],[6.734579973844922,7.797770607412166],[6.735228632578952,7.798209465364466],[6.735302090495882,7.798316799663009],[6.735483349407127,7.79831776964868],[6.735482376828538,7.798498540270278],[6.735663635840709,7.798499510201222],[6.735662663316567,7.798680280843893],[6.735843922429665,7.798681250720111],[6.735905459918657,7.798561533495614],[6.736389644311897,7.7983226184148675],[6.736390616478825,7.7981418476778455],[6.736571875451799,7.798142817175904],[6.736780995194965,7.797808370723559],[6.737638677991911,7.797521984151844],[6.737335455611604,7.797333408230394],[6.737595553328281,7.797175488633843],[6.73766623048922,7.796883236217646],[6.738477804761547,7.797000652251968],[6.738018855527832,7.797877582869827],[6.738479327423305,7.79770288112954],[6.738842119364433,7.797518937529207],[6.739018507693306,7.797886538245526],[6.7391104744900545,7.797975610934122],[6.738798212000977,7.7996393617698265],[6.739414257561064,7.7993008789346385],[6.739364552425231,7.799878994884994],[6.739414684046501,7.80004944114929],[6.739858046142109,7.799541743352223],[6.7400894614935964,7.80006649054449],[6.7402833037873835,7.8002348577083565],[6.740450907887882,7.800430983445651],[6.740638116544075,7.800416988430694],[6.741173979882045,7.800462809598858],[6.7420102138603974,7.800003341133567],[6.742312197677044,7.79902208449267],[6.7430098954963755,7.798816642697169],[6.743180810761135,7.798232727568049],[6.742639653139464,7.798273190062332],[6.742469292613227,7.798221371648148],[6.74283348251752,7.797911818156151],[6.743003179678748,7.797717492270272],[6.743190227942317,7.797733484603229],[6.743524671383216,7.797708477985033],[6.744091235587922,7.7979194099847],[6.744280782937851,7.797905237897741],[6.74445114378014,7.797957055609848],[6.743911981264861,7.798415334215391],[6.743726098862813,7.799211608230867],[6.74355218341054,7.798428783115907],[6.743190186258906,7.798998381028232],[6.742986687654294,7.799171350065726],[6.743216444971531,7.799370909714565],[6.7431710192852305,7.799899315834263],[6.743221152579701,7.800069762088904],[6.743546614399183,7.799697065276456],[6.7436303325698175,7.800169055175189],[6.743738816433257,7.800241830244599],[6.743887625387165,7.800467634903132],[6.74441328833049,7.800338523843016],[6.74417023844191,7.800895041657913],[6.743882987293218,7.800968983391675],[6.743715440089981,7.801199503211955],[6.743445577267363,7.800819733444351],[6.743262963548718,7.801070979537882],[6.743517464697322,7.801284118705744],[6.742980309275734,7.8015130525604865],[6.742813785087048,7.801890439025902],[6.742714331070261,7.801971935832985],[6.742713361135818,7.802152707330053],[6.743257145688537,7.802155608953416],[6.743253266651852,7.802878695197155],[6.74307200480019,7.802877727976182],[6.74307394452032,7.802516184902974],[6.742711421197432,7.802514250319166],[6.742710451193488,7.802695021811229],[6.742345017190545,7.8032354012021825],[6.742526279105014,7.803236368778626],[6.7427782061788255,7.803418490108692],[6.7425243387331415,7.8035979117024645],[6.742403097971664,7.803907516419805],[6.742449938566427,7.804300227965486],[6.743025905518656,7.8047652711134665],[6.743730525983218,7.803622170898338],[6.744781508735964,7.804031504348834],[6.744877840050568,7.804152798988047],[6.745380043469106,7.803756104712239],[6.744625044779964,7.802459370678704],[6.7453331357119755,7.801885515146878],[6.745615485183727,7.801806630871599],[6.745542025147346,7.801699297461537],[6.745286881665564,7.801521598905386],[6.745367301008217,7.801172588605653],[6.745327634132547,7.800991600196445],[6.745369238327962,7.800811044929138],[6.745328467177092,7.800625019250647],[6.74555547789582,7.800093960724384],[6.745482121535508,7.799759252613782],[6.745717362147593,7.799707974311796],[6.7459105388443215,7.799752244784682],[6.7461441634044075,7.799418614765195],[6.747698230114357,7.799046693789279],[6.747548307121873,7.799392987797794],[6.746671711350206,7.799612369297422],[6.746581470514759,7.800004006535877],[6.7466409717367055,7.800275489177616],[6.746505748580444,7.8008623498234515],[6.746811281753508,7.80079574994908],[6.746962618273843,7.801016864355627],[6.747069451458886,7.8010912685120495],[6.746989943413939,7.8011928715364425],[6.746444969872345,7.801411932128442],[6.747148813723627,7.80160473366427],[6.748135689477611,7.80101819473814],[6.74798305463961,7.801491682693904],[6.747354141299245,7.8019704903719465],[6.747880845864525,7.801895730370326],[6.7480619649148785,7.801923407411264],[6.748286504030043,7.801891537294783],[6.74822647241852,7.80228222981604],[6.7489523669398075,7.802720463112576],[6.748429394564538,7.803189086373201],[6.747843368080542,7.803534407017274],[6.7480686573769395,7.803709752723464],[6.747725740961828,7.805150613832828],[6.7482384537853495,7.8049958430420245],[6.7484769800420406,7.804691033592413],[6.748682424766536,7.804534625843204],[6.748683392436406,7.804353853620242],[6.748608012323109,7.804230376051635],[6.748070261391029,7.804394282625137],[6.748435645160772,7.803987476634545],[6.749161345439901,7.80374514314534],[6.749301724981971,7.803341402930565],[6.749414249006139,7.803273079234054],[6.749418117656238,7.802549989923879],[6.749186444450788,7.802458368398352],[6.7494190847610165,7.802369217592186],[6.74960034718906,7.8023701820319],[6.74978160964016,7.802371146394089],[6.7498746876797,7.8033698018670945],[6.7497748405099465,7.803636552997634],[6.749698300434461,7.804104642914562],[6.749588741340093,7.804539450173972],[6.749820415713912,7.804631071822316],[6.749587774035882,7.804720222508355],[6.749586806708573,7.804900994841065],[6.749585839358168,7.805081767172124],[6.749767102975422,7.805082731873482],[6.7497661356796765,7.8052635042255165],[6.749584871984664,7.805262539501545],[6.749403608312708,7.8052615747000305],[6.749582937168365,7.805624084155353],[6.749911085297968,7.80569196991151],[6.7497622662657415,7.805986593616948],[6.749943530294923,7.805987558353802],[6.749942562961467,7.806168330720146],[6.75012382709149,7.806169295402049],[6.750115120751151,7.807796246827613],[6.750113185754837,7.808157791570615],[6.750112218222041,7.808338563939554],[6.750111250666152,7.808519336306906],[6.750110283087171,7.808700108672584],[6.750106412540316,7.809423198118679],[6.750190570919041,7.812008828567572],[6.750088990507014,7.812677100297037],[6.750270257461031,7.812678065715204],[6.750269289428741,7.81285883806525],[6.750690134711039,7.812951467994145],[6.74996962468947,7.813102026419777],[6.7499048189429285,7.813218451710794],[6.749903850685676,7.81339922401068],[6.749902882405328,7.813579996308883],[6.750084149725433,7.813580961917714],[6.750083181499836,7.813761734236842],[6.750082213251144,7.81394250655433],[6.750263480750057,7.813943472130742],[6.751136391111646,7.812979583110383],[6.7513549569049305,7.813226174046052],[6.7513539892704175,7.813406946526752],[6.7513520539321465,7.813768491483108],[6.751533321514819,7.813769456493456],[6.751531386239922,7.814131001488374],[6.7513481829786315,7.814491581375896],[6.75134721518255,7.8146723538449425],[6.751528483154481,7.814673318968259],[6.751525579861325,7.8152156364331855],[6.7508005071778046,7.815211775202878],[6.750694063753184,7.815446065133106],[6.750620207241403,7.815030037327508],[6.750438939229181,7.815029071770753],[6.750255734551972,7.8153896507916265],[6.750487414486229,7.815481273775128],[6.7502547661732955,7.815570423116753],[6.750253797771525,7.815751195440207],[6.750072529494032,7.815750229637731],[6.750071560991301,7.815931001936924],[6.750252829346663,7.815931967762012],[6.750250892427658,7.816293512400659],[6.750533252380742,7.816214627381575],[6.751043746799968,7.815919012405684],[6.751154330945942,7.816840657871674],[6.751153362771919,7.817021430296488],[6.750972093833903,7.817020464724108],[6.750790824918912,7.817019499074059],[6.7507898565660405,7.8172002714520366],[6.750788888190084,7.81738104382837],[6.750726381583973,7.817681535913805],[6.7503948791834425,7.817801229419587],[6.750607619142436,7.817380078055449],[6.750608587596276,7.817199305701717],[6.750429255643776,7.816836795206537],[6.750247986875954,7.816835829346083],[6.750164808202419,7.817235697195266],[6.749882543182778,7.817376214187033],[6.749880605582741,7.817737758708601],[6.750002299091602,7.817822512301175],[6.749765458953593,7.818181014511534],[6.7498465669769745,7.818551075652582],[6.749763354242908,7.818912186870672],[6.7499430823871895,7.8197322250751835],[6.749687708019608,7.819906059220541],[6.749461020099741,7.818016687517766],[6.749231829748369,7.8185377989054885],[6.749044243919053,7.8201634965248505],[6.748367383651226,7.820243792144638],[6.748236578856439,7.820079096635495],[6.748055308963752,7.820078129435749],[6.74787755577063,7.820297082431424],[6.747567187958824,7.820517468057691],[6.747618248973015,7.8201252476562155],[6.747228711474635,7.819810739398237],[6.747260936568849,7.819563209050377],[6.7460632831431,7.8197059415824866],[6.746062312418287,7.81988671334726],[6.745881042881069,7.819885745237775],[6.74588007205521,7.820066516978254],[6.745879101206212,7.8202472887170895],[6.746241640615467,7.82024922494896],[6.746378358265961,7.819805012115825],[6.746605150654651,7.820070389040605],[6.746906468796641,7.820132727562146],[6.747026970653833,7.820373465398977],[6.747362433667859,7.8205449594926995],[6.747144108097793,7.8209771517414595],[6.748163359343085,7.821238975252743],[6.748079532296263,7.82160274968014],[6.748724014539731,7.822051598465932],[6.74863804377469,7.822424674143912],[6.74886163883341,7.822751349588976],[6.749023663601958,7.822326459523985],[6.749131293782595,7.822253197113553],[6.749132263483336,7.822072424985613],[6.749134202815501,7.821710880724803],[6.749414929778974,7.821202259230204],[6.749675106751155,7.822256097895222],[6.749906789832334,7.822347722212022],[6.749674137261112,7.82243687008932],[6.749285187809497,7.823017057183766],[6.749595825988992,7.823233398442183],[6.749669289464398,7.823340731034792],[6.74992123043031,7.823522852260863],[6.7496673501840085,7.823702275401376],[6.749665410811217,7.824063819761262],[6.749484139019183,7.82406285268563],[6.7494831692201815,7.824243624840496],[6.749664441090171,7.824244591938741],[6.750026984899468,7.824246525902004],[6.750027954464607,7.8240657536793075],[6.750104504188521,7.8235976664192375],[6.750364289144043,7.823451378528533],[6.750209226325958,7.824066720521718],[6.750390498210405,7.824067687286389],[6.750389528801173,7.824248459554299],[6.750660174377462,7.82438681415085],[6.75084376702894,7.825034203130066],[6.750931406406941,7.824612904116042],[6.750932375628486,7.824432131783714],[6.751113647761164,7.824433098282623],[6.751114616881667,7.824252325925991],[6.7509333448269455,7.824251359449682],[6.750934314002316,7.824070587113963],[6.7509352831546,7.8238898147766],[6.751116555053415,7.823890781207714],[6.751208432095957,7.823659735300381],[6.751297826975357,7.823891747561087],[6.751479098920383,7.823892713836723],[6.7514781300019555,7.824073486241872],[6.751659402048015,7.824074452462362],[6.751658433184461,7.824255224888463],[6.751885402631087,7.824333796644088],[6.751788026609259,7.825294596530657],[6.751442611759486,7.825639395339734],[6.751966868498727,7.825749074445706],[6.752075019569107,7.826291983799506],[6.752508273719675,7.826202323606427],[6.752555108143917,7.826067780236339],[6.752556076848414,7.8258870077139635],[6.752315974633533,7.825764268132484],[6.752195468641009,7.825523530561563],[6.752196437432227,7.825342758079344],[6.7524411869440675,7.824862459388512],[6.752561888590896,7.824802372544775],[6.7527445122932415,7.8245511226619024],[6.7529244336066485,7.8248043041557755],[6.753468251303258,7.824807200989167],[6.753465346705293,7.8253495189199205],[6.752921528307009,7.825346621883337],[6.752920559827662,7.825527394455889],[6.753420506066482,7.825596822012341],[6.753270290249325,7.8259548202833455],[6.753921445345425,7.825689034977532],[6.75400819729961,7.8255331879647185],[6.754370743308052,7.825535118512283],[6.754197387374263,7.8253465255585235],[6.7539127948191435,7.825080735266206],[6.754280883683301,7.824744249810388],[6.754057859944489,7.824476165591904],[6.753410830043903,7.823871877040256],[6.754366810809574,7.824211746778922],[6.754199148590598,7.823726425897081],[6.754017876377508,7.823725460810097],[6.754018844158488,7.82354468808548],[6.753656299957336,7.823542757723442],[6.753657267871155,7.823361985042281],[6.7534759958831145,7.82336101976723],[6.753294723918135,7.823360054414449],[6.7532956919647855,7.823179281776791],[6.753064007203513,7.823087658985556],[6.753296659988372,7.822998509137472],[6.753578928838913,7.822857990643968],[6.753662107094359,7.822458121611677],[6.753843378715751,7.822459086696135],[6.753841443251526,7.822820632118497],[6.7542039868752175,7.822822562144513],[6.754385258721654,7.8228235270409305],[6.754384291188781,7.823004299817317],[6.754565563136231,7.823005264658568],[6.754666659635139,7.822587214410397],[6.754744900283566,7.823367775060164],[6.755168446544,7.823249444631594],[6.755378566700253,7.82164375623852],[6.755661560321531,7.821420221294292],[6.755376486519838,7.8209306323413355],[6.755585585361727,7.820580187734206],[6.755667697694901,7.820299457884446],[6.7560267431947505,7.820482997637794],[6.755884059845099,7.82077046164142],[6.7560273400017286,7.820843704727565],[6.756388916041838,7.821026405434858],[6.756841669756051,7.819847031465459],[6.757205875928952,7.819537468188674],[6.757035504046923,7.819485652734216],[6.755957162735807,7.819566294962281],[6.755899860944429,7.818804218002291],[6.756491668660234,7.818759961208441],[6.756763457806006,7.8187831947378195],[6.757188594663549,7.818751400705158],[6.757488134385245,7.818862908452412],[6.757567223019437,7.818200779979144],[6.758128559174494,7.818439419440911],[6.758579618717331,7.818145591953916],[6.758581548932256,7.8177840452726315],[6.758400278737737,7.817783082794644],[6.758401243888576,7.817602309474053],[6.758402209016406,7.8174215361517785],[6.758403174121226,7.81724076282782],[6.758404139203037,7.817059989502222],[6.758222869343094,7.817059027036658],[6.758224799593447,7.816697480425546],[6.757862260254077,7.816695555351516],[6.757669416206361,7.816933107582077],[6.7563148974903156,7.8177437607576845],[6.75622793638627,7.81722920784433],[6.755866363258323,7.817046507916251],[6.755322554714534,7.817043617024362],[6.755321588308714,7.817224389966787],[6.755320621879851,7.817405162907566],[6.7551393522555685,7.817404199076484],[6.755140318762314,7.817223426158261],[6.755142251706679,7.816861880316882],[6.755323521097315,7.816862844080297],[6.755324487457054,7.816682071134548],[6.755326420107408,7.816320525238105],[6.755081064460722,7.816136478737959],[6.7552856684543565,7.814987936357827],[6.755937442460025,7.8148004351323666],[6.755395227855273,7.81551113832457],[6.755615088834766,7.81567605987152],[6.755691856826034,7.815780133404078],[6.756054394834084,7.815782060116627],[6.75605729249505,7.8152397409738565],[6.756058258335972,7.815058967922947],[6.756420795813213,7.815060894144498],[6.756301712159466,7.814818753072708],[6.756242424214058,7.814517611842218],[6.756061155720538,7.814516648760256],[6.756062121469327,7.814335875702736],[6.755880853076675,7.814334912565679],[6.755882784660859,7.81397336649065],[6.755660390485906,7.8138850810356875],[6.755974247036004,7.8137421752316385],[6.7560640528978055,7.81397432958261],[6.756424200191183,7.814158433406656],[6.756604961270228,7.8145195377732035],[6.7569674984185095,7.814521463393611],[6.756966533035972,7.814702236562222],[6.757147801722505,7.814703199278495],[6.757329070432041,7.814704161917119],[6.757328105182197,7.8148849351291245],[6.7580512506161865,7.815250331596589],[6.758232519674409,7.815251293914557],[6.758231554744827,7.815432067234271],[6.758602368819956,7.815537168939924],[6.759634370977063,7.816308722901665],[6.760216839067859,7.817069609885931],[6.7603981091808265,7.817070571497109],[6.760397144955737,7.817251345070363],[6.760396180707658,7.817432118641978],[6.761020576885219,7.817554436223902],[6.760756793060526,7.817795588949515],[6.760755828899262,7.8179763625611285],[6.760875879999783,7.818037729699509],[6.7611154779106455,7.818520606424586],[6.761413908123058,7.819125255932337],[6.761473199697801,7.819426397610634],[6.761472235641297,7.8196071712972754],[6.761703921848666,7.81969878945681],[6.761471271561813,7.819787944982256],[6.76147030745935,7.819968718665553],[6.761289035962105,7.819967757160501],[6.76128807175875,7.82014853081966],[6.761393260676984,7.820224564537515],[6.761544623112165,7.820622229217321],[6.761892318816868,7.820555626143655],[6.762114855758079,7.821693959302545],[6.7618869434982996,7.822238791594741],[6.7621067792364125,7.822397695046689],[6.762181898194688,7.822503396560069],[6.762301950727229,7.822564763705495],[6.762781152938346,7.823530517743856],[6.7630212588211425,7.823653251879147],[6.763080551331338,7.823954393778911],[6.763079587401945,7.824135167626357],[6.763260860921376,7.824136128871358],[6.763259897046976,7.824316902739639],[6.763435387406522,7.825402507238802],[6.763676918238445,7.825523836561236],[6.764279574080678,7.8256484926334196],[6.764460345022589,7.82600959676448],[6.764820506876943,7.826193697284828],[6.765001278452897,7.826554801373058],[6.765241386826516,7.826677534899291],[6.76524042348847,7.826858308991396],[6.765480532119553,7.82698104244852],[6.765601047007288,7.827221778480439],[6.765703774096417,7.827143571189243],[6.7658627992753795,7.826940358524233],[6.766098026815224,7.826784101437484],[6.765961671150013,7.827585247831389],[6.766201780465196,7.827707981050473],[6.766322295916655,7.827948717044122],[6.766503571486633,7.827949677361061],[6.766684847079561,7.827950637600219],[6.766682921307305,7.828312186118655],[6.766864197079116,7.828313146324907],[6.767045472873872,7.828314106453381],[6.767044510109354,7.828494880755001],[6.767225786005015,7.828495840828124],[6.767407061923617,7.828496800823458],[6.767406099292182,7.828677575168206],[6.767767688855804,7.828860269358405],[6.767948964999168,7.8288612291652315],[6.767948002555913,7.829042003574012],[6.768129278800217,7.829042963325476],[6.768310555067375,7.829043922999143],[6.768309592757223,7.829224697451095],[6.768736964528506,7.829522308523483],[6.769030850145631,7.829951633607521],[6.769460142279461,7.830607000197374],[6.769568908914748,7.831039159143018],[6.769931463554907,7.831041077660902],[6.769929539812193,7.831402626930074],[6.770250072513722,7.831625834379217],[6.770543960843747,7.832055159908669],[6.7712995572541015,7.832568390391039],[6.771552386576293,7.833038230255422],[6.771654274356778,7.833117521016865],[6.771911098286759,7.833763246998079],[6.772092377063545,7.833764205620164],[6.772089493195001,7.834306530252905],[6.7722707722288185,7.834307488864308],[6.772269810971621,7.834488263760973],[6.772371699212461,7.834567554481011],[6.772978869483352,7.8353606394959066],[6.773452587622172,7.835293386427016],[6.773612624741799,7.835457431222089],[6.772831580160132,7.835669877190354],[6.772947962043192,7.8364850995897095],[6.7734863986103235,7.836165085228909],[6.773366758946871,7.836943849014162],[6.773807521582819,7.8372868469339005],[6.773964382503563,7.837491731670167],[6.775332550591663,7.837665821051838],[6.775151074910942,7.838119096056269],[6.775544159138791,7.8381783396570945],[6.775128845245665,7.838592938965935],[6.775464400243311,7.838709078460535],[6.775508835171392,7.8390248877984],[6.775507874725545,7.839205663054421],[6.77568915630201,7.839206620790235],[6.77568819591144,7.839387396066929],[6.775867556895438,7.839749904340347],[6.776223793640794,7.839843077679194],[6.776487986317981,7.840229005756363],[6.778354852863761,7.840233076567548],[6.778288741821407,7.84017525349731],[6.777867415223009,7.83867578089955],[6.777686133606954,7.83867482416551],[6.777687093046995,7.838494048636355],[6.777688052464218,7.838313273105559],[6.777506771027193,7.838312316338291],[6.777507730499703,7.838131540828156],[6.777326449163601,7.838130584005335],[6.777327408691396,7.837949808515897],[6.777329327678523,7.83758825753196],[6.777148046599563,7.83758730069826],[6.777149006136992,7.837406525226145],[6.777149965651601,7.837225749752358],[6.7769686847516315,7.837224792885454],[6.77696964432151,7.837044017432367],[6.776970603868566,7.836863241977594],[6.776971563392799,7.8366824665212],[6.776853608584423,7.836580037296899],[6.776529378941664,7.835875123266977],[6.778200443286465,7.837194468506225],[6.779630272714443,7.838867256785882],[6.78038328017274,7.840237490283402],[6.786629040313188,7.840251019218078],[6.786851181897932,7.839914729659573],[6.786926747452554,7.839627401590703],[6.786465742793742,7.839927726126123],[6.786308463099461,7.8396979891652245],[6.786070811030541,7.839532510717536],[6.786310199735086,7.839369540630867],[6.786462978471153,7.838968827762669],[6.786822551760829,7.83905119814253],[6.786672689324002,7.83860304399319],[6.785886254518667,7.8389275811443655],[6.785957125603029,7.838619930550614],[6.785592003617599,7.838054295095368],[6.785755637588616,7.837100945697183],[6.786290924131399,7.836736535634484],[6.785948997170351,7.8366183354579135],[6.7857485861370055,7.836662032462824],[6.7855948537915936,7.835654788267652],[6.78536480671911,7.836258177733684],[6.7850084296249324,7.8361013187950315],[6.785307482956389,7.835648587984624],[6.784457856311932,7.835056983841697],[6.784595888167873,7.834734044634225],[6.784596844139384,7.834553268221195],[6.784415563476487,7.834552314881281],[6.784416519503319,7.834371538488833],[6.782887937512691,7.8330025529389],[6.782431045517228,7.832734061455046],[6.782249765907994,7.832733107403755],[6.782250722643935,7.832552331261996],[6.782069443135496,7.832551377155157],[6.781888163649829,7.832550422970486],[6.781889120519093,7.832369646871623],[6.781707841134243,7.83236869263141],[6.781526561772167,7.832367738313365],[6.781527518774747,7.832186962257441],[6.781164960275033,7.832185053432454],[6.780983681059335,7.832184098903219],[6.780984638273263,7.832003322912534],[6.780803359158387,7.832002368327769],[6.780622080066296,7.832001413665179],[6.780623037413523,7.831820637717417],[6.779656241845213,7.831257974204926],[6.779358874078833,7.830910074073344],[6.779177595637283,7.830909118922039],[6.779179511283972,7.830547567361886],[6.778998233021276,7.8305466121773994],[6.779001106554379,7.830004284891571],[6.7790020643531435,7.8298235091263315],[6.77889460221754,7.829608865678265],[6.778549114640562,7.829774876162817],[6.778350393633872,7.82967679466538],[6.778153157497172,7.8300605472033995],[6.777723016108699,7.82991306152528],[6.778058789847516,7.829745887586811],[6.777916313593719,7.829456225653507],[6.777633946727869,7.82953512792424],[6.777069788711837,7.829861844254184],[6.7771256626191505,7.829432453978756],[6.777656764142821,7.829012905326018],[6.777819176434763,7.828790495832169],[6.777112655579964,7.828874353303724],[6.7769346363046905,7.828446757173124],[6.7766371848436515,7.8279359709795395],[6.776101941007841,7.828595340519693],[6.776214941078897,7.82772691661107],[6.776115044507321,7.827277361135896],[6.775933768036645,7.827276405030891],[6.775934726819236,7.827095629620384],[6.775755368102043,7.826733122678612],[6.775574091910999,7.826732166485106]],[[6.775175002280046,7.826125833231663],[6.775334808047595,7.825968151358225],[6.775395692518443,7.826188884163487],[6.775175002280046,7.826125833231663]],[[6.775156947509697,7.825323353993923],[6.774998823808459,7.825163994974203],[6.7752201700095185,7.825103275870027],[6.775156947509697,7.825323353993923]],[[6.771909353573087,7.822413730008151],[6.771751232236157,7.822254370405048],[6.771972576770048,7.822193652699347],[6.771909353573087,7.822413730008151]],[[6.7482580174939555,7.759840694206823],[6.748416105168255,7.760000059326113],[6.748194798799799,7.760060770451077],[6.7482580174939555,7.759840694206823]],[[6.748603010299644,7.760011977936299],[6.748801266427964,7.760333995184187],[6.748374118397777,7.760423275336586],[6.748603010299644,7.760011977936299]],[[6.746968122939771,7.76381096625428],[6.747126211043335,7.763970332112677],[6.746904902438995,7.764031041905869],[6.746968122939771,7.76381096625428]],[[6.743867769426692,7.7896852633007105],[6.743866801533096,7.78986603504667],[6.743685545203968,7.789865069690532],[6.743686513175164,7.789684297967239],[6.743867769426692,7.7896852633007105]],[[6.744335300909924,7.789793053510792],[6.744695653763383,7.789567571951086],[6.744896036004481,7.790592769608566],[6.744816173158265,7.790984826055563],[6.744443249700516,7.79121001976678],[6.744621405064862,7.79033542923479],[6.743940943605913,7.790152507369333],[6.743866801533096,7.78986603504667],[6.744335300909924,7.789793053510792]],[[6.741818076054037,7.792685662796913],[6.741977868943078,7.7925279877170395],[6.742038737419335,7.79274872208353],[6.741818076054037,7.792685662796913]],[[6.742455762934145,7.794157525893591],[6.742613856926224,7.794316895995808],[6.742392531159234,7.794377598604796],[6.742455762934145,7.794157525893591]],[[6.740155172843944,7.79440529577452],[6.739997080024087,7.794245925010956],[6.740218405701339,7.794185223734144],[6.740155172843944,7.79440529577452]],[[6.7344945244278644,7.796807635723403],[6.734582892397232,7.79722829586385],[6.734401634068294,7.797227325627367],[6.7344945244278644,7.796807635723403]],[[6.734803553762425,7.797291362043295],[6.734643756670974,7.79744902757432],[6.734582892397232,7.79722829586385],[6.734803553762425,7.797291362043295]],[[6.737402583963742,7.796654237650565],[6.737849431777247,7.796522663148265],[6.73766623048922,7.796883236217646],[6.737402583963742,7.796654237650565]],[[6.737850403090538,7.7963418922127685],[6.738212919877752,7.796343829437232],[6.738211948719792,7.796524600418182],[6.737849431777247,7.796522663148265],[6.737850403090538,7.7963418922127685]],[[6.738276154236319,7.796123760838625],[6.738434246749476,7.79628312673118],[6.738212919877752,7.796343829437232],[6.738276154236319,7.796123760838625]],[[6.7391737089088055,7.797755542152568],[6.73933180229411,7.797914907971337],[6.7391104744900545,7.797975610934122],[6.7391737089088055,7.797755542152568]],[[6.7443909044515555,7.80095810378485],[6.744231108123365,7.8011157735453125],[6.74417023844191,7.800895041657913],[6.7443909044515555,7.80095810378485]],[[6.74307103490538,7.8030584995103],[6.742839363833235,7.802966874821335],[6.74307200480019,7.802877727976182],[6.74307103490538,7.8030584995103]],[[6.743291701628019,7.803121562482625],[6.743131903951142,7.803279231459914],[6.74307103490538,7.8030584995103],[6.743291701628019,7.803121562482625]],[[6.747298377925507,7.800679979219874],[6.747496643098541,7.801001998935521],[6.747069451458886,7.8010912685120495],[6.747298377925507,7.800679979219874]],[[6.749782576566381,7.802190374015553],[6.749963838962867,7.802191338277614],[6.750145101382427,7.802192302462152],[6.750143167817807,7.802553847308039],[6.750142201000859,7.802734619728492],[6.749960938348109,7.802733655476132],[6.749961905242788,7.802552883078285],[6.7499628721143745,7.802372110678759],[6.74978160964016,7.802371146394089],[6.749782576566381,7.802190374015553]],[[6.750362869687259,7.802797679262686],[6.750203074054868,7.8029553517081665],[6.750142201000859,7.802734619728492],[6.750362869687259,7.802797679262686]],[[6.749986805472935,7.805326564311167],[6.749827008506708,7.8054842362831245],[6.7497661356796765,7.8052635042255165],[6.749986805472935,7.805326564311167]],[[6.749624471994916,7.8201261299849865],[6.74946636765231,7.819966764675335],[6.749687708019608,7.819906059220541],[6.749624471994916,7.8201261299849865]],[[6.750714604111441,7.823826752422555],[6.750874409795761,7.823669082131124],[6.7509352831546,7.8238898147766],[6.750714604111441,7.823826752422555]],[[6.753787516540182,7.8254701268479945],[6.753947322203671,7.825312455252291],[6.75400819729961,7.8255331879647185],[6.753787516540182,7.8254701268479945]],[[6.7534414279260595,7.822395060778953],[6.7536012321800145,7.822237388997868],[6.753662107094359,7.822458121611677],[6.7534414279260595,7.822395060778953]],[[6.755486426778132,7.820298493847871],[6.7553038069600655,7.820549745956459],[6.7551238850137185,7.820296565541608],[6.754703030583682,7.820203937696511],[6.755124851889161,7.820115792649988],[6.75504244345385,7.8198374649067635],[6.753961802409451,7.818898933878432],[6.754496651346974,7.8189446569222],[6.754684275141109,7.818930626962123],[6.754857180386379,7.819322656774018],[6.755249230558501,7.819293338390167],[6.755490293518351,7.819575402091043],[6.755671564123473,7.81957636603741],[6.755670597550888,7.819757139001661],[6.755904183502812,7.819858296451296],[6.755361123419689,7.8199904487084275],[6.755306122681934,7.820116756819414],[6.755487393497748,7.8201177209111385],[6.755668664336602,7.820118684925162],[6.755667697694901,7.820299457884446],[6.755486426778132,7.820298493847871]],[[6.7555412991989385,7.81746822210595],[6.755381497793706,7.8176258953772715],[6.755320621879851,7.817405162907566],[6.7555412991989385,7.81746822210595]],[[6.765302923542729,7.826557812316954],[6.765665027683007,7.826377539461181],[6.765788100729325,7.826138094056975],[6.766023078670713,7.826248779909508],[6.7658109565596485,7.826613291728046],[6.765241386826516,7.826677534899291],[6.765302923542729,7.826557812316954]],[[6.7653965845840816,7.826079079305914],[6.765647356018807,7.825822830118172],[6.765971301296456,7.825777506003992],[6.765788100729325,7.826138094056975],[6.7653965845840816,7.826079079305914]],[[6.765972264184962,7.825596731812099],[6.766203952251023,7.825688348671307],[6.765971301296456,7.825777506003992],[6.765972264184962,7.825596731812099]],[[6.765751579813411,7.825533676443787],[6.765911385061423,7.825375999059858],[6.765972264184962,7.825596731812099],[6.765751579813411,7.825533676443787]],[[6.775647718166704,7.8277005284827785],[6.775005177745434,7.827886046535741],[6.775141092892629,7.827359853633233],[6.775933768036645,7.827276405030891],[6.775647718166704,7.8277005284827785]],[[6.775565461052809,7.828359144747588],[6.7755664201283965,7.8281783693917415],[6.775747696943385,7.828179325764058],[6.775746737945798,7.828360101142259],[6.775565461052809,7.828359144747588]],[[6.775502237745809,7.828579222804976],[6.775344112997225,7.8284198635558155],[6.775565461052809,7.828359144747588],[6.775502237745809,7.828579222804976]],[[6.775203866566952,7.828176456413743],[6.775386481519039,7.827925193337706],[6.7755664201283965,7.8281783693917415],[6.775203866566952,7.828176456413743]],[[6.775140643139909,7.828396534373046],[6.774982518616576,7.828237175044784],[6.775203866566952,7.828176456413743],[6.775140643139909,7.828396534373046]],[[6.7758109200122005,7.827959247612847],[6.775969044863345,7.8281186066910315],[6.775747696943385,7.828179325764058],[6.7758109200122005,7.827959247612847]],[[6.775562583689029,7.828901470805143],[6.775499360218392,7.829121548833515],[6.77534123532467,7.828962189529897],[6.775562583689029,7.828901470805143]],[[6.778092800307168,7.8303610594391255],[6.778029577622535,7.83058113814427],[6.77787145110364,7.830421779376512],[6.778092800307168,7.8303610594391255]],[[6.778156022895418,7.83014098070371],[6.7783141494768,7.830300339367242],[6.778092800307168,7.8303610594391255],[6.778156022895418,7.83014098070371]],[[6.778390894062619,7.8304151200414385],[6.778818870648965,7.830184105437513],[6.778729717548141,7.830587032528646],[6.778390894062619,7.8304151200414385]],[[6.778997275131305,7.830727387935948],[6.778934052774263,7.830947466891087],[6.778775925716413,7.830788108330345],[6.778997275131305,7.830727387935948]],[[6.7712004055165265,7.8310477900223265],[6.77111124512142,7.831450713377053],[6.770772425894428,7.831278795447172],[6.7712004055165265,7.8310477900223265]],[[6.783460386612951,7.837468647149355],[6.782938180113711,7.837681831456287],[6.783087733469396,7.837325353702779],[6.782769684860953,7.837255373998671],[6.7827687277673,7.837436150164036],[6.782586110588728,7.837687416417023],[6.782406164420707,7.837434241136265],[6.782224882781582,7.837433286505558],[6.782226797414697,7.837071734306892],[6.7818666156961145,7.836887643989813],[6.781685825584168,7.8365265419713275],[6.7815789792966,7.8364521413983805],[6.781432982166897,7.836056704488606],[6.781146770364992,7.835619797363368],[6.780787082096321,7.8350755595643475],[6.780605801677267,7.835074604522632],[6.78060675941185,7.834893828603141],[6.780345611884123,7.834427476100082],[6.779546902901455,7.833421997648855],[6.779346421166902,7.833260159342511],[6.779165141710815,7.8332592039010995],[6.7791660998419605,7.833078428143476],[6.778984820486726,7.833077472646545],[6.778985778673122,7.83289669690955],[6.778986736836714,7.832715921170936],[6.779168016035848,7.832716876623232],[6.7793492952577825,7.832717831997697],[6.779348337250288,7.832898607780944],[6.7795296165730505,7.83289956309989],[6.779710895918628,7.832900518340998],[6.7797099380444354,7.833081294167251],[6.779951480028334,7.833202616683991],[6.780252818789274,7.833264935381985],[6.780434098382104,7.833265890356364],[6.780433140774539,7.83344666626852],[6.781517947724029,7.833994722741845],[6.781758067247763,7.834117449366451],[6.781878593704704,7.834358183867418],[6.782240197296298,7.834540868729833],[6.7824214776861105,7.834541823003977],[6.78242052077778,7.834722599149726],[6.782660641068506,7.834845325446137],[6.782781168209201,7.835086059884621],[6.782780211388716,7.835266836069923],[6.78296149215913,7.835267790199629],[6.782960535393955,7.83544856640557],[6.783141816265206,7.835449520479694],[6.783140859555347,7.835630296706246],[6.783237801091577,7.835714475048932],[6.783678963208267,7.836717816253635],[6.7836770499156955,7.8370793688154015],[6.783460386612951,7.837468647149355]],[[6.776256997653911,7.834690109395388],[6.77625795721653,7.834509334008354],[6.776078596814762,7.834146826352876],[6.775897317379081,7.834145869398634],[6.775898277029331,7.833965094051322],[6.775539557379699,7.833240078726831],[6.775307862108737,7.833148465285588],[6.775540517071882,7.833059303415909],[6.775900691663059,7.8332433974771885],[6.7760814754628305,7.833604500238847],[6.776262754687165,7.833605457048203],[6.7762617952387,7.833786232443578],[6.776443074563903,7.833787189197435],[6.776442115170665,7.8339679646134694],[6.776801796197425,7.834512204304516],[6.776983075903356,7.834513160914205],[6.776982116653004,7.834693936390609],[6.7768412968722,7.835129456342327],[6.7764382773694285,7.834691066260975],[6.776256997653911,7.834690109395388]],[[6.773896520891758,7.835400763427068],[6.7738332946706326,7.835620840621744],[6.773675168830662,7.8354614802268525],[6.773896520891758,7.835400763427068]],[[6.785123479513945,7.837810104155837],[6.785060258003001,7.8380301845642775],[6.7849021260494755,7.837870826609951],[6.785123479513945,7.837810104155837]],[[6.785204247757262,7.837214863237527],[6.785367981524523,7.837683318104001],[6.785123479513945,7.837810104155837],[6.785204247757262,7.837214863237527]],[[6.784220894979092,7.837082230471106],[6.78414611015779,7.837492668702162],[6.783984754284737,7.837181535153358],[6.784220894979092,7.837082230471106]],[[6.784361149026011,7.837325636471464],[6.784582502178476,7.837264914241911],[6.784519280568636,7.837484994517935],[6.784361149026011,7.837325636471464]],[[6.783121720578488,7.839245820887955],[6.7833655593738875,7.839784788500292],[6.783080015253037,7.840036010726112],[6.782691164362896,7.839341606343737],[6.783121720578488,7.839245820887955]],[[6.7721250465202765,7.827617858735841],[6.772188271170823,7.827397781633569],[6.7723463941082604,7.827557141629162],[6.7721250465202765,7.827617858735841]],[[6.772061821773288,7.82783793580784],[6.771903698898504,7.827678575707991],[6.7721250465202765,7.827617858735841],[6.772061821773288,7.82783793580784]],[[6.773477458036938,7.827492981238573],[6.77315990930698,7.827335040217056],[6.7735771759963095,7.82726396858808],[6.773477458036938,7.827492981238573]],[[6.769227516356697,7.827060199886006],[6.769228478001993,7.826879425301971],[6.76904720255622,7.826878466286279],[6.7690481642566,7.826697691722997],[6.768808054143329,7.82657496004921],[6.768687537233714,7.826334224461285],[6.768409326112436,7.826249084950136],[6.767518771539222,7.825806005518132],[6.768671668687672,7.825165795419588],[6.7690539339779185,7.8256130443084295],[6.769416483800634,7.825614961948218],[6.769415522393618,7.82579573656631],[6.769596797417306,7.825796695291978],[6.769595836065368,7.825977469930798],[6.769775188573316,7.826339977918631],[6.7699564638767304,7.8263409365560035],[6.769955502612062,7.826521711234697],[6.770136778016351,7.826522669816712],[6.770135816806773,7.826703444516089],[6.770255872175276,7.826764810051569],[6.7702554295258315,7.827487926881413],[6.769408791903336,7.827061158846338],[6.769227516356697,7.827060199886006]],[[6.772493360354487,7.8265351243059005],[6.772655125865045,7.8259200655587895],[6.772931549743893,7.826236823046504],[6.772493360354487,7.8265351243059005]],[[6.7724301361095165,7.826755201543873],[6.772272013347838,7.826595841650211],[6.772493360354487,7.8265351243059005],[6.7724301361095165,7.826755201543873]],[[6.773181271782735,7.826058303617341],[6.773402618486578,7.825997585677073],[6.7733393948415666,7.82621766321364],[6.773181271782735,7.826058303617341]],[[6.770683487156108,7.825983220786249],[6.7706202622024465,7.826203297514071],[6.770462140470167,7.826043937189353],[6.770683487156108,7.825983220786249]],[[6.770807552022483,7.825751313121438],[6.771290270767313,7.8259078497414265],[6.770683487156108,7.825983220786249],[6.770807552022483,7.825751313121438]],[[6.775036017756391,7.825644645590586],[6.7748153278888585,7.825581594564512],[6.7749751334878585,7.825423912803498],[6.775036017756391,7.825644645590586]],[[6.775256707720291,7.82570769651951],[6.7750969020587135,7.825865378384753],[6.775036017756391,7.825644645590586],[6.775256707720291,7.82570769651951]],[[6.773226141637991,7.825092753111781],[6.773289365001052,7.824872675550421],[6.7734474877924065,7.825032035000285],[6.773226141637991,7.825092753111781]],[[6.7731513520435636,7.825503186497094],[6.7729900076330845,7.825192053187914],[6.773226141637991,7.825092753111781],[6.7731513520435636,7.825503186497094]],[[6.770324780723792,7.825258205221607],[6.770168827884865,7.826049980533588],[6.769872841629576,7.8256713767125685],[6.770324780723792,7.825258205221607]],[[6.770405561753466,7.82466297272072],[6.770569276394226,7.825131426896208],[6.770324780723792,7.825258205221607],[6.770405561753466,7.82466297272072]],[[6.767790782491331,7.824521683587144],[6.767704037939546,7.824677534966468],[6.767052887288778,7.824943344498575],[6.767197945505739,7.824597602391337],[6.767790782491331,7.824521683587144]],[[6.7655441051427445,7.824572033070956],[6.76551547591962,7.824191408069785],[6.7649068986275624,7.823662892312413],[6.764404254232313,7.823700488729006],[6.764459484888718,7.823057808131952],[6.764439080984582,7.822786531317732],[6.764454792819413,7.822603700382496],[6.764360061609922,7.821972606542091],[6.764110497332251,7.82181742772745],[6.764257548623513,7.8214823700455955],[6.764924242841966,7.821712891045757],[6.765153668374476,7.822088668125283],[6.765265462821765,7.822158182056346],[6.7653568349938,7.820961360693165],[6.765900190905146,7.821007796711464],[6.766179680538917,7.820687736147314],[6.7664475665345964,7.82100116511727],[6.766808494169687,7.820802838981022],[6.767015850163003,7.820820558810883],[6.766985567258815,7.821173002074312],[6.766999491189203,7.821358163941375],[6.766787993525396,7.821923218922166],[6.7668198872251955,7.822347191551987],[6.766780881708838,7.822801068686447],[6.767356999879019,7.822977377722838],[6.767111531734047,7.82363320540075],[6.7664269247072015,7.824055793024169],[6.766218884764498,7.824294034520372],[6.766267655839301,7.824942459641434],[6.765265973333819,7.825315098754363],[6.7655441051427445,7.824572033070956]],[[6.7680973167819385,7.822987833825595],[6.768524533619927,7.8228985494761405],[6.768295609116007,7.823309852358886],[6.7680973167819385,7.822987833825595]],[[6.76743283283736,7.824414485720191],[6.767690192511762,7.8231509925649965],[6.7679797510848125,7.82307644720623],[6.767868517279625,7.823526333129661],[6.767934104489604,7.823866816908637],[6.76743283283736,7.824414485720191]],[[6.7697385906741205,7.823005515738936],[6.769974723555762,7.822906217345379],[6.769899931935885,7.82331664940714],[6.7697385906741205,7.823005515738936]],[[6.770637555597141,7.822949351515249],[6.770479434734205,7.822789991517895],[6.770700779568181,7.822729274612875],[6.770637555597141,7.822949351515249]],[[6.7672431108553335,7.8252419027409434],[6.767022423509678,7.825178848021453],[6.767182231008918,7.825021169994791],[6.7672431108553335,7.8252419027409434]],[[6.767496576050472,7.825439155554425],[6.767067198505963,7.825681282015393],[6.7672431108553335,7.8252419027409434],[6.767496576050472,7.825439155554425]],[[6.765428440791599,7.825593850803504],[6.765365210651616,7.825813925971117],[6.765207097113594,7.825654564304945],[6.765428440791599,7.825593850803504]],[[6.7652442767030045,7.826135212613023],[6.765181046311816,7.826355287697495],[6.765022932717532,7.826195925928144],[6.7652442767030045,7.826135212613023]],[[6.767983029952104,7.815957446683814],[6.767865686520827,7.8164667889088975],[6.767470544924896,7.816565690389849],[6.767477272115041,7.815300269161728],[6.767584110561108,7.815374670127869],[6.767983029952104,7.815957446683814]],[[6.76740732124123,7.816785766651292],[6.767249203609759,7.816626406400193],[6.767470544924896,7.816565690389849],[6.76740732124123,7.816785766651292]],[[6.767005112585405,7.81547435658705],[6.767033815468561,7.815207534765804],[6.767016299959053,7.815026662655555],[6.767093020663325,7.81431350289667],[6.765839795613518,7.814775570394993],[6.765668417571464,7.814567585107792],[6.765487147882761,7.814566626063453],[6.765488109583029,7.814385851835914],[6.765306839995123,7.814384892736382],[6.765125570430174,7.814383933559203],[6.765126532263216,7.814203159374855],[6.764945262799042,7.8142022001424865],[6.764946224686999,7.814021425978953],[6.764706122643814,7.813898694286226],[6.764585610001677,7.813657959084019],[6.76440434083989,7.813656999686112],[6.764405302892565,7.813476225584981],[6.764224033831593,7.8134752661318965],[6.764224995939165,7.813294492051549],[6.764225958023788,7.813113717969563],[6.764227882124189,7.812752169800624],[6.764228844139964,7.812571395713657],[6.764047575491134,7.8125704362952675],[6.764045651280953,7.812931984422592],[6.76332057629246,7.812928145792998],[6.763322501125356,7.812566597845444],[6.763323463507366,7.812385823869204],[6.763142195051164,7.8123848640851525],[6.762960926617882,7.812383904223478],[6.762961889132602,7.812203130290495],[6.762963814093158,7.811841582419522],[6.763145082292943,7.811842542213762],[6.763326350515647,7.811843501930386],[6.763327312805824,7.811662727947482],[6.763508580973657,7.81166368756401],[6.763387713610098,7.811422238803072],[6.762786395873232,7.81111752687574],[6.762605128030698,7.811116567016181],[6.762606090540329,7.810935793116531],[6.7624248227985815,7.810934833201842],[6.762425785363067,7.810754059323034],[6.7622445177221255,7.810753099353222],[6.762245480341462,7.810572325495219],[6.76224644293783,7.810391551635596],[6.76206517547547,7.810390591633144],[6.762066138126683,7.810209817794309],[6.761746675373899,7.8095659849460475],[6.761344920438316,7.809482882086323],[6.761342994674227,7.809844429595671],[6.761161727560197,7.809843469272684],[6.761160764565876,7.810024243002384],[6.761342031757716,7.810025203347866],[6.761341068818227,7.810205977098423],[6.76157275036904,7.810297593891323],[6.76134010585576,7.810386750847295],[6.761158838508294,7.810385790456822],[6.7610649850269,7.810989650961281],[6.760977571183787,7.810384829988742],[6.760874848532882,7.81046303709621],[6.76071390615216,7.811027796455915],[6.7605084603704935,7.811184210385245],[6.760337694278866,7.811402437620652],[6.760166890774351,7.811179313042306],[6.7599761938697505,7.81120638322109],[6.7596866910814315,7.811162149995866],[6.760072198413199,7.810199252892904],[6.759783305920518,7.81027155720714],[6.759614821782805,7.810713438655329],[6.7589826681344185,7.8105550331725535],[6.759232570714548,7.810028929438368],[6.758996629068569,7.809793379980396],[6.75821581520149,7.810435832704398],[6.7583269298802975,7.809894086727022],[6.758847108077258,7.809601949723409],[6.759042373126127,7.809093533122528],[6.7582633852714675,7.809466546807363],[6.758338954827108,7.809179226399761],[6.758629774396047,7.808745376080632],[6.758811040721394,7.808746337354883],[6.758902908308993,7.8085152874769435],[6.7589923070697475,7.8087472985515465],[6.759635219352442,7.808856127276015],[6.759717372693137,7.808751142562321],[6.75935773060073,7.808206900158366],[6.759176464439778,7.8082059391844245],[6.759177428060005,7.8080251656856685],[6.759178391657231,7.8078443921852765],[6.758997125674841,7.807843431178783],[6.758998089326854,7.807662657699246],[6.75911168807001,7.807242313045333],[6.759540923690992,7.80784631396552],[6.759722189742376,7.807847274739274],[6.759721226378517,7.808028048307206],[6.7598986391564795,7.808752103371045],[6.760079905642815,7.8087530641021825],[6.760442438684437,7.808754985331686],[6.760443401829085,7.8085742116803685],[6.7602621353745675,7.808573251126914],[6.7602630985740255,7.808392477496413],[6.760266951141971,7.807669382957943],[6.760085685099417,7.8076684224394315],[6.7600866482617175,7.807487648823179],[6.759366401654727,7.806579938407363],[6.759185136193826,7.806578977636057],[6.759186099607056,7.806398204122363],[6.758529001036988,7.80506854057262],[6.758469710788115,7.8047673994645645],[6.758288446219885,7.8047664385306685],[6.7582894097919,7.804585665113001],[6.758290373340908,7.804404891693669],[6.7581091089511744,7.804403930727279],[6.758110072554925,7.80422315732886],[6.758005163190932,7.803787208415138],[6.757934589871722,7.803137556016977],[6.7577205165697904,7.803028123946012],[6.757894132268815,7.802678319858381],[6.7575161623826885,7.802198594878683],[6.757924017804261,7.801841795685421],[6.758180924162366,7.802355017431014],[6.75866253485915,7.80259907865887],[6.758664461117056,7.802237531692001],[6.758192853353848,7.801856775620783],[6.758225947445064,7.8016024829283115],[6.758183973463585,7.8012507028326805],[6.75859559740393,7.801549653165359],[6.7585435035474015,7.801949974806216],[6.759211140278408,7.801698092184503],[6.759271394086787,7.801818459693337],[6.7597515816030995,7.802063924483032],[6.759932343707663,7.8024250269505115],[6.760113607472224,7.802425986893882],[6.760196576785266,7.8023237754969665],[6.760551288696727,7.802369684306025],[6.7601411003561855,7.801288326322223],[6.760694617842277,7.80085106345209],[6.759718489187739,7.799503422523394],[6.76075286330562,7.799637298978166],[6.760853093117381,7.799718219401963],[6.7608540549573375,7.799537445622702],[6.761035317593338,7.799538404818479],[6.761128184218812,7.79911870166963],[6.761216580252318,7.799539363936759],[6.761397842934255,7.799540322977547],[6.76148970580444,7.7993092714709835],[6.761579105639187,7.799541281940836],[6.761942782913422,7.799723973692908],[6.7621664900954,7.799273220400248],[6.76153752967189,7.799088587740734],[6.761401689131879,7.798817227573868],[6.761220426760739,7.798816268623058],[6.761128563944173,7.799047320064702],[6.761039164412556,7.7988153095947625],[6.760748719759676,7.798957381265393],[6.76067663978513,7.798813391305702],[6.760495377505889,7.79881243204494],[6.76049633938633,7.798631658302392],[6.7603150772077685,7.798630698986642],[6.759848508490241,7.798934653424228],[6.759771290810027,7.798627820574483],[6.759408766659808,7.798625901245612],[6.7593189453485865,7.797859174009749],[6.7585072700170565,7.797717234067901],[6.758326008479907,7.797716274012423],[6.757600962561306,7.797712433015735],[6.757599999552829,7.797893206406325],[6.757056215122483,7.797890324777702],[6.756964350623281,7.798121374731855],[6.756874953691731,7.797889364079871],[6.756576537307389,7.797284716933584],[6.75651821140143,7.796802802894683],[6.756336950505825,7.796801842099675],[6.7563379139199355,7.796621068856917],[6.755275236287548,7.793470159214959],[6.755989843131417,7.7939075489154455],[6.756172446484293,7.793656294193634],[6.756352362368438,7.793909470016402],[6.756351399299719,7.794090243284064],[6.756350436207975,7.794271016549987],[6.756531696016326,7.794271977029394],[6.756712955847702,7.794272937431358],[6.757075475579518,7.794274858002959],[6.7570764383606745,7.794094084646875],[6.756895178560903,7.794093124422332],[6.7566432473929225,7.793911011281287],[6.756897104209449,7.793731577750123],[6.757198408200364,7.793793904061668],[6.757681433232538,7.79403655876089],[6.758526517587304,7.794101763655366],[6.758527479724278,7.793920990117308],[6.758164959934863,7.7939190708748765],[6.757983700074656,7.7939181111375015],[6.757802440237458,7.793917151322688],[6.757803402662002,7.793736377873101],[6.7567570244640764,7.793432271001573],[6.75644021413388,7.793469867489414],[6.75617399203935,7.793366189759425],[6.756082128823057,7.793597236952038],[6.755992732665267,7.7933652292378675],[6.7555876796827645,7.793308933994212],[6.7557004764216035,7.792966567243007],[6.755926135223547,7.793220520666988],[6.755994658906022,7.793003682777828],[6.755995621991854,7.792822909545333],[6.756176881133029,7.7928238699992525],[6.756177844118201,7.792643096742572],[6.755996585054658,7.792642136311201],[6.755997548094433,7.792461363075389],[6.755860476718423,7.792182639316249],[6.756121127689174,7.791858952577277],[6.756187472703431,7.790835364084459],[6.7561884354353055,7.790654590809535],[6.756007177225594,7.7906536306261716],[6.756006214416107,7.790834403878549],[6.755824956151812,7.790833443595232],[6.755823993241684,7.791014216823409],[6.755642734922804,7.791013256440134],[6.755643697910548,7.790832483234507],[6.755645623816935,7.790470936818309],[6.756008140012051,7.790472857372152],[6.756189398144154,7.790473817532972],[6.756190360829976,7.790293044254731],[6.756070317564997,7.790231678153055],[6.755889561498842,7.789870576273021],[6.7556494753533265,7.789747843966],[6.755538728341301,7.789353625277133],[6.754652591877837,7.787854387020607],[6.75457926491594,7.78648816526076],[6.754347597620484,7.786396548697291],[6.754580227793291,7.786307392149058],[6.7545811906476,7.786126619035679],[6.75439993458489,7.7861256587197225],[6.75440089749372,7.78594488562733],[6.754403786081944,7.785402566340016],[6.754222530352539,7.785401606036956],[6.754223493246749,7.785220832960463],[6.754236008774335,7.782870782815143],[6.754054754153564,7.782869822750643],[6.754057642031737,7.782327503514319],[6.754238896419925,7.78232846351112],[6.754243708701677,7.7814245979712995],[6.754246595794192,7.780882278627531],[6.754427849585265,7.780883238366505],[6.754242422657874,7.779718833292909],[6.75443081527647,7.77998518322281],[6.754743327422179,7.780758411291748],[6.7554445763642015,7.779902377669299],[6.755416131087525,7.779703099514123],[6.755811022535213,7.779544343186053],[6.755706242711742,7.779082221316788],[6.754863522230496,7.77950496438192],[6.754719653731591,7.779753545385062],[6.754188196585157,7.779488143341971],[6.7544328825454745,7.778850982803335],[6.753904319520592,7.7790465010146095],[6.753714383645218,7.778710122235216],[6.753415978148474,7.778105477518504],[6.753356690044852,7.777804337462173],[6.7531754377094515,7.777803377643117],[6.75317640010065,7.7776226046324854],[6.7531773624687945,7.777441831620219],[6.752996110311401,7.777440871769038],[6.752997072733963,7.777260098777716],[6.753010544228929,7.774729276725222],[6.752586868945464,7.7746303000833095],[6.752475218670317,7.774300343949118],[6.75301150630565,7.774548503709067],[6.752950694484587,7.772990101553338],[6.752730018897508,7.772308753682759],[6.752596851593897,7.771361225807833],[6.752486033180355,7.771110938441652],[6.752487956852973,7.770749392477001],[6.752669206075911,7.770750351724508],[6.7526701678002246,7.770569578717134],[6.7524889186546915,7.770568619492206],[6.752490842188948,7.7702070735176765],[6.7523859374513595,7.769771123877784],[6.752316325406556,7.768940703455842],[6.752317287055061,7.768759930477084],[6.752498535403567,7.768760889553395],[6.7526797837751555,7.768761848552517],[6.752954400587518,7.7682228096322135],[6.753044203196258,7.76840222017614],[6.753406699791289,7.768404137543801],[6.753407660906323,7.768223364424658],[6.7541326540634286,7.768227198143536],[6.754084870978446,7.768542518584299],[6.753813135912476,7.768813826933768],[6.753764391331432,7.769309920399472],[6.754125927940946,7.769492610574867],[6.754199180601206,7.769021224402961],[6.754531819546514,7.7688112989847955],[6.75481713629283,7.768371939272569],[6.755260655636605,7.768092037679933],[6.755474643652772,7.767762517293463],[6.755807281079185,7.76755259039991],[6.756217049168255,7.766921577577702],[6.756774350598908,7.76654358781451],[6.756856179563972,7.767337695827956],[6.7563203936275915,7.767412605472245],[6.755874644030286,7.768694916002787],[6.756474000506697,7.769067627792557],[6.756358284549717,7.769431365213422],[6.756787295314087,7.769579719480306],[6.756724373129347,7.769777510939904],[6.756781050959098,7.769962445235126],[6.756659574806106,7.770229115120863],[6.756115826382435,7.770226242445134],[6.756114866174867,7.770407015884496],[6.756113905944275,7.770587789322184],[6.756295155550625,7.770588747003049],[6.756294195374416,7.770769520461652],[6.756353486144228,7.7710706605152],[6.756651894358715,7.77167530313048],[6.756833144498586,7.771676260714963],[6.756832184416499,7.771857034231288],[6.757191805000287,7.772401269887863],[6.757373055518879,7.772402227330836],[6.757372095577001,7.7725830009081145],[6.7574911749240565,7.772825138900745],[6.757550466464594,7.773126279085991],[6.757731717338916,7.7731272364646395],[6.75773075745986,7.773308010080372],[6.757729797557795,7.773488783694464],[6.757911048609989,7.7734897410409385],[6.757910088762354,7.773670514675913],[6.757909128891713,7.77385128830925],[6.758090380121787,7.773852245623543],[6.75808942030558,7.774033019277674],[6.758208500293022,7.774275157287537],[6.758267792281782,7.774576297557483],[6.758449043867632,7.774577254807392],[6.758448084114305,7.774758028500016],[6.758507376252885,7.775059168798194],[6.758626456634948,7.775301306830744],[6.7588077085765965,7.775302264016241],[6.758806748886176,7.775483037747272],[6.758804829436348,7.775844585204435],[6.758541198192058,7.776487553725339],[6.758168505289564,7.776771339765001],[6.758073099910458,7.7771061711459355],[6.758254352557733,7.777107128788433],[6.758253392404925,7.777287902435389],[6.758434645152676,7.7772888600231385],[6.75843368505434,7.777469633690941],[6.758614937902546,7.777470591223942],[6.759158696585213,7.777473463359305],[6.759159656373648,7.777292689601429],[6.758748303486949,7.777207602999795],[6.759219695798551,7.777051497454169],[6.759340909236384,7.777293646802824],[6.759339949525424,7.777474420583213],[6.7595212024886075,7.7774753777298455],[6.759520242832133,7.777656151531117],[6.758970723962753,7.778737922159438],[6.7592023892526,7.7788295353124175],[6.758969763912878,7.778918695881587],[6.758968803840009,7.7790994696021025],[6.7593278215150745,7.779283000058871],[6.759119225313199,7.7797033310383945],[6.759449117592191,7.7795836129222735],[6.759510645002942,7.779463889452791],[6.759511604889316,7.779283115668084],[6.759513524593095,7.778921568093644],[6.759635170495477,7.778680701270731],[6.759760144056717,7.7780797064938865],[6.7600620831750655,7.778020570307545],[6.760243336462653,7.778021527212598],[6.760242377047141,7.778202301098898],[6.760423630435175,7.778203257949177],[6.760422671074164,7.77838403185636],[6.7604217116901735,7.778564805761872],[6.760494214537872,7.778852907781192],[6.76078038169932,7.779289815106197],[6.760899464069378,7.779531953166973],[6.760958757753099,7.779833093748916],[6.761140011930495,7.77983405049253],[6.761139052672663,7.780014824474845],[6.761320306950536,7.780015781163657],[6.761319347747233,7.780196555166754],[6.761318388520959,7.780377329168233],[6.76149964297679,7.780378285824732],[6.761498683805051,7.780559059847029],[6.761599151551569,7.781168423052728],[6.761854479180547,7.781826391397858],[6.7622169894932505,7.781828304529508],[6.762398244684047,7.781829260979354],[6.762397285716157,7.782010035100892],[6.762578541007417,7.782010991495903],[6.7625775820940905,7.782191765638191],[6.762576623157805,7.782372539778903],[6.7625756641985575,7.782553313917938],[6.762573746211188,7.782914862191033],[6.762755001913068,7.782915818621125],[6.762754042962477,7.783096592777698],[6.763116554590177,7.7830985054508455],[6.763115595771699,7.783279279650699],[6.763296851697537,7.783280235893749],[6.763295892933642,7.783461010114404],[6.763293975336996,7.783822558550786],[6.763475231518363,7.783823514783923],[6.763474272763155,7.784004289022125],[6.763472355183887,7.78436583749349],[6.76333012446999,7.784698625079043],[6.763467560834074,7.7852697086430345],[6.763587604568037,7.785331072564627],[6.763827198086536,7.785813944041482],[6.763945865845099,7.7865336821395275],[6.764184918599599,7.786719727993321],[6.764601254266078,7.786797804341895],[6.764365217402078,7.7869014585232295],[6.76436329986413,7.7872630071663655],[6.764361382234416,7.787624555802843],[6.764180124309494,7.787623599484658],[6.764359464512931,7.7879861044327345],[6.764353710797856,7.789070750282572],[6.764533051433043,7.789433255351406],[6.764714310179756,7.789434211739442],[6.76471335125626,7.789614986083556],[6.76481235500853,7.790236601139695],[6.764885979458281,7.791242911641447],[6.764885020383011,7.791423685991479],[6.764946974810968,7.793700306393166],[6.765160614836687,7.794588024467059],[6.765086048575262,7.794911724077022],[6.76533423362135,7.795296263603613],[6.7654057802930865,7.795765140720628],[6.765526291253945,7.7960058745581335],[6.765766384929367,7.796128603057056],[6.7659476467091,7.796129559733906],[6.765946687480514,7.796310334173869],[6.766306333906816,7.796854570784882],[6.766487596065999,7.796855527319119],[6.766486636978732,7.7970363018198485],[6.766667899238535,7.797037258299057],[6.766666940206026,7.797218032820593],[6.766848202566449,7.797218989244766],[6.766847243588701,7.797399763787063],[6.767205933014908,7.79812477477998],[6.767387195832467,7.798125731083903],[6.767386236973196,7.798306505685164],[6.767565582259484,7.798669011176588],[6.767746845355968,7.798669967392839],[6.767745886583348,7.798850742034028],[6.767744927787817,7.799031516673584],[6.767926191062606,7.799032472857203],[6.767925232321867,7.7992132475175255],[6.767995825391684,7.799862902558211],[6.768100743237989,7.800298851707805],[6.768282007102553,7.800299807893415],[6.768281048356882,7.800480582586953],[6.768462312322005,7.8004815387174835],[6.768461353631142,7.800662313431821],[6.769001311837349,7.80138828053546],[6.769182576282709,7.801389236468044],[6.769181617788229,7.8015700112637685],[6.769362882334209,7.8015709671412505],[6.769361923894561,7.801751741957717],[6.769543188541142,7.801752697780093],[6.769542230156328,7.801933472617333],[6.76972349490355,7.8019344283846],[6.769722536573574,7.802115203242615],[6.769863452574523,7.8023966908062565],[6.770264414923543,7.802479619991929],[6.770445679995513,7.802480575516319],[6.770444721907809,7.802661350458965],[6.77080725227585,7.802663261319967],[6.771047351594762,7.802785988293523],[6.771167867113285,7.803026721930351],[6.771166909267899,7.803207496957618],[6.771529440285402,7.803209407332751],[6.771528482572627,7.803390182403169],[6.771709748193442,7.803391137496823],[6.771708790535541,7.803571912587957],[6.771827882963307,7.803814051042456],[6.771886225707687,7.8042959680639665],[6.77225357051721,7.804832616806638],[6.7727877694556,7.8052046186102135],[6.772969036014014,7.805205573384898],[6.772968078671759,7.805386348616156],[6.772967121306644,7.805567123845736],[6.773148388043447,7.8055680785876165],[6.773147430733244,7.805748853837898],[6.773328697570673,7.805749808524592],[6.773509964430934,7.805750763133726],[6.7735090072534145,7.805931538427115],[6.773690274214321,7.80593249298106],[6.773689317091721,7.806113268295162],[6.775493380603647,7.80774978955706],[6.7756746485936,7.807750743481328],[6.775673692098195,7.807931519024813],[6.776575807743929,7.808659782556798],[6.777296502551047,7.809567082679594],[6.777477771547225,7.809568036051378],[6.777476815601613,7.809748811801695],[6.777836486311239,7.810293045732111],[6.778017755687122,7.810293998960409],[6.778016799883713,7.810474774771082],[6.778198069360222,7.810475727944097],[6.778197113611825,7.810656503775397],[6.778556785873796,7.811200737551239],[6.778738055730009,7.811201690580713],[6.778737100123871,7.811382466472386],[6.779381578995655,7.812526987367217],[6.779632941244822,7.813375766493309],[6.779814212171862,7.8133767193248005],[6.77981325675922,7.813557495330475],[6.7797261044030845,7.8151053139234685],[6.7795490698652,7.815623449857007],[6.778717983213042,7.814997983957378],[6.778536711722062,7.814997030459162],[6.778537667862075,7.814816254623012],[6.77793454938075,7.8145122511558],[6.7772706819105775,7.81444802675279],[6.77708941083566,7.814447072700343],[6.7770903675301355,7.814266297037811],[6.774008764072817,7.814250066645956],[6.774007806054751,7.814430841928501],[6.773826535390837,7.814429886478378],[6.773162026582801,7.814487114146952],[6.772312921087199,7.814903514970914],[6.771285870801249,7.814958826854046],[6.771284911523811,7.815139601794209],[6.77110364089141,7.815138645089786],[6.770378558590636,7.81513481749555],[6.7701972880726515,7.815133860402856],[6.770198247817275,7.814953085597097],[6.77001697740004,7.814952128449154],[6.767717145690042,7.815044816769493],[6.767477272115041,7.815300269161728],[6.767005112585405,7.81547435658705]],[[6.758919439396399,7.810775107202958],[6.758761333039982,7.810615745310065],[6.7589826681344185,7.8105550331725535],[6.758919439396399,7.810775107202958]],[[6.7582001565135945,7.809686620680036],[6.758042050799151,7.809527258703717],[6.7582633852714675,7.809466546807363],[6.7582001565135945,7.809686620680036]],[[6.758270735707176,7.808561840972057],[6.758508327510724,7.808083139854815],[6.759057231177356,7.80799167791031],[6.7586922725209355,7.8084448807243065],[6.758629774396047,7.808745376080632],[6.758270735707176,7.808561840972057]],[[6.759073684857329,7.801418596493026],[6.7595015917088395,7.800915785561641],[6.759574629661545,7.801519238830325],[6.759211140278408,7.801698092184503],[6.759073684857329,7.801418596493026]],[[6.759986171856634,7.801593827982483],[6.759674194145604,7.801754721093605],[6.759574629661545,7.801519238830325],[6.759986171856634,7.801593827982483]],[[6.759543469234407,7.798899798959801],[6.759353295632521,7.799228673962794],[6.758790557503376,7.798950887366037],[6.758680830594188,7.799164382205407],[6.758961567913208,7.799307891374483],[6.759040467244624,7.79970862295686],[6.7588592047838105,7.799707662886117],[6.758858242066113,7.799888436416141],[6.758676979550596,7.799887476245379],[6.7587445284682826,7.800180468347768],[6.758988083029702,7.800530350982796],[6.758741868593664,7.800679857376644],[6.758597305019775,7.801095671725096],[6.758398976312173,7.8010329113142864],[6.7580504671880774,7.801139146537911],[6.757877639043598,7.800856056558857],[6.757597603813894,7.800716726523422],[6.757740401225442,7.801182659185111],[6.75710664935215,7.801394304937634],[6.756965313960469,7.80197882337347],[6.75667152780082,7.8020461882387115],[6.756567600825519,7.803045589281273],[6.756816748003098,7.803261976795014],[6.7566628514267375,7.80367314732185],[6.756042116507941,7.803821712702122],[6.755859916701048,7.8035555202306],[6.755650792189871,7.803601108385789],[6.755578162273952,7.803125057440455],[6.755131628237725,7.803415949996302],[6.75487550559325,7.803357258666916],[6.755151979221649,7.802484196465434],[6.754896889840287,7.802088940604011],[6.754992093786804,7.80167572169587],[6.754931838976788,7.801400819716958],[6.755050372041564,7.801059860916323],[6.755322758780539,7.801457817852596],[6.755531937185421,7.800662508893367],[6.7557792790669415,7.800340615363941],[6.755954188505097,7.800596157045491],[6.756601350541755,7.80074933219583],[6.757846373294562,7.800494201443318],[6.757495947626081,7.799937689470277],[6.757261235454279,7.800501060777422],[6.757306386037131,7.7997781863586475],[6.75741199580544,7.799157659470868],[6.757593257849088,7.79915862009399],[6.757590368202274,7.7997009402209905],[6.75777163050204,7.799701900834212],[6.757856330701596,7.799242042507608],[6.758394135154935,7.798801306365044],[6.757697287449546,7.798217752783527],[6.757864164386561,7.7979750399944034],[6.758052622916848,7.7979952069558225],[6.758241061507685,7.79797705869471],[6.758405804786107,7.798177004035447],[6.7586029594303065,7.7983421050974355],[6.7587817625911155,7.798559111460984],[6.759142213506793,7.7985243989699],[6.759408766659808,7.798625901245612],[6.759543469234407,7.798899798959801]],[[6.759475213010441,7.800011391006584],[6.759195735644091,7.800325617085014],[6.759040467244624,7.79970862295686],[6.759475213010441,7.800011391006584]],[[6.756883522517643,7.803736203865917],[6.756723728169586,7.8038938793652965],[6.7566628514267375,7.80367314732185],[6.756883522517643,7.803736203865917]],[[6.757230733784828,7.799156698770254],[6.757233623690688,7.79861437876355],[6.757414885478213,7.798615339396561],[6.75741199580544,7.799157659470868],[6.757230733784828,7.799156698770254]],[[6.757003996471878,7.798514935704724],[6.757162367267073,7.798198268077234],[6.757233623690688,7.79861437876355],[6.757003996471878,7.798514935704724]],[[6.757478111293851,7.79839526517945],[6.75763621374968,7.7985546261950045],[6.757414885478213,7.798615339396561],[6.757478111293851,7.79839526517945]],[[6.7555795104236696,7.791233333254315],[6.755421410955097,7.79107396690594],[6.755642734922804,7.791013256440134],[6.7555795104236696,7.791233333254315]],[[6.75558625123674,7.789967920848358],[6.7554281521031605,7.789808554628185],[6.7556494753533265,7.789747843966],[6.75558625123674,7.789967920848358]],[[6.754195872363837,7.768007120557492],[6.75435396508502,7.76816648492479],[6.7541326540634286,7.768227198143536],[6.754195872363837,7.768007120557492]],[[6.757461627355036,7.76743128155544],[6.756816047632456,7.7678386966128015],[6.756421124316241,7.767677078141888],[6.756784849741572,7.767447536332283],[6.756856179563972,7.767337695827956],[6.757461627355036,7.76743128155544]],[[6.7568802298177895,7.770292164014194],[6.756720451711465,7.770449848867758],[6.756659574806106,7.770229115120863],[6.7568802298177895,7.770292164014194]],[[6.791914586536019,7.815991711031905],[6.792195260268637,7.816832740200821],[6.791738856175252,7.817307858823108],[6.791878172433208,7.816768394611218],[6.791579761418339,7.816692480715239],[6.791487906746559,7.8169235421785475],[6.791398487612201,7.816691532530906],[6.791179970491768,7.816834789667064],[6.79088224540261,7.817276280531823],[6.79060303779159,7.816299079020248],[6.791278685913446,7.815714795282739],[6.791480177980547,7.8162777514641135],[6.791914586536019,7.815991711031905]],[[6.794245801846618,7.818031284144471],[6.7946547730604,7.817974032523279],[6.794605106276412,7.818650916641208],[6.7943435210366445,7.818918259208801],[6.794245801846618,7.818031284144471]],[[6.794829696023992,7.817375791640788],[6.795110634456479,7.817729440048582],[6.795491915798629,7.817110754279086],[6.796018545556329,7.817178875331177],[6.796666018843821,7.817101989875588],[6.7969144391826095,7.817270351076947],[6.796540574559959,7.817897088144094],[6.7970196002419785,7.818283754828686],[6.795893699767131,7.818957726582084],[6.7957430284626135,7.819325588050633],[6.796515503746255,7.818878163339329],[6.79708661003116,7.819006338740333],[6.795902834548283,7.819941588088567],[6.795431991522587,7.81966225695185],[6.7954864132532915,7.819243856092342],[6.795430083127817,7.818772085464669],[6.795848902443049,7.818069992853489],[6.795735171031872,7.817899283370532],[6.795044507408827,7.818750226708505],[6.794755012291631,7.818054947885028],[6.7946547730604,7.817974032523279],[6.794829696023992,7.817375791640788]],[[6.791928998572174,7.81922526123025],[6.791865785894313,7.819445344618741],[6.791707655666473,7.8192859906695995],[6.791928998572174,7.81922526123025]],[[6.7915443197594545,7.820467257089394],[6.791741969379418,7.81984594846485],[6.792288696158119,7.819769490134259],[6.792167216298312,7.820036170552375],[6.792229241752052,7.820238483597603],[6.7915443197594545,7.820467257089394]],[[6.792351908728369,7.81954940663727],[6.792510039340002,7.8197087604389175],[6.792288696158119,7.819769490134259],[6.792351908728369,7.81954940663727]],[[6.782135408312673,7.820077820898163],[6.782072190652999,7.820297901337984],[6.781914064948495,7.820138544672017],[6.782135408312673,7.820077820898163]],[[6.790580443170004,7.820280244982008],[6.79119914254555,7.820125354161265],[6.7908955583186446,7.820558956036268],[6.790580443170004,7.820280244982008]],[[6.797658606620316,7.819819024141816],[6.7978800487200655,7.81904870936829],[6.798462178523171,7.819450737357115],[6.7983315293966795,7.819905230251054],[6.798642997194349,7.820106379596242],[6.798157055632267,7.820413056789951],[6.798085721692099,7.820522905886917],[6.797770968196664,7.820445053594607],[6.7980363140413775,7.820062948454022],[6.797658606620316,7.819819024141816]],[[6.798519017200515,7.8206489003700055],[6.7982101106828265,7.820965513061358],[6.798085721692099,7.820522905886917],[6.798519017200515,7.8206489003700055]],[[6.793194122159223,7.819955007816117],[6.793130909874805,7.820175091541617],[6.792972778835803,7.8200157378612625],[6.793194122159223,7.819955007816117]],[[6.793257334347558,7.819734924060495],[6.79341546544862,7.8198942776367275],[6.793194122159223,7.819955007816117],[6.793257334347558,7.819734924060495]],[[6.795872239175003,7.820211673000053],[6.79609358261604,7.820150941345148],[6.79603037167342,7.820371025918974],[6.795872239175003,7.820211673000053]],[[6.799667992717233,7.818302618299743],[6.800274301111929,7.818003351578362],[6.800422639424162,7.8183048959723465],[6.799667992717233,7.818302618299743]],[[6.79859934875329,7.817410677779429],[6.7991913867231135,7.8170937910198175],[6.79954016397212,7.817626166187351],[6.79859934875329,7.817410677779429]],[[6.792476626060322,7.818504995727255],[6.792413413861323,7.818725079315118],[6.792255283562724,7.818565725583995],[6.792476626060322,7.818504995727255]],[[6.790497825811262,7.815602126676005],[6.790434613521871,7.815822209827635],[6.790276484968042,7.815662855849407],[6.790497825811262,7.815602126676005]],[[6.793854787872308,7.815661513802024],[6.793515965116416,7.815489614310047],[6.793943920127515,7.815258578300204],[6.793854787872308,7.815661513802024]],[[6.785086326349323,7.8105118910097895],[6.785085373558119,7.810692667688146],[6.7854469618073185,7.810875344668723],[6.785376343892355,7.810225684746037],[6.785271407340068,7.809789734336833],[6.78509013728679,7.809788784279637],[6.78509108996432,7.809608007592954],[6.785092995251175,7.809246454214592],[6.784911725454065,7.809245504146562],[6.784912678141197,7.809064727477163],[6.784803893884774,7.808632569237125],[6.78437458616547,7.807977217223797],[6.784193317003924,7.8079762670012265],[6.784194269843079,7.807795490409268],[6.784195222659489,7.807614713815672],[6.784013953676292,7.807613763560047],[6.784014906547749,7.807432986987044],[6.784015859396462,7.807252210412362],[6.783834590591547,7.80725126012369],[6.783835543495301,7.807070483569639],[6.783730608516184,7.806634533386487],[6.7836590393574046,7.806165650541926],[6.783427354346559,7.806074045150663],[6.783659992202452,7.805984874000198],[6.783961313841434,7.806047184798922],[6.784202844372018,7.80616850100712],[6.784384112755711,7.806169451007051],[6.784383160199022,7.80635022763621],[6.784745697190163,7.806352127447889],[6.784807224523392,7.806232399511782],[6.785291407160305,7.805993423101103],[6.785472675602663,7.805994372613376],[6.785653944067689,7.80599532204808],[6.785835212555484,7.8059962714052205],[6.785834260643741,7.806177048214064],[6.786020526642662,7.8069508675903245],[6.785829500744124,7.807080932233371],[6.785828548696022,7.807261709032268],[6.786370452231515,7.80762611083178],[6.7863714040917,7.8074453339694605],[6.786552673292645,7.807446283194276],[6.786553625052321,7.807265506308033],[6.786734894198177,7.807266455433027],[6.786916163366771,7.807267404480442],[6.787214183814146,7.807332973168493],[6.787341316861978,7.807567185466703],[6.787653328772379,7.807739876826576],[6.78739128435022,7.808364574771926],[6.787726838790546,7.808228692412649],[6.7881117778786,7.8083892857922335],[6.788175536565484,7.809081816428746],[6.788174585278882,7.809262593498493],[6.788355855484932,7.809263542169744],[6.7883549042534375,7.809444319260062],[6.788641114744883,7.809881218404518],[6.788893959910432,7.810351050634935],[6.7890752306741815,7.81035199912909],[6.789074279617762,7.810532776298341],[6.7890695239952565,7.811436662119676],[6.789250795248614,7.811437610669518],[6.789248892996418,7.81179916503092],[6.7892479418362806,7.811979942209106],[6.789429213345854,7.811980890747964],[6.789428262240862,7.812161667946726],[6.789424457593986,7.8128847767251735],[6.789659439043324,7.812995450515376],[6.789447344079355,7.81335998208154],[6.788877787541678,7.8134242619089616],[6.7888768360216005,7.813605039027831],[6.788695563879507,7.813604090056118],[6.788333019663435,7.813602191879763],[6.788151747589444,7.81360124267512],[6.788152699420929,7.813420465645138],[6.787488827538214,7.813356257361515],[6.787247291978879,7.813234941647971],[6.787066020196841,7.813233992021943],[6.78706697245001,7.813053215122052],[6.78670680512049,7.812869133925438],[6.786526014797577,7.812508035335448],[6.786344743417791,7.812507085487837],[6.786345695891463,7.812326308670273],[6.785998344227553,7.812227882590457],[6.784889476112133,7.81176848543217],[6.784311681444151,7.81098267656569],[6.784221214277966,7.810349132875735],[6.784905056007513,7.810510940785961],[6.785086326349323,7.8105118910097895]],[[6.787061171647437,7.806606923141291],[6.787282507339064,7.806546194425279],[6.787219296197189,7.806766277092442],[6.787061171647437,7.806606923141291]],[[6.786739652266846,7.8063625708659234],[6.786676440918142,7.806582653381661],[6.786518316681036,7.806423299303007],[6.786739652266846,7.8063625708659234]],[[6.783998704639582,7.810506188502649],[6.783935490734717,7.810726269991306],[6.78377736670931,7.810566914769295],[6.783998704639582,7.810506188502649]],[[6.781048788771616,7.804971771897146],[6.780760668045705,7.8042123199413265],[6.7812709923515575,7.803356846721013],[6.782042879530747,7.803264673299415],[6.782220369421967,7.80474465925969],[6.7819332184144105,7.804971521405812],[6.781603180771314,7.805378136837315],[6.781216270995859,7.805328078365469],[6.780999086825488,7.805353864361888],[6.781048788771616,7.804971771897146]],[[6.772973822382425,7.804301697203893],[6.772910605018968,7.804521775740928],[6.772752488013766,7.804362418179285],[6.772973822382425,7.804301697203893]],[[6.765554224157143,7.787155920404699],[6.7652156436401025,7.787229744873332],[6.764834620284071,7.7869678042446555],[6.765454680086741,7.786545645349233],[6.765538612122109,7.786879151853951],[6.765997230760848,7.7867791474155235],[6.766268795328705,7.786841370182649],[6.766461410570576,7.786799369659635],[6.766614021965749,7.786974261518756],[6.766186090845136,7.787622146182647],[6.766640304800542,7.787523105548098],[6.7667910585674935,7.787771981075745],[6.76614702632764,7.788430930001607],[6.765919239770566,7.787525831231664],[6.765705569601541,7.787377026883201],[6.765554224157143,7.787155920404699]],[[6.7670040602669586,7.787115697296671],[6.767265342354679,7.786916747654217],[6.767429986907904,7.787341019658294],[6.7670040602669586,7.787115697296671]],[[6.763308355074004,7.781110945116657],[6.76307668713806,7.781019333607576],[6.763309313539523,7.780930170874457],[6.763308355074004,7.781110945116657]],[[6.763428397759747,7.781172308751613],[6.763426696226659,7.781895417007897],[6.763170570625142,7.781383770661203],[6.763308355074004,7.781110945116657],[6.763428397759747,7.781172308751613]],[[6.763372531244331,7.780710091220309],[6.763530631799636,7.780869454420927],[6.763309313539523,7.780930170874457],[6.763372531244331,7.780710091220309]],[[6.765261140736128,7.781363902763925],[6.765482459251495,7.781303185276781],[6.765419242381402,7.781523265527481],[6.765261140736128,7.781363902763925]],[[6.764471992111787,7.780877683479763],[6.764125499592657,7.780832841295881],[6.7637772753876115,7.78087417548084],[6.763592411533405,7.780707217826803],[6.7642194205560955,7.780211852034634],[6.764471992111787,7.780877683479763]],[[6.762492015993776,7.778107231188863],[6.76259963129197,7.778033959945872],[6.762523117628414,7.778502055324838],[6.762274230899876,7.779084407585513],[6.762376918779654,7.779552857771313],[6.7616478304263685,7.779160160571892],[6.761573160506002,7.778819514777236],[6.7621183925140365,7.77804075647168],[6.762326098236223,7.778344213615378],[6.762492015993776,7.778107231188863]],[[6.762737946744632,7.7786389106603515],[6.762959263704616,7.778578194180923],[6.762896046439087,7.778798273823302],[6.762737946744632,7.7786389106603515]],[[6.75624222335742,7.768471612930149],[6.756670133015945,7.768240606434975],[6.756580990018834,7.768643527654221],[6.75624222335742,7.768471612930149]],[[6.757516037870191,7.7679231491302785],[6.75735794368222,7.767763785624706],[6.7575792544603015,7.767703070521052],[6.757516037870191,7.7679231491302785]],[[6.755166022181107,7.767447856531557],[6.754833538094276,7.767568519928817],[6.75500886612264,7.767215216166681],[6.754536311325969,7.767076489520584],[6.7546840829308135,7.766783886345872],[6.7549268563418385,7.766665121138569],[6.755620809580977,7.766547327002455],[6.755166022181107,7.767447856531557]],[[6.75428598629718,7.766877936624201],[6.754482009985988,7.767588067596702],[6.753882421177662,7.767894705711081],[6.75407673892816,7.767218840678547],[6.753833473370058,7.767061696215897],[6.753959091973107,7.766780054275159],[6.753671865602368,7.766854012649605],[6.753453692081755,7.76740942733934],[6.752609936257572,7.768113843415348],[6.753053995429081,7.767052123679494],[6.752689397444291,7.766954118222658],[6.752763993379342,7.7668475730016],[6.75348393208165,7.76635740150739],[6.754250833927348,7.766165423118999],[6.754609809085231,7.765934969797766],[6.754686963959801,7.766241566464961],[6.754918621564797,7.766333179786622],[6.754686003639843,7.7664223397602345],[6.7546840829308135,7.766783886345872],[6.75428598629718,7.766877936624201]],[[6.752610572028064,7.767238142116459],[6.752374572107918,7.76781485054317],[6.752515384638983,7.768657315976654],[6.752084728952643,7.768434123533131],[6.75189741789799,7.7673134482756785],[6.75224903809579,7.767055451371069],[6.752410938729508,7.766840762258711],[6.752689397444291,7.766954118222658],[6.752610572028064,7.767238142116459]],[[6.756642545223396,7.765952222297718],[6.756863854973162,7.765891507320853],[6.756800638582641,7.766111585811734],[6.756642545223396,7.765952222297718]],[[6.7530576588755045,7.765871396989661],[6.752876411695731,7.765870438506128],[6.752883138382361,7.764605026949427],[6.75306438502069,7.764605985274927],[6.753065345806361,7.76442521216622],[6.753149745426253,7.76432854416845],[6.753363094144095,7.764147172546269],[6.753254277227192,7.762979985282336],[6.753256198205882,7.762618438988371],[6.75325715866065,7.762437665838924],[6.753438404417104,7.7624386237392695],[6.753733022602001,7.761281672534451],[6.7538076169135035,7.7611751267422795],[6.753575962231228,7.761083513671085],[6.753808576951947,7.760994353511931],[6.753900429049937,7.760763304815674],[6.753989822159037,7.760995311000377],[6.753988862197899,7.761176084253293],[6.754170107505338,7.761177041687201],[6.754169147598466,7.761357814961049],[6.7541662677396035,7.761900134772655],[6.75398502212292,7.7618991772484875],[6.753982141824733,7.762441496977581],[6.754268698239618,7.762524854399242],[6.754593187360881,7.7649472598715645],[6.754330231263286,7.765155011183612],[6.754066605345071,7.765797977181741],[6.7534866035983505,7.766031167425967],[6.752839788168899,7.76641566322455],[6.7530576588755045,7.765871396989661]],[[6.756283888102416,7.765227214289784],[6.756505197440235,7.765166499404276],[6.75644198109504,7.7653865778263285],[6.756283888102416,7.765227214289784]],[[6.755911672290893,7.762852878130836],[6.755753580229086,7.762693514707196],[6.755974888131745,7.76263279973421],[6.755911672290893,7.762852878130836]],[[6.755796520023171,7.762089522490198],[6.755634782812081,7.762704577846663],[6.755358406073084,7.762387820949706],[6.755796520023171,7.762089522490198]],[[6.755618152194305,7.761546245289496],[6.755681367784615,7.7613261669119495],[6.75583945944785,7.761485530218051],[6.755618152194305,7.761546245289496]],[[6.755543375265757,7.76195667365068],[6.7553820567643985,7.761645544736534],[6.755618152194305,7.761546245289496],[6.755543375265757,7.76195667365068]],[[6.7522887195784405,7.758972417224129],[6.752796529922854,7.758739274890167],[6.752990341826402,7.759598223102274],[6.752546584559213,7.759722237381158],[6.7528061923325895,7.759059113794434],[6.752451985784038,7.759101156591253],[6.7522887195784405,7.758972417224129]],[[6.752615090898182,7.759834454831904],[6.752850381216374,7.759980776550314],[6.752548187884971,7.760881073119745],[6.752721106193436,7.760988606962],[6.75279080125457,7.760877119940466],[6.753153493517318,7.760840975560235],[6.752843569585566,7.761815185670136],[6.752716303451458,7.761892472420084],[6.752305849672266,7.762876218458524],[6.751905316640908,7.762596445339455],[6.752072208352712,7.762331048784743],[6.752433508554193,7.762369712854072],[6.752146079031285,7.761988210391909],[6.7517096742593,7.7621499534025205],[6.7513603572924605,7.762347056497267],[6.751166293220238,7.762326290420478],[6.75099812950145,7.7625260395897735],[6.750806796317804,7.7625055691408695],[6.749623053478477,7.762761836902071],[6.749905706168801,7.762121132773707],[6.750275071095691,7.762160657764685],[6.75057941903344,7.761799145691589],[6.7506412507919045,7.761967115017762],[6.750602766454406,7.762324875704456],[6.751380050623031,7.761742314585702],[6.7513397839418525,7.761326452326034],[6.751535156297232,7.760883584199657],[6.751901109976974,7.760254059427448],[6.752090192329623,7.759424405527274],[6.752266771222241,7.759638732999802],[6.752546584559213,7.759722237381158],[6.752615090898182,7.759834454831904]],[[6.751089901612073,7.7609799819324286],[6.751026683930199,7.761200058960921],[6.750868594672962,7.7610406944109664],[6.751089901612073,7.7609799819324286]],[[6.748653794314538,7.76207549460153],[6.74945388919972,7.76187521408182],[6.749378331781382,7.762162531426379],[6.748832684978366,7.7628496516753165],[6.748653794314538,7.76207549460153]],[[6.757739706960694,7.7601440576098],[6.758164216893505,7.759932669289651],[6.758564263518776,7.759361248791007],[6.758849328690336,7.75977774607341],[6.759471416825186,7.759378354056572],[6.759321516960977,7.760029158590205],[6.759450469741765,7.760617424946424],[6.759015065543427,7.760517657144937],[6.758599321211827,7.760784570759138],[6.758524791704152,7.760296127869224],[6.757866038721527,7.76061954946523],[6.757739706960694,7.7601440576098]],[[6.755623907717475,7.7604616045488175],[6.755560692358355,7.76068168295444],[6.755402601043746,7.760522319655014],[6.755623907717475,7.7604616045488175]],[[6.7557050376919605,7.760361646847198],[6.755907186310369,7.760201928544456],[6.756194268326146,7.759848214266623],[6.756430227737895,7.760326027881277],[6.755623907717475,7.7604616045488175],[6.7557050376919605,7.760361646847198]],[[6.753813376798497,7.760090487335319],[6.7537501606848425,7.76031056522143],[6.753592070345288,7.760151201480369],[6.753813376798497,7.760090487335319]],[[6.753087437514237,7.760267430210224],[6.753024221000598,7.76048750787092],[6.7528661309654625,7.760328143920276],[6.753087437514237,7.760267430210224]],[[6.756164417125032,7.759272845607003],[6.7559206636530265,7.758900033184019],[6.7565406793638685,7.758477877607651],[6.756656056245243,7.75875597107281],[6.756164417125032,7.759272845607003]],[[6.752291136518769,7.763463051605646],[6.752401115012957,7.763210429070453],[6.752528332670795,7.763156925693011],[6.75245957008854,7.763746363973749],[6.751927821823622,7.763615851847743],[6.752291136518769,7.763463051605646]],[[6.752591550220657,7.762936848319606],[6.752749640816136,7.763096212603966],[6.752528332670795,7.763156925693011],[6.752591550220657,7.762936848319606]],[[6.750354344548622,7.762964647304159],[6.750291125920656,7.763184724009592],[6.750133036492422,7.763025359066351],[6.750354344548622,7.762964647304159]],[[6.752033463125316,7.766122069123688],[6.7525129562031845,7.766049294335317],[6.752436437852405,7.766517385568325],[6.751559740364721,7.766839292677028],[6.752033463125316,7.766122069123688]],[[6.752576174626486,7.7658292171178145],[6.752734265983571,7.765988581695831],[6.7525129562031845,7.766049294335317],[6.752576174626486,7.7658292171178145]],[[6.750683936721164,7.766424050261898],[6.75124422637188,7.766042581551949],[6.751355185749984,7.766503698015162],[6.75090147898865,7.767081227974741],[6.7505510477082575,7.767000922312133],[6.750683936721164,7.766424050261898]],[[6.755548339730008,7.767211893156433],[6.7557696501856865,7.767151178986684],[6.755706432894634,7.767371257086101],[6.755548339730008,7.767211893156433]],[[6.7503120052233445,7.770918648197028],[6.750311042446608,7.771099420907408],[6.750673540671499,7.771101341268524],[6.7506725780264984,7.771282114022438],[6.7509151659696185,7.771492815131889],[6.751104967257363,7.773912408868632],[6.751198035542523,7.774719677351307],[6.7511970726682735,7.7749004501399765],[6.751183590005952,7.777431269007303],[6.751546093882473,7.777433190177823],[6.75154416772856,7.777794735794232],[6.751181663542136,7.777792814533341],[6.751178773673349,7.778335132809908],[6.751177810337601,7.778515905565451],[6.751359062729182,7.77851686632491],[6.751358099447844,7.778697639101408],[6.751357136143435,7.778878411876253],[6.751356172815951,7.779059184649464],[6.751174920191908,7.779058223822222],[6.750993667590879,7.779057262917692],[6.750992704085339,7.779238035644039],[6.7508114514299145,7.779237074639626],[6.750445091005418,7.779958243016569],[6.750444127151989,7.780139015666804],[6.750262874178325,7.780138054317504],[6.75025709010795,7.781222690048756],[6.750256126015422,7.781403462664819],[6.750074872522306,7.781402501079987],[6.750072944112962,7.781764046261972],[6.750254197761111,7.781765007892015],[6.750253233599325,7.781945780503147],[6.750179098572231,7.782707623880904],[6.749771232029498,7.7818870058673415],[6.749712365605319,7.781400577678393],[6.749531112181431,7.781399615861627],[6.749534005319898,7.78085729827971],[6.749536898250532,7.780314980682912],[6.749718151209366,7.780315942364013],[6.749899404191251,7.780316903967817],[6.749900368300273,7.780136131387016],[6.74971911539589,7.780135169805823],[6.749720079559322,7.779954397246015],[6.74953882675549,7.779953435610134],[6.749539790973331,7.77977266307122],[6.749541719339734,7.779411117988469],[6.749360466791504,7.779410156343131],[6.749361431017561,7.7792293838219],[6.749364323557164,7.778687066248209],[6.7493652876908445,7.778506293720345],[6.749260386805436,7.778070343797267],[6.749188856262566,7.777601469559734],[6.749007604535373,7.7776005079859685],[6.749008568685438,7.777419735493403],[6.749012425054727,7.776696645506589],[6.748831173737985,7.776695683968638],[6.748833101938973,7.77633413901056],[6.748839849914822,7.775068731605127],[6.748841777700035,7.774707186617228],[6.749023028164766,7.774708147906387],[6.74910051790991,7.774059286429545],[6.7493951643805605,7.772902344535934],[6.749396127775258,7.772721571955102],[6.7495773774574825,7.772722532763805],[6.749578340751664,7.7725417601587345],[6.749582193697481,7.7718186697219656],[6.74958315687621,7.771637897108605],[6.749764406117027,7.771638857704427],[6.749766332250388,7.771277312427566],[6.749767295282437,7.771096539786672],[6.749948544314067,7.771097500237459],[6.74994950724562,7.770916727572289],[6.7501307562229504,7.770917687923263],[6.75013171905401,7.770736915233809],[6.7499163252490275,7.770626798665861],[6.750134607408683,7.7701945971556174],[6.7502087836316305,7.769597388388196],[6.750317781399031,7.769834011900057],[6.750499029958119,7.7698349719610045],[6.750498067397276,7.770015744703869],[6.750496142206344,7.770377290184717],[6.75049421692309,7.770738835658931],[6.750312967976998,7.770737875484972],[6.7503120052233445,7.770918648197028]],[[6.745759558137619,7.774871604993295],[6.745958877930761,7.775421979730627],[6.745551307539694,7.775768437709883],[6.744766381195191,7.775435698396767],[6.745759558137619,7.774871604993295]],[[6.746114337284733,7.776319707348665],[6.746025180920523,7.7767226228399515],[6.745686415440951,7.776550699119959],[6.746114337284733,7.776319707348665]],[[6.746203493373118,7.775916791782845],[6.74654225874752,7.7760887150089175],[6.746114337284733,7.776319707348665],[6.746203493373118,7.775916791782845]],[[6.745930190438269,7.7768610609680735],[6.745855397585574,7.777271483880021],[6.74569408467625,7.776960351857094],[6.745930190438269,7.7768610609680735]],[[6.7488196025917135,7.778864953578199],[6.748756143795049,7.779346219552078],[6.748426251070405,7.779465928532032],[6.748693302961736,7.778927837938348],[6.7488196025917135,7.778864953578199]],[[6.7482536533147375,7.783019832210974],[6.748467714093496,7.783129265568451],[6.748142271397808,7.783784996078148],[6.748071434124216,7.7831996419002385],[6.7475410670744225,7.783297711946343],[6.747073627574891,7.784011287089107],[6.746923308191739,7.784184369433466],[6.747262162874849,7.782922074849372],[6.7470727798104,7.782745190262545],[6.747115349658589,7.782384512755779],[6.7478031160248415,7.7827521651678],[6.748137662793715,7.782395884812464],[6.7482536533147375,7.783019832210974]],[[6.746802656671231,7.783192901104522],[6.746608264542001,7.7838090805002675],[6.74635388199087,7.783328504230038],[6.746802656671231,7.783192901104522]],[[6.747471031099669,7.783631282600446],[6.747888249401091,7.7835602237674495],[6.747788539090094,7.783789229775282],[6.747471031099669,7.783631282600446]],[[6.744250599158222,7.785890985735862],[6.744187370729386,7.786111059417842],[6.744029278160978,7.785951690557928],[6.744250599158222,7.785890985735862]],[[6.755282144617052,7.790649789118661],[6.755513814337806,7.790741405877786],[6.755281181497118,7.7908305622808385],[6.755189318797688,7.791061609323099],[6.755099923324976,7.790829601687891],[6.7549792329860825,7.790889692222587],[6.754844094220446,7.791152634747394],[6.754555185493303,7.791007492514904],[6.754373927335691,7.79100653158977],[6.754374890866726,7.790825758542041],[6.754375854374716,7.79064498549266],[6.7543768178596615,7.790464212441639],[6.754379708176224,7.789921893278614],[6.754148039279994,7.789830276093964],[6.754380671568988,7.789741120220929],[6.754381634938707,7.789560347161601],[6.754149966218209,7.789468730033116],[6.754382598285382,7.789379574100638],[6.754384524909597,7.789018027973684],[6.754565782213567,7.789018988650635],[6.754657644449981,7.7887879416937915],[6.754747039540599,7.789019949250195],[6.754978708265557,7.789111566020346],[6.754746076395204,7.789200722359636],[6.754496122900267,7.789398183027865],[6.754924444481195,7.789744002290333],[6.755105702164678,7.789744962825346],[6.755104739082322,7.78992573597327],[6.755223818992079,7.790167875445443],[6.755283107713949,7.790469015954848],[6.755282144617052,7.790649789118661]],[[6.7453197547484125,7.789331439322895],[6.745247149320297,7.789985238827255],[6.744965651492439,7.790121585148659],[6.745192478131223,7.7894087209537615],[6.7453197547484125,7.789331439322895]],[[6.748314512419908,7.790891510841423],[6.749118416579105,7.7907978586956945],[6.748773294327693,7.791639463436728],[6.748212757313803,7.791553807555131],[6.748314512419908,7.790891510841423]],[[6.745002520313002,7.791201075674714],[6.745128824384417,7.791138193658186],[6.745064388027737,7.7918002289682455],[6.744701827354814,7.791806904807758],[6.745002520313002,7.791201075674714]],[[6.744040314523961,7.791313174414572],[6.743977084364847,7.7915332477490145],[6.743818990452725,7.791373878288447],[6.744040314523961,7.791313174414572]],[[6.74313306147737,7.79148911798035],[6.743069830829941,7.791709191034294],[6.7429117373119185,7.791549821315349],[6.74313306147737,7.79148911798035]],[[6.752145587884682,7.792776644020253],[6.751934886284195,7.7926156126220665],[6.752298735429782,7.7923679095773695],[6.7525971473919855,7.791941729034824],[6.752920006066263,7.791721932854055],[6.752751008320889,7.792364489411981],[6.752145587884682,7.792776644020253]],[[6.749468376477158,7.793149826475764],[6.749531357164085,7.7930272889444625],[6.750256874305004,7.792672413381242],[6.750558823865344,7.792613287367475],[6.750409615408293,7.792826379351528],[6.749755302624526,7.793271812672484],[6.749468376477158,7.793149826475764]],[[6.74940514837225,7.793369901335697],[6.74924705133168,7.793210533132181],[6.749468376477158,7.793149826475764],[6.74940514837225,7.793369901335697]],[[6.750485363239422,7.792505957629948],[6.750247749719189,7.792340468442184],[6.750634317518718,7.7920773024873355],[6.751540487004682,7.792367591898453],[6.750558823865344,7.792613287367475],[6.750485363239422,7.792505957629948]],[[6.750200169148015,7.791888271563576],[6.7501386366517595,7.7920079923449475],[6.749729218858392,7.792211829057994],[6.749595097676235,7.79196110180627],[6.750200169148015,7.791888271563576]],[[6.748206332505222,7.791877675450139],[6.748117170446772,7.792280590740693],[6.747778392944953,7.792108664989913],[6.748206332505222,7.791877675450139]],[[6.743042566903479,7.792992164794636],[6.742697713359332,7.792182982657132],[6.742948898933288,7.792030466953569],[6.743040767954417,7.79179942455597],[6.743130156101098,7.792031432891411],[6.743361821942565,7.792123055760805],[6.74312918759602,7.79221220452507],[6.743042566903479,7.792992164794636]],[[6.747259010560351,7.792115297876326],[6.747480335072893,7.7920545921745745],[6.747417106342334,7.792274666498144],[6.747259010560351,7.792115297876326]],[[6.746022535182466,7.793493053291993],[6.746243198196789,7.793556110684422],[6.746083405941929,7.793713787713691],[6.746022535182466,7.793493053291993]],[[6.74558929363663,7.793367014359322],[6.745898205486812,7.793050445249719],[6.746022535182466,7.793493053291993],[6.74558929363663,7.793367014359322]],[[6.742942118367961,7.793295868195839],[6.742780338760732,7.793910909033692],[6.742503958984276,7.793594141088843],[6.742942118367961,7.793295868195839]],[[6.745004449237207,7.794647771199477],[6.744989588406666,7.795551574276823],[6.74518473983625,7.794829508448656],[6.745469317596331,7.794499294109943],[6.7452550422020074,7.795551181445681],[6.744998640724344,7.795732399491728],[6.744739791886769,7.796088544387287],[6.7444057669230855,7.795618481357192],[6.744527337328699,7.795021695736474],[6.744429551117071,7.79451392025004],[6.744795220753577,7.7939462231940455],[6.744933050723061,7.793848806540913],[6.745227112939052,7.794302088958097],[6.745004449237207,7.794647771199477]],[[6.748007676280995,7.79513061189393],[6.747826417168609,7.795129647661672],[6.747827384025277,7.79494887546552],[6.747460192264999,7.794792758104659],[6.746833781705419,7.795687341656035],[6.746665456608771,7.795006561682958],[6.747399628287776,7.7945067715597265],[6.747326024429327,7.794170931278777],[6.747589883582669,7.793771494648867],[6.748377926917706,7.793686361967607],[6.748376960455753,7.793867134243223],[6.748269338883657,7.793940399964672],[6.748120131630581,7.794153485162021],[6.747897892770475,7.794304778848826],[6.7480096098159095,7.794769067454735],[6.748687278329245,7.794599463277637],[6.7486237362215595,7.794309554886895],[6.748789762382838,7.794157046067051],[6.748998115520197,7.794721527690305],[6.7497184428609724,7.794128881410121],[6.750053466670244,7.793982985587223],[6.74964190750332,7.7945969692271],[6.749400523662149,7.794717146058589],[6.7492774569500975,7.794956586974055],[6.748607556803303,7.795040379480221],[6.748139617629941,7.795576258990294],[6.748007676280995,7.79513061189393]],[[6.748472442650582,7.7931083249206905],[6.748998008154703,7.79326423481498],[6.748377926917706,7.793686361967607],[6.748472442650582,7.7931083249206905]],[[6.748597624355541,7.793930190563075],[6.7484378325455445,7.794087868690538],[6.748376960455753,7.793867134243223],[6.748597624355541,7.793930190563075]],[[6.750053438748859,7.79467156564356],[6.7497414652252745,7.794832451852936],[6.74964190750332,7.7945969692271],[6.750053438748859,7.79467156564356]],[[6.750115015297524,7.794892116290159],[6.750254422866286,7.7946691470034075],[6.750592381642749,7.794533097530221],[6.750308133964547,7.795426438768886],[6.7500683341511944,7.795572046166927],[6.749797984600244,7.796004449457268],[6.749377791803948,7.795871468017436],[6.749271659191018,7.796041221211836],[6.7496306826307535,7.796224759909299],[6.749493368461807,7.7965014192327216],[6.749750356965912,7.796827606400625],[6.7498096411243145,7.797128746741703],[6.748839943338116,7.796912398183522],[6.749181523482783,7.79720907330768],[6.749365271573618,7.797625712375583],[6.749624515358967,7.797850872634961],[6.749549911035701,7.797957418125299],[6.749334665623499,7.798103944103883],[6.748942860179432,7.798663485112827],[6.74816959653621,7.7987470205280065],[6.748301979224087,7.798243724193569],[6.748789523377047,7.798355453141798],[6.7486437857259585,7.797919491844835],[6.7484301199024035,7.797770684591547],[6.748283198964647,7.797556018701927],[6.74817636619581,7.797481615035771],[6.748473551336279,7.796855616963353],[6.74836342756212,7.796397945927695],[6.748074047906303,7.796539486965126],[6.747940527236908,7.79630016847913],[6.748364394347582,7.796217173675273],[6.748487462077724,7.795977733291999],[6.748849539205996,7.795797469190684],[6.748911072878691,7.795677748879146],[6.748729813417795,7.795676784966274],[6.748732712961609,7.795134468048481],[6.749276490714664,7.79513735935118],[6.7492774569500975,7.794956586974055],[6.750115015297524,7.794892116290159]],[[6.75003030700932,7.797191805612491],[6.749870514021159,7.797349478542049],[6.7498096411243145,7.797128746741703],[6.75003030700932,7.797191805612491]],[[6.749687744689249,7.797630800702706],[6.749845843154883,7.797790163715339],[6.749624515358967,7.797850872634961],[6.749687744689249,7.797630800702706]],[[6.748106366141149,7.798967091948194],[6.747948268206523,7.798807728355017],[6.74816959653621,7.7987470205280065],[6.748106366141149,7.798967091948194]],[[6.748175399170912,7.797662387253915],[6.747631618571725,7.797659493606744],[6.747632585829662,7.797478721456485],[6.74817636619581,7.797481615035771],[6.748175399170912,7.797662387253915]],[[6.747700126639464,7.7977717130547575],[6.7482063411171955,7.79794677088942],[6.74802902317851,7.798272862898528],[6.747198572250691,7.797922432207624],[6.747631618571725,7.797659493606744],[6.747700126639464,7.7977717130547575]],[[6.7463753776007565,7.79530270302883],[6.746213601021203,7.795917746340019],[6.74593721851345,7.795600979558206],[6.7463753776007565,7.79530270302883]],[[6.746332407523561,7.795906691359206],[6.746553734196968,7.795845984001418],[6.746490503897231,7.79606605509085],[6.746332407523561,7.795906691359206]],[[6.746041667832771,7.797364948371214],[6.746262258071527,7.7962820643475235],[6.746551799142089,7.796207528058493],[6.746391798000166,7.796590016726713],[6.74650979920303,7.797202745716825],[6.746041667832771,7.797364948371214]],[[6.740206763866758,7.796354478633463],[6.740143530365848,7.796574547797913],[6.739985436943282,7.796415182329588],[6.740206763866758,7.796354478633463]],[[6.740207734147192,7.796173707400957],[6.7405702513823424,7.796175642566077],[6.740571221484259,7.795994871286586],[6.741114997277898,7.795997773385235],[6.741112087601572,7.796540087423162],[6.740568311108947,7.796537185120222],[6.740569281257238,7.79635641384399],[6.740206763866758,7.796354478633463],[6.740207734147192,7.796173707400957]],[[6.741617735599685,7.796243117848361],[6.741839062435668,7.796182413204079],[6.741775829770395,7.796402482866079],[6.741617735599685,7.796243117848361]],[[6.7394807587498375,7.796531378422882],[6.739048089458582,7.797315321262153],[6.738862100452033,7.7966861980627185],[6.7394807587498375,7.796531378422882]],[[6.7396071561420365,7.796632598132465],[6.739843276110105,7.796533314298506],[6.7397684686074975,7.796943735844749],[6.7396071561420365,7.796632598132465]],[[6.741615796208362,7.796604660663779],[6.7418371232495975,7.796543956075963],[6.741773890474639,7.796764025718341],[6.741615796208362,7.796604660663779]],[[6.747416094679156,7.796635568538494],[6.747637421772616,7.796574860680214],[6.747574191774417,7.79679493205528],[6.747416094679156,7.796635568538494]],[[6.74219479361865,7.797449747315086],[6.74213156074303,7.797669817016856],[6.741973466060913,7.797510451966121],[6.74219479361865,7.797449747315086]],[[6.7463227302979325,7.797714411296621],[6.746544057997504,7.7976537042206004],[6.746480827149901,7.797873775212294],[6.7463227302979325,7.797714411296621]],[[6.746903675251718,7.79819795049509],[6.746840444413322,7.7984180215657775],[6.746682347241049,7.798258657691055],[6.746903675251718,7.79819795049509]],[[6.746966905993581,7.797977879394019],[6.747125003229221,7.798137243164901],[6.746903675251718,7.79819795049509],[6.746966905993581,7.797977879394019]],[[6.745088167968373,7.798730611665222],[6.744962609823459,7.798208777164065],[6.745445591059669,7.798319464778055],[6.7452694282873,7.798731577512322],[6.745177557728486,7.798962623000059],[6.745088167968373,7.798730611665222]],[[6.747184227393896,7.798761322112845],[6.747445521393362,7.798562389516051],[6.747610147725997,7.798986664649309],[6.747184227393896,7.798761322112845]],[[6.7501634656397105,7.798757626094771],[6.749942798960431,7.798694567057989],[6.750102592584895,7.7985368942481985],[6.7501634656397105,7.798757626094771]],[[6.750534092031125,7.79848572119964],[6.751038158448614,7.79764235926484],[6.751516182918887,7.797534616358374],[6.751099445821908,7.79819824207819],[6.751376867726983,7.7988972729374755],[6.75079753471729,7.7993222941325095],[6.750707248607491,7.798760516894874],[6.750271578050755,7.798973613556948],[6.7501634656397105,7.798757626094771],[6.750534092031125,7.79848572119964]],[[6.751610656814734,7.799307651248716],[6.751710371402167,7.7990786449498986],[6.752027891887788,7.79923659261501],[6.751610656814734,7.799307651248716]],[[6.751547427905047,7.7995277236673335],[6.751389328147499,7.799368360933364],[6.751610656814734,7.799307651248716],[6.751547427905047,7.7995277236673335]],[[6.752842126010325,7.799033451629571],[6.753243940192099,7.798954770913898],[6.753178207810424,7.79980193991699],[6.752782565966388,7.799992042164841],[6.7522725659539,7.799731326875628],[6.752404828197093,7.79934773585567],[6.752624785398063,7.799456315519641],[6.752842126010325,7.799033451629571]],[[6.748888837921237,7.799835511939869],[6.748585242009914,7.800269074222661],[6.748270175305209,7.799990344933582],[6.748888837921237,7.799835511939869]],[[6.755234924649085,7.799507672115994],[6.755298151780237,7.799287598595693],[6.755456253415903,7.799446960281034],[6.755234924649085,7.799507672115994]],[[6.755111858590457,7.799747115226337],[6.754870472041394,7.7998672947572505],[6.754606140395779,7.80032783673648],[6.753922598446797,7.800610828353781],[6.754311389450824,7.799617898402809],[6.755234924649085,7.799507672115994],[6.755111858590457,7.799747115226337]],[[6.74707332304132,7.800368180298738],[6.747010091632252,7.800588251306254],[6.746851993797295,7.800428887258869],[6.74707332304132,7.800368180298738]],[[6.750073022261421,7.800904780939574],[6.75051632478969,7.80056727830296],[6.750410040838876,7.801171712399597],[6.750073022261421,7.800904780939574]],[[6.7535577111248335,7.800645324633568],[6.753779040528759,7.8005846139189785],[6.753715812278163,7.800804686918087],[6.7535577111248335,7.800645324633568]],[[6.748340217778551,7.800736479487458],[6.748276986867772,7.800956550854307],[6.748118888318132,7.800797187107003],[6.748340217778551,7.800736479487458]],[[6.754149282957382,7.799140355003734],[6.754285032413631,7.799416388565047],[6.754066851230404,7.799742981786162],[6.753906476768824,7.799261240911273],[6.754149282957382,7.799140355003734]],[[6.751646742274923,7.797613183766278],[6.751982494552912,7.797565522077706],[6.75225946122442,7.797607845795523],[6.752787383349571,7.797404096372586],[6.753071363749316,7.797326853042844],[6.752960997735304,7.79771413586107],[6.75221556105359,7.798281673247663],[6.751638449126157,7.799019182321331],[6.751746777773096,7.798314096719273],[6.751646742274923,7.797613183766278]],[[6.7510774974191445,7.797316263101206],[6.751014268851038,7.797536335464939],[6.7508561698853455,7.797376972788508],[6.7510774974191445,7.797316263101206]],[[6.750715942459348,7.7971335641120785],[6.7506411447405545,7.797543990570641],[6.750479824320175,7.797232854659163],[6.750715942459348,7.7971335641120785]],[[6.751079428867762,7.796954717933008],[6.751168590541862,7.796551801573402],[6.751507373265068,7.796723725990598],[6.751079428867762,7.796954717933008]],[[6.7510162004091185,7.797174790316314],[6.750858101539174,7.797015427676588],[6.751079428867762,7.796954717933008],[6.7510162004091185,7.797174790316314]],[[6.752638871799321,7.796831491762632],[6.7524775498051515,7.7965203562607766],[6.752713667343876,7.7964210643467835],[6.752638871799321,7.796831491762632]],[[6.753004287195349,7.796291097961717],[6.7528429649838415,7.795979962573955],[6.7530790821548115,7.795880670342711],[6.753004287195349,7.796291097961717]],[[6.752171816929947,7.796056631528634],[6.7520721037503035,7.79628563824184],[6.751754585149534,7.796127691219301],[6.752171816929947,7.796056631528634]],[[6.75300718146746,7.79574877946021],[6.752845859346701,7.795437644124814],[6.753081976176386,7.795338351802809],[6.75300718146746,7.79574877946021]],[[6.752358866822589,7.794972957472128],[6.752427231552858,7.79449663236766],[6.752854963887762,7.793990652381366],[6.7526852347357424,7.793534231774424],[6.752993432786454,7.793651965128695],[6.753153369211161,7.794294336246657],[6.752661493929495,7.794570588696674],[6.752875483732947,7.795146039852123],[6.7522815110999,7.7954796273931235],[6.751929226768195,7.795214253006984],[6.752358866822589,7.794972957472128]],[[6.749465478627422,7.793692143719676],[6.749390681340756,7.79410256708671],[6.749229362557722,7.793791434049936],[6.749465478627422,7.793692143719676]],[[6.752000207719637,7.794247941811827],[6.752135172355299,7.794522385006821],[6.7519382290915715,7.794850676305188],[6.751668990934356,7.794312799699736],[6.752000207719637,7.794247941811827]],[[6.745296534925659,7.793669965198384],[6.745233304661307,7.793890038784624],[6.745075209509522,7.793730669420791],[6.745296534925659,7.793669965198384]],[[6.745837406781259,7.794215176243118],[6.745762605899859,7.794625597922734],[6.745601290107428,7.794314464217754],[6.745837406781259,7.794215176243118]],[[6.746688841351819,7.794320253561319],[6.746924957946902,7.794220964907231],[6.746850158068671,7.794631387081717],[6.746688841351819,7.794320253561319]],[[6.755545634369808,7.792227434344214],[6.755635030191698,7.792459442025467],[6.755866700928052,7.792551058889387],[6.755634066996662,7.79264021521618],[6.755542203789874,7.792871262259596],[6.755452808002213,7.7926392545525305],[6.755453771274878,7.792458481384371],[6.755545634369808,7.792227434344214]],[[6.7549157752121465,7.791370960358816],[6.755097033594114,7.791371921096839],[6.755458587292687,7.7915546155187325],[6.755550450046054,7.7913235684115625],[6.755639845821384,7.791555576047072],[6.755871516118214,7.791647192770728],[6.755638882741512,7.791736349246069],[6.755274046261927,7.792169678266024],[6.754913848454475,7.791732506578012],[6.75449302094891,7.791639886548829],[6.754914811844831,7.791551733469233],[6.7549157752121465,7.791370960358816]],[[6.749439899415713,7.791042227462228],[6.7496612233322315,7.79098152036599],[6.749597995970803,7.791201595397141],[6.749439899415713,7.791042227462228]],[[6.750832352538041,7.801859283334332],[6.751608270606866,7.801390028066233],[6.751321320900643,7.801923945343411],[6.751232676384726,7.802198085941469],[6.750956863223566,7.80228356302378],[6.750295985111693,7.80262783348564],[6.750832352538041,7.801859283334332]],[[6.751710325263305,7.801952563228],[6.752306886451803,7.8014688588102405],[6.752926259172813,7.80123591278803],[6.752739353912165,7.801769438892326],[6.753029462964859,7.801943049520282],[6.752569585828649,7.8020916977788985],[6.752500549177236,7.802385602524306],[6.753156124910717,7.802458008180887],[6.753392058327834,7.802844471058071],[6.752610831722454,7.803105355359865],[6.752426014671538,7.803400950831769],[6.752132227626685,7.803468312047334],[6.7518314400508865,7.80449762030701],[6.752223276851983,7.804451127055042],[6.752388451696609,7.80452597840335],[6.752018457550948,7.804818247189323],[6.752123532100972,7.8050952659341295],[6.75235520769712,7.805186886434513],[6.7521225658160935,7.805276038579944],[6.7516825325069245,7.805922974443997],[6.751345376796313,7.806068852133775],[6.751577428769902,7.805061724235642],[6.750944725289588,7.80519964977356],[6.750450448374549,7.805086379034897],[6.75031379501466,7.804543308242804],[6.750132531561369,7.804542343841912],[6.7500396519002495,7.804962041015551],[6.749951268131189,7.804541379363475],[6.749952235256802,7.8043606069822085],[6.750133498609229,7.8043615714380365],[6.750134465633999,7.804180799032547],[6.750315728931789,7.804181763388225],[6.75031669585572,7.804000990958406],[6.750430227229256,7.803550406753933],[6.750387736623087,7.803356532231059],[6.750717071843593,7.803132336713462],[6.7509408906105906,7.802812702927952],[6.751048514611067,7.802739439827419],[6.751111015718265,7.802438946800791],[6.751232676384726,7.802198085941469],[6.751710325263305,7.801952563228]],[[6.750137366569756,7.803638481805963],[6.750074135651203,7.80385855355763],[6.7499160354509895,7.803699189997727],[6.750137366569756,7.803638481805963]],[[6.7506705206180575,7.805629871607172],[6.750607289357716,7.805849943413791],[6.75044918836491,7.805690579796368],[6.7506705206180575,7.805629871607172]],[[6.754656403154102,7.806012614288929],[6.754435731631446,7.805949556343037],[6.754595527593233,7.805791882189088],[6.754656403154102,7.806012614288929]],[[6.754757491023715,7.805932761498102],[6.75518847612178,7.805401837849738],[6.755659346654867,7.804637903164526],[6.755906211531034,7.8049487205139005],[6.755654904989967,7.806879690946973],[6.75547583172134,7.806449488567556],[6.755112647192597,7.806659812275702],[6.754917659912841,7.806634574112102],[6.754120591678081,7.807263405444807],[6.753830391689278,7.80794012570382],[6.753235624956708,7.80786313188385],[6.753367482096681,7.806850057470184],[6.753747183069371,7.806550118428813],[6.754122345267802,7.805927429498143],[6.754454983725316,7.806620586380867],[6.754656403154102,7.806012614288929],[6.754757491023715,7.805932761498102]],[[6.7526605611458885,7.806363565508391],[6.752579766804668,7.806958790341934],[6.752416075564938,7.806490335120495],[6.7526605611458885,7.806363565508391]],[[6.755735306979099,7.807645346722094],[6.756148904589463,7.807054686599471],[6.756353982047816,7.807490505271],[6.755735306979099,7.807645346722094]],[[6.755646144013836,7.808048264426623],[6.75530735084415,7.807876340335524],[6.755735306979099,7.807645346722094],[6.755646144013836,7.808048264426623]],[[6.758091760148913,7.807657851615721],[6.758321392172678,7.807757295534474],[6.758163016469274,7.808073962690293],[6.758091760148913,7.807657851615721]],[[6.757841404598533,7.807815824766448],[6.758026753514939,7.8084872710639885],[6.757613516664103,7.808629768304082],[6.757542176927155,7.80873960680578],[6.757954517484373,7.808859550351768],[6.756792585710026,7.810292717818626],[6.756199392307988,7.810215934069144],[6.75608336211542,7.810358868016136],[6.756399539544133,7.810406533174539],[6.756665171494417,7.8106650676427964],[6.755946029734078,7.810765681334535],[6.755898234017351,7.811080997651359],[6.7554090241139875,7.810989314691608],[6.755479561674778,7.810168626824757],[6.754899723932273,7.809906891717498],[6.75495491677453,7.809264721527015],[6.755924221240363,7.808979285625624],[6.756587393763435,7.80726403342054],[6.757648675043092,7.807029499178176],[6.757950128554777,7.806365274716732],[6.7583628188443665,7.806552594531317],[6.757991703357688,7.807207733222938],[6.758194359724088,7.807383735825732],[6.758091760148913,7.807657851615721],[6.757841404598533,7.807815824766448]],[[6.756399438745007,7.811238265431998],[6.756106371416283,7.812039367539594],[6.755444741029013,7.812093849310249],[6.755898234017351,7.811080997651359],[6.756399438745007,7.811238265431998]],[[6.7583735723832215,7.806447896223634],[6.75882549597831,7.806034735449871],[6.7586695428575325,7.806826503077993],[6.7583735723832215,7.806447896223634]],[[6.756105556326392,7.806201086393361],[6.756042327509524,7.806421159792923],[6.7558842237203285,7.806261797566954],[6.756105556326392,7.806201086393361]],[[6.7562467535686945,7.806263721783624],[6.756468086177668,7.806203010405466],[6.756404857534716,7.806423083913108],[6.7562467535686945,7.806263721783624]],[[6.751550734834663,7.810515551240138],[6.751461566710253,7.810918466696937],[6.751122774232837,7.810746539098054],[6.751550734834663,7.810515551240138]],[[6.751910366033543,7.811059797929789],[6.752131039266199,7.811122857836709],[6.751971240045038,7.811280530182162],[6.751910366033543,7.811059797929789]],[[6.751689692897444,7.810996737926162],[6.75184949205539,7.81083906568477],[6.751910366033543,7.811059797929789],[6.751689692897444,7.810996737926162]],[[6.752594396494912,7.811306100573696],[6.752815731951272,7.811245392028081],[6.752752500036548,7.81146546418139],[6.752594396494912,7.811306100573696]],[[6.751726197897272,7.811601151046026],[6.751662965351083,7.811821222855183],[6.751504862244278,7.81166185892123],[6.751726197897272,7.811601151046026]],[[6.758922024661593,7.811739928798912],[6.759158151285463,7.811640635344817],[6.759083354756929,7.812051064648052],[6.758922024661593,7.811739928798912]],[[6.758505598803627,7.811021002474537],[6.758615312796138,7.8114569772742914],[6.758148191683826,7.811568773607729],[6.757998684019731,7.811227111809978],[6.758505598803627,7.811021002474537]],[[6.758796580288652,7.811457938886353],[6.758704711543882,7.811688988512522],[6.758615312796138,7.8114569772742914],[6.758796580288652,7.811457938886353]],[[6.758877368842139,7.810862710724672],[6.759041068317766,7.811331165880966],[6.758796580288652,7.811457938886353],[6.758877368842139,7.810862710724672]],[[6.760909527248982,7.811508773068756],[6.7607514197278125,7.811349411634277],[6.760972755248587,7.811288698483184],[6.760909527248982,7.811508773068756]],[[6.757491290330105,7.809979308449242],[6.757717656761561,7.80982520839207],[6.757826370119397,7.810276975493717],[6.757745783790484,7.810626745377123],[6.758024889394414,7.810821120011216],[6.757646731889749,7.811078549167943],[6.7573409536581535,7.810631813016709],[6.757491290330105,7.809979308449242]],[[6.752451788471189,7.804074229799701],[6.7526731198167225,7.804013520232375],[6.752609890005092,7.804233592721796],[6.752451788471189,7.804074229799701]],[[6.757387907143281,7.8036769928429655],[6.757451134489594,7.803456918898451],[6.757609238288531,7.803616280426484],[6.757387907143281,7.8036769928429655]],[[6.757324679700572,7.803897066757097],[6.757166575964672,7.803737705125141],[6.757387907143281,7.8036769928429655],[6.757324679700572,7.803897066757097]],[[6.7496042150662845,7.801647092598094],[6.749966739369792,7.801649021064074],[6.749965772590576,7.801829793470239],[6.749603248131624,7.801827864959039],[6.7496042150662845,7.801647092598094]],[[6.7500299696762935,7.801428949228674],[6.750188069324325,7.801588312530777],[6.749966739369792,7.801649021064074],[6.7500299696762935,7.801428949228674]],[[6.749374322615578,7.802239155943911],[6.74917605543953,7.801917136550244],[6.749603248131624,7.801827864959039],[6.749374322615578,7.802239155943911]],[[6.75717235917151,7.8026530653786805],[6.757393689734149,7.802592352928225],[6.757330462619498,7.802812426900801],[6.75717235917151,7.8026530653786805]],[[6.757579771058516,7.801689447225561],[6.757642997716545,7.801469373119937],[6.757801101076019,7.801628734398415],[6.757579771058516,7.801689447225561]],[[6.757480058247147,7.801918455615977],[6.757162532804598,7.801760510907344],[6.757579771058516,7.801689447225561],[6.757480058247147,7.801918455615977]],[[6.758970502440972,7.801194112336024],[6.7588123986297965,7.801034751412534],[6.75903372828169,7.8009740377897945],[6.758970502440972,7.801194112336024]],[[6.759528435806013,7.799992531863555],[6.7597645549886645,7.799893236107463],[6.759689764384401,7.8003036664887215],[6.759528435806013,7.799992531863555]],[[6.753712400842844,7.8130579394682345],[6.753649168815506,7.813278011794554],[6.7534910643512465,7.813118648244716],[6.753712400842844,7.8130579394682345]],[[6.753713367419287,7.812877166690651],[6.753714333972674,7.812696393911428],[6.753524024511448,7.812266594339143],[6.754077835201397,7.812517548739044],[6.754169706517283,7.812286500902016],[6.754259102585153,7.812518512426868],[6.754440369991982,7.812519476037069],[6.754621637421881,7.812520439569645],[6.75462067128073,7.812701212463383],[6.754801938811471,7.8127021759408946],[6.754983206365277,7.812703139340778],[6.754982240356755,7.812883912277955],[6.755163508011424,7.812884875622769],[6.755162542057697,7.813065648580863],[6.75516157608093,7.813246421537294],[6.755159644058267,7.813607967445193],[6.754797108149214,7.813606040497468],[6.754615840229264,7.813605076907151],[6.754617772718993,7.813243531134609],[6.754255237259558,7.813241603811325],[6.754256203625534,7.813060830967698],[6.754074936008264,7.813059867212176],[6.753712400842844,7.8130579394682345],[6.753713367419287,7.812877166690651]],[[6.753168598267666,7.813055047270103],[6.753167631434643,7.8132358199783],[6.752986363877858,7.813234855734416],[6.752987330788723,7.813054083048796],[6.753168598267666,7.813055047270103]],[[6.753388306094618,7.813298879600451],[6.753228506147903,7.813456552305851],[6.753167631434643,7.8132358199783],[6.753388306094618,7.813298879600451]],[[6.7528060633328435,7.8130531187498615],[6.752897935471235,7.812822071427169],[6.752987330788723,7.813054083048796],[6.7528060633328435,7.8130531187498615]],[[6.752805096344138,7.813233891412903],[6.7527425925629085,7.8135343844370055],[6.7526209274954345,7.813775244925172],[6.752439659774314,7.813774280380645],[6.752441594178438,7.813412735153215],[6.752442561345896,7.813231962536982],[6.752623828833483,7.813232927013757],[6.75262479590003,7.813052154373296],[6.7528060633328435,7.8130531187498615],[6.752805096344138,7.813233891412903]],[[6.752802195239623,7.813776209392059],[6.752801228158652,7.813956982048455],[6.752619960336617,7.813956017558985],[6.7526209274954345,7.813775244925172],[6.752802195239623,7.813776209392059]],[[6.753021903057177,7.81402004195229],[6.752862102660433,7.814177714396862],[6.752801228158652,7.813956982048455],[6.753021903057177,7.81402004195229]],[[6.7549144523213895,7.813866019621522],[6.755521214169308,7.813790667078912],[6.755397144770175,7.814022570342908],[6.7549144523213895,7.813866019621522]],[[6.755670139551577,7.812407119188103],[6.755891475649469,7.81234640907092],[6.75582824488526,7.81256648208514],[6.755670139551577,7.812407119188103]],[[6.752265162631865,7.812507907591443],[6.752201930072794,7.812727979514183],[6.752043826460444,7.812568615633239],[6.752265162631865,7.812507907591443]],[[6.752328395094391,7.812287835638323],[6.752486498769905,7.8124471994152085],[6.752265162631865,7.812507907591443],[6.752328395094391,7.812287835638323]],[[6.7525876279846955,7.812571509099696],[6.752808964160564,7.812510800750782],[6.752745731862476,7.812730872835845],[6.7525876279846955,7.812571509099696]],[[6.766715965853811,7.814635012254426],[6.766937306034418,7.814574296244028],[6.766874082690048,7.814794372450388],[6.766715965853811,7.814635012254426]],[[6.763853796846033,7.814919539216103],[6.7637905691461375,7.815139614471108],[6.763632459248143,7.814980253445161],[6.763853796846033,7.814919539216103]],[[6.764176268226765,7.8149831328836195],[6.76439760582864,7.8149224183474635],[6.764334378389992,7.8151424937643945],[6.764176268226765,7.8149831328836195]],[[6.753339230194306,7.815044511360857],[6.753275997390517,7.815264583471681],[6.753117892574689,7.8151052196235495],[6.753339230194306,7.815044511360857]],[[6.753149257225276,7.816670501118243],[6.75338093887276,7.816762122887734],[6.753148289930993,7.816851273793202],[6.753147322613649,7.817032046466475],[6.752966053421772,7.817031081748463],[6.75278478425296,7.817030116952778],[6.752783816756787,7.817210889579253],[6.7526025475331615,7.817209924683318],[6.752421278332604,7.817208959709709],[6.752329404311082,7.8174400065372005],[6.752240009155117,7.817207994658434],[6.752240976884934,7.81702722209971],[6.752006043028749,7.816921070218629],[6.752423213613405,7.816847414545451],[6.752424181219198,7.816666641960817],[6.7524251488019225,7.8164858693745],[6.752426116361575,7.816305096786603],[6.752607385172743,7.81630606164729],[6.7531939343618,7.815681467379246],[6.753333427795279,7.816129147610885],[6.75333149347778,7.816490693014219],[6.753150224496494,7.816489728441606],[6.753149257225276,7.816670501118243]],[[6.7518852133078955,7.8157598841679645],[6.752063523437637,7.816137827878803],[6.751508894468323,7.816364220410332],[6.751726530352313,7.815845530459888],[6.7518852133078955,7.8157598841679645]],[[6.752057772169949,7.817387802063977],[6.751994538044611,7.817607873669066],[6.751836433223667,7.817448509244414],[6.752057772169949,7.817387802063977]],[[6.753467857131632,7.817457193733885],[6.7536891960910514,7.817396485631559],[6.753625962749287,7.817616557723732],[6.753467857131632,7.817457193733885]],[[6.75399605269065,7.81765217167171],[6.75441330714757,7.8175811158017146],[6.754313586575551,7.817810121724888],[6.75399605269065,7.81765217167171]],[[6.752598677006253,7.817933015082258],[6.7523669950784955,7.817841392752666],[6.752599644672583,7.817752242485017],[6.752962183610217,7.8177541723347],[6.753193865718537,7.817845794360889],[6.752961216099664,7.8179349449771],[6.752598677006253,7.817933015082258]],[[6.755317722455016,7.817947481719854],[6.75525448973263,7.818167554269691],[6.755096383174048,7.8180081906598105],[6.755317722455016,7.817947481719854]],[[6.757074595886947,7.8182381438937165],[6.757310726748511,7.818138852661358],[6.757235925537392,7.818549280680924],[6.757074595886947,7.8182381438937165]],[[6.7511446481669255,7.8186483820451755],[6.751081413222644,7.818868453311261],[6.750923308507968,7.818709088516606],[6.7511446481669255,7.8186483820451755]],[[6.7512194550764,7.818237956803529],[6.7513807797442205,7.8185490945987395],[6.7511446481669255,7.8186483820451755],[6.7512194550764,7.818237956803529]],[[6.756363340634464,7.818376482619193],[6.7565846801310885,7.818315773018345],[6.756521447908774,7.818535845927285],[6.756363340634464,7.818376482619193]],[[6.751501377673668,7.819734948059084],[6.75150234603814,7.819554175614],[6.751503314379531,7.819373403167257],[6.75168458439944,7.8193743688003305],[6.751683616135955,7.819555141269668],[6.751682647849391,7.819735913737342],[6.751501377673668,7.819734948059084]],[[6.751747819205114,7.819154297380448],[6.751905924440938,7.819313661999459],[6.75168458439944,7.8193743688003305],[6.751747819205114,7.819154297380448]],[[6.751789486019898,7.819810319611028],[6.752083212425537,7.820239457437201],[6.751496535505094,7.820638810259504],[6.7512648526648,7.820547186979139],[6.751497503984972,7.820458037822719],[6.751619172638858,7.820217178462269],[6.751682647849391,7.819735913737342],[6.751789486019898,7.819810319611028]],[[6.750229580221975,7.820270502986424],[6.750166344348895,7.820490573893828],[6.7500082396444085,7.820331208692368],[6.750229580221975,7.820270502986424]],[[6.747689858968754,7.820618510693826],[6.747626621766745,7.820838580823203],[6.747468518206391,7.820679214908744],[6.747689858968754,7.820618510693826]],[[6.749437128498641,7.82086109887118],[6.749865101456427,7.8206301146417365],[6.749775926889698,7.82103302849384],[6.749437128498641,7.82086109887118]],[[6.750548174828816,7.821057196906215],[6.750769515822443,7.820996491005294],[6.750706279991318,7.821216562036154],[6.750548174828816,7.821057196906215]],[[6.7550789804184035,7.821262102714076],[6.75530032155113,7.8212013942793766],[6.755237087842987,7.8214214666537885],[6.7550789804184035,7.821262102714076]],[[6.752034537308844,7.821726342392352],[6.751971301868195,7.8219464137631824],[6.751813195893301,7.821787048898115],[6.752034537308844,7.821726342392352]],[[6.752097772652823,7.821506270991042],[6.752255878690913,7.821665635751992],[6.752034537308844,7.821726342392352],[6.752097772652823,7.821506270991042]],[[6.752755749333345,7.82245329502351],[6.752692514021938,7.822673366571879],[6.752534407500325,7.822514001826813],[6.752755749333345,7.82245329502351]],[[6.752896950532657,7.822515932900237],[6.7531182923685655,7.822455225891952],[6.753055057231412,7.822675297548592],[6.752896950532657,7.822515932900237]],[[6.752753812933856,7.822814840174964],[6.752654089507404,7.823043845043274],[6.752336553210156,7.822885891450134],[6.752753812933856,7.822814840174964]],[[6.752657095220179,7.823949749504382],[6.752567699502817,7.823717737315689],[6.752386427497278,7.823716771529074],[6.752387395979799,7.823535999007644],[6.752155711384509,7.82344437571889],[6.752388364439247,7.823355226484532],[6.752462974534324,7.823248683067893],[6.752757267293512,7.823102577245807],[6.753005644565931,7.823465455734808],[6.75321932313312,7.82361426744332],[6.753366014628924,7.823873333431306],[6.752748971531427,7.823718703024572],[6.752657095220179,7.823949749504382]],[[6.752026789401464,7.823172522288849],[6.751927065486003,7.8234015268447825],[6.751609529386481,7.823243572707187],[6.752026789401464,7.823172522288849]],[[6.751119462137895,7.823348464117845],[6.751056225768256,7.823568535130102],[6.750898119803356,7.8234091698581],[6.751119462137895,7.823348464117845]],[[6.752928307016557,7.824081213829052],[6.752865071299008,7.824301285343728],[6.752706964255723,7.824141920481982],[6.752928307016557,7.824081213829052]],[[6.748506967660232,7.803449027517511],[6.748443736014535,7.803669098791907],[6.74828563665808,7.803509734816937],[6.748506967660232,7.803449027517511]],[[6.744538574360035,7.799812344156114],[6.744463769698353,7.800222767618261],[6.744302454065822,7.799911630396279],[6.744538574360035,7.799812344156114]],[[6.74416248440383,7.802341215118743],[6.744062764931263,7.802570218211238],[6.7437452469947505,7.80241226472015],[6.74416248440383,7.802341215118743]],[[6.7441576373775804,7.803245073477809],[6.744094403701975,7.803465143462362],[6.743936306516307,7.803305778350711],[6.7441576373775804,7.803245073477809]],[[6.743068125081967,7.803600814102705],[6.743004890775536,7.803820883742579],[6.742846794025016,7.80366151830544],[6.743068125081967,7.803600814102705]],[[6.740198030299223,7.797981419651133],[6.740134796304508,7.798201488727394],[6.739976702451967,7.798042123092963],[6.740198030299223,7.797981419651133]],[[6.739469109568784,7.7987006319731975],[6.739554129253396,7.798796558079483],[6.739885241167699,7.7990948025719184],[6.739201040567434,7.798936940413841],[6.739469109568784,7.7987006319731975]],[[6.740127537582446,7.799157245521176],[6.740554726598105,7.799067982813136],[6.740325797296218,7.799479266855189],[6.740127537582446,7.799157245521176]],[[6.734406498245505,7.79632347312741],[6.734469734425542,7.7961034056679805],[6.734627825080774,7.796262772568074],[6.734406498245505,7.79632347312741]],[[6.7343316858107345,7.796733892205615],[6.734170378000947,7.79642275359224],[6.734406498245505,7.79632347312741],[6.7343316858107345,7.796733892205615]],[[6.735067321684391,7.79672819138384],[6.734909230691128,7.796568824553314],[6.735130557669072,7.796508123747687],[6.735067321684391,7.79672819138384]],[[6.734768041516333,7.796506183844124],[6.7347048053581595,7.796726251371746],[6.7345467145419,7.796566884445285],[6.734768041516333,7.796506183844124]],[[6.736162802532282,7.796181283588728],[6.735819537847181,7.795847151670786],[6.736221994594856,7.795790858665963],[6.736162802532282,7.796181283588728]],[[6.73567822091423,7.795787950361688],[6.735578499977481,7.796016950640235],[6.735260989920072,7.795858993052251],[6.73567822091423,7.795787950361688]],[[6.73603101543007,7.797597596364845],[6.735967779549552,7.797817664213396],[6.735809687827467,7.797658297511757],[6.73603101543007,7.797597596364845]],[[6.7353254272739225,7.793978304792784],[6.735104767331878,7.79391524211107],[6.735264562605854,7.79375757043028],[6.7353254272739225,7.793978304792784]],[[6.735578857314917,7.794175568788148],[6.735149506379245,7.794417668343257],[6.7353254272739225,7.793978304792784],[6.735578857314917,7.794175568788148]],[[6.740077751097464,7.795315682703092],[6.739248633995804,7.795946899565531],[6.73904328060546,7.795784241717569],[6.740079618760289,7.794995262523233],[6.74039578352325,7.794909276189496],[6.740077751097464,7.795315682703092]],[[6.742358986362998,7.790500877247246],[6.742595102266168,7.790401590680067],[6.742520300134043,7.79081201114412],[6.742358986362998,7.790500877247246]],[[6.75654259640803,7.758116330419153],[6.756605810530521,7.757896251587346],[6.756763901729356,7.758055614306201],[6.75654259640803,7.758116330419153]],[[6.756479382189534,7.75833640922066],[6.7563212910537365,7.758177046398542],[6.75654259640803,7.758116330419153],[6.756479382189534,7.75833640922066]],[[6.746913941881952,7.754873321048748],[6.7471352453115445,7.754812609851191],[6.747072027587535,7.755032686024248],[6.746913941881952,7.754873321048748]],[[6.7491494873741384,7.7498441454416245],[6.748889649608526,7.749337925661746],[6.749521172471727,7.749221122382589],[6.7491494873741384,7.7498441454416245]],[[6.792188342740165,7.824769927768848],[6.792841774359634,7.824325051849861],[6.793248237671084,7.823744508128708],[6.792651321483791,7.823874678319852],[6.7927818611663895,7.823307930660748],[6.793177010285145,7.823209004215747],[6.79352895364414,7.823746220618211],[6.79342016068828,7.8242185713641215],[6.7938441238743,7.824379304707701],[6.792821533434486,7.825511746137979],[6.792362832789082,7.8254066746185185],[6.792188342740165,7.824769927768848]],[[6.792524378886929,7.823503281202322],[6.792157294893878,7.824362202110063],[6.792006181667725,7.824936863309453],[6.791557515434855,7.82544375638344],[6.7912242551995625,7.824119880701145],[6.791373871131167,7.823470308683043],[6.791725844899515,7.823382193154676],[6.79180338384573,7.823890146028359],[6.79197982361506,7.823638143612375],[6.792524378886929,7.823503281202322]],[[6.794478683111332,7.825410682455235],[6.794144690793982,7.825638078107709],[6.7939787582630435,7.825875072199713],[6.79352492742663,7.8252121711338045],[6.793827118571645,7.824754653590063],[6.794438345358122,7.824661861715289],[6.794575201355023,7.824991630700481],[6.794478683111332,7.825410682455235]],[[6.794423134475529,7.82755430477845],[6.794654834130349,7.827645908027577],[6.7944221836029035,7.827735082455811],[6.794190483990865,7.827643479079481],[6.794423134475529,7.82755430477845]],[[6.777611219231917,7.818607775945305],[6.777511506601662,7.818836790833701],[6.777193961123409,7.8186788555855715],[6.777611219231917,7.818607775945305]]],[[[6.7604241319045775,7.839968862584061],[6.760536779053749,7.840193885522419],[6.7607765043417505,7.8401944178076395],[6.7608948882337065,7.839744376546242],[6.761110156820349,7.839597847777104],[6.761283894580968,7.83934975674698],[6.761492844389794,7.8401960075529376],[6.764318335112468,7.840202266162959],[6.764191797212496,7.83932939130192],[6.764449741820411,7.83914709386728],[6.764376960695124,7.840202395820793],[6.766084480687112,7.840206168632592],[6.766151055636066,7.839953077643341],[6.766372786480228,7.8398021428123155],[6.766330286372124,7.83960826723485],[6.766443825061027,7.839157676945357],[6.766444789412447,7.8389769028092955],[6.766213094725184,7.838885284050281],[6.7664457537409355,7.838796128671561],[6.766446718046492,7.838615354532208],[6.767353119265296,7.838620161569831],[6.767354083157397,7.838439387316551],[6.767355047026574,7.838258613061625],[6.767173766893165,7.838257651854751],[6.76662992663053,7.838254767766819],[6.76663089078919,7.838073993599981],[6.766449610825569,7.838073032104009],[6.766153825404016,7.837995663058181],[6.766271223691886,7.837529748154315],[6.765908664347955,7.837527824907637],[6.765846160835189,7.837828321189165],[6.765439327376717,7.838030852826067],[6.765302310275449,7.8378275622650415],[6.765665845597183,7.837646585334536],[6.765727384710384,7.837526863167478],[6.765729313602261,7.837165315043288],[6.765548034143814,7.837164353270155],[6.765547069631253,7.8373451273106305],[6.765365790117656,7.83734416543717],[6.765086857792892,7.837773605197036],[6.765005160630033,7.83698069350876],[6.764823881341449,7.836979731446591],[6.7647320059554685,7.8372107814878795],[6.764642602075814,7.836978769306545],[6.764643566932932,7.83679799537503],[6.764462287768334,7.836797033179574],[6.764463252680587,7.836616259268902],[6.7646445317671,7.836617221441889],[6.76536964834261,7.836621069355158],[6.765732206768037,7.836622992844574],[6.76591348601516,7.836623954472478],[6.766276044578194,7.8366258774946775],[6.76645732389412,7.836626838888971],[6.766458287924499,7.836446064729571],[6.766639567185293,7.836447026023552],[6.766640531114658,7.836266251840064],[6.766821810320259,7.836267213033735],[6.767003089548807,7.836268174149541],[6.767184368800263,7.836269135187479],[6.767477149957343,7.835694558362159],[6.767546927371981,7.836271057029756],[6.768246878110192,7.836537574718409],[6.768822461894237,7.83577702607516],[6.768556728976921,7.8354545393053],[6.767916229073224,7.835007558130165],[6.767915265850852,7.835188332482342],[6.76773398697615,7.835187371890452],[6.767552708124367,7.835186411220708],[6.767371429295504,7.8351854504731095],[6.767243365474567,7.835368330246654],[6.766664741464691,7.8352357511681205],[6.7664688907452,7.834457548866538],[6.766287612366161,7.8344565877415855],[6.766288576199429,7.834275813584647],[6.765926019666294,7.834273891146097],[6.76574474143412,7.834272929810053],[6.765382185038587,7.834271006904425],[6.764911996496616,7.834342349342797],[6.764473865200571,7.8346277461411375],[6.764111308814059,7.834625822055805],[6.76411323837703,7.834264274282581],[6.763931960374321,7.834263312168077],[6.763933890001588,7.8339017644331745],[6.763752612177952,7.833900802285764],[6.763751647297739,7.834081576131569],[6.763570369419004,7.83408061388385],[6.763389091563229,7.83407965155828],[6.763137137404489,7.833897535019547],[6.763391021612923,7.833718103954882],[6.763211674050195,7.833355594031278],[6.7628491190779005,7.833353669170758],[6.762666494851796,7.8336049239676715],[6.762486564197476,7.833351743998893],[6.762305286791721,7.833350781296207],[6.762307217594306,7.8329892339492515],[6.762125940367641,7.8329882712137024],[6.76212690581252,7.8328074975602044],[6.761764351584167,7.83280557190059],[6.761765317162159,7.8326247982904444],[6.761584040160494,7.832623835366384],[6.761402763181809,7.832622872364496],[6.7614037288929065,7.832442098797633],[6.761222452015246,7.832441135740411],[6.761013607062601,7.832507608478458],[6.761256060693074,7.832742986097075],[6.760720922525887,7.832844375238553],[6.76067572338143,7.832980566527353],[6.760857000424265,7.8329815298855605],[6.761219554578874,7.832983456368476],[6.761218588720781,7.833164229907829],[6.761399865910622,7.833165193055031],[6.761397934281585,7.833526740173774],[6.761396968432593,7.833707513730667],[6.761578245879569,7.833708476867521],[6.761455167322645,7.83394791965594],[6.761213759085556,7.834068097579711],[6.761080883610963,7.834306807455382],[6.760852170123448,7.833885397340781],[6.760853136229587,7.83370462385307],[6.760671858874551,7.833703660404855],[6.760672825035757,7.833522886937955],[6.760491547781763,7.833521923434411],[6.75976643899575,7.833518068641848],[6.7597674055242205,7.833337295285839],[6.759404851425293,7.83333536746756],[6.759405818086862,7.833154594154912],[6.759224541149951,7.833153630151535],[6.759225507866565,7.832972856859761],[6.759044231030724,7.8329718928010665],[6.759045197802378,7.832791119530123],[6.758863921067569,7.832790155416118],[6.758864887894259,7.832609382166067],[6.758683611260502,7.832608417996755],[6.758684578142225,7.832427644767522],[6.757778195708858,7.832422822866176],[6.757596919291232,7.832421858252432],[6.75759788661818,7.832241085156678],[6.757416610301614,7.832240120487642],[6.757054057737571,7.832238190916093],[6.757055025275611,7.8320574178863005],[6.757417577683579,7.832059347412775],[6.757418545042521,7.8318785743362636],[6.757599821203015,7.831879538960233],[6.757600788460901,7.831698765859506],[6.757419512378441,7.831697801258069],[6.757420479691338,7.831517028178208],[6.757239203709932,7.831516063521486],[6.757147326661723,7.83174711111918],[6.75705792775157,7.831515098786954],[6.756876651816216,7.831514133974602],[6.756628796146112,7.831314030034862],[6.757060830020292,7.8309727796726],[6.757061797397146,7.830792006631151],[6.757062764750975,7.830611233588018],[6.757244040319205,7.830612198209864],[6.757245974801743,7.83025065207361],[6.757064699389551,7.830249687496837],[6.7570656666743005,7.830068914448726],[6.756796982620263,7.830187229224002],[6.7561446166894426,7.829980781544952],[6.756635340050347,7.829816924859397],[6.756705050887467,7.829705439095822],[6.756253214194422,7.829592213358468],[6.75600190148775,7.829646992223935],[6.756176635057051,7.828888692154666],[6.75652861279659,7.8288006094092175],[6.75674693645196,7.828368410856219],[6.756531514731138,7.828258290422833],[6.756348890583124,7.828509542092337],[6.756093848074693,7.8281506586434615],[6.755988658913653,7.828074623338335],[6.75586558019597,7.8283140641164914],[6.755624174972954,7.828434239329424],[6.755562635464168,7.828553959628686],[6.7552005272957745,7.828734222023279],[6.755015908126459,7.829093382531717],[6.75471393057492,7.829152504363951],[6.754931127232256,7.828644432847965],[6.755082287569484,7.82806979830653],[6.754721973305101,7.827888791268703],[6.754475957184528,7.828367395166077],[6.754355254483123,7.828427482335663],[6.754276833676636,7.828325037776494],[6.753696194711367,7.828160459332689],[6.754112674940581,7.827606475020198],[6.75446669595602,7.826722323748619],[6.754548145005814,7.826259174755471],[6.754249765920735,7.826503670127158],[6.753872438427288,7.827358763605422],[6.753169117538778,7.828322412980978],[6.752902874544261,7.828925757739544],[6.752277815339048,7.828634715300469],[6.752793352001695,7.828212285972604],[6.752990335892524,7.827856366340883],[6.752422303962522,7.828176791576391],[6.752539139813147,7.827091239506957],[6.752102028037303,7.827610336095192],[6.751212928749259,7.827989245270558],[6.750815812631411,7.827946739223332],[6.750466489076255,7.82836157586259],[6.751008763797507,7.828309377249761],[6.7513548514742,7.828597351361528],[6.75072686410423,7.828950472451737],[6.750645409668419,7.829413619305619],[6.750439950565453,7.829570024585986],[6.750280296741488,7.829889540996321],[6.751192503427299,7.830267546974636],[6.751114572033331,7.830774665143598],[6.750672611339915,7.831111108535042],[6.750453320260935,7.831427859834955],[6.7508044780533405,7.831378024967715],[6.75106723189515,7.831418179881394],[6.751336932884414,7.831770502946623],[6.752428495538759,7.8316155891701875],[6.752685065920054,7.831287750431047],[6.752993255274197,7.831053140142788],[6.75315228451404,7.830849934459215],[6.754083813075304,7.830516619513528],[6.754666768083441,7.83009040683805],[6.754558799004321,7.8307930286167915],[6.754223785811328,7.831048060984241],[6.754457670942761,7.831230085063203],[6.754237030086727,7.831398049348877],[6.754078000972714,7.831601255527473],[6.75353795192007,7.832012371458612],[6.753427568043493,7.832399650656474],[6.753608843931163,7.832400617060199],[6.753700722958515,7.832169570834385],[6.753790119841895,7.832401583386099],[6.753971395775688,7.832402549634175],[6.753970426864907,7.832583322277217],[6.753969457931067,7.832764094918555],[6.754331570306919,7.8325838347508965],[6.754516192369016,7.832224675199022],[6.754284502710048,7.832133051622292],[6.754517160999571,7.832043902484952],[6.754518129607074,7.831863129769229],[6.754610007986673,7.831632083164149],[6.754699405398959,7.831864095638316],[6.754697468316971,7.832225641113237],[6.754878744287999,7.832226606949627],[6.755110434216008,7.832318230250393],[6.754877775790467,7.832407379707182],[6.754938030080143,7.832527748571343],[6.7554639137016945,7.83268213120165],[6.7552364543614525,7.833132402385493],[6.755599007245254,7.83313433373906],[6.755597070621041,7.833495879416262],[6.756140900587829,7.833498775998172],[6.7561418686773065,7.833318003092751],[6.755960592076735,7.833317037665835],[6.7559625283426765,7.8329554918951185],[6.755781251921218,7.832954526435468],[6.755782220097676,7.8327737535701525],[6.75596349644109,7.832774719007253],[6.756349075737909,7.832938638380969],[6.756870846188839,7.83259877202311],[6.757233399018991,7.832600701840461],[6.757232431489913,7.832781474887753],[6.757594984568269,7.832783404438861],[6.757594017172257,7.8329641775296],[6.757775293824012,7.832965142210944],[6.757867171022988,7.832734094466085],[6.757956570498787,7.832966106814458],[6.758198102591158,7.833087440022547],[6.758499433632391,7.833149773359697],[6.758680710477272,7.833150737674407],[6.7586797435035075,7.833331510896981],[6.758975523001515,7.833408883893338],[6.758858119624253,7.833874794881687],[6.758857152636503,7.834055568120101],[6.758675875378349,7.8340546037706185],[6.758676842444155,7.833873830554728],[6.758677809486949,7.833693057337152],[6.758496532407917,7.8336920929548715],[6.7584974995057525,7.8335113197581325],[6.758135912803777,7.8333286176517785],[6.75813494557285,7.83350939080511],[6.75759111484609,7.833506496791802],[6.757307108021368,7.833583736333402],[6.756961790405901,7.8337889567543755],[6.756321209255043,7.833680514296119],[6.756400315081315,7.8339621020838175],[6.756643880710761,7.834158741145849],[6.756575461477874,7.83468433556648],[6.756778190345401,7.8348480060663235],[6.757002347470753,7.8351302242136045],[6.7578056028278155,7.834665098673353],[6.758069960708274,7.8346993188516905],[6.757942059137797,7.835677703651553],[6.7576807401181735,7.835876636590205],[6.75795328486576,7.836336468530769],[6.758664268793854,7.836223882231591],[6.758665236135789,7.836043109035666],[6.758846514252683,7.8360440736328885],[6.758927009229497,7.8357380771187515],[6.7593903487413955,7.8360469669573725],[6.7594724272479825,7.836413952574934],[6.759997904716437,7.836237120405277],[6.759749037550388,7.836771988765138],[6.759025857998026,7.836406584632508],[6.759097391256664,7.836875463691745],[6.759311078359145,7.837024274080566],[6.759513322985257,7.837319738776046],[6.759436617436566,7.837652619185418],[6.760052754574854,7.837518317984148],[6.759992531057287,7.837779680766147],[6.760308628723248,7.8379998101423],[6.759859610252269,7.8386794690118595],[6.759590128662545,7.8388335430650615],[6.759787908112974,7.837975236705961],[6.758954382875185,7.837659155042812],[6.758838775497577,7.837490259333746],[6.758437786976351,7.837407310941215],[6.7582968746372645,7.837125818487849],[6.757720633938612,7.836975077529263],[6.75750022927099,7.83665307931406],[6.757207507887262,7.836503847376872],[6.7570298618027715,7.836757516119451],[6.75635935827513,7.836252859406437],[6.755865265958449,7.836370210885455],[6.756124439542105,7.8365719151353685],[6.756305717570915,7.836572880890297],[6.756486995622762,7.83657384656736],[6.756485058903782,7.836935392406698],[6.756886046083478,7.837018342425069],[6.757026957323437,7.837299835073874],[6.757208235779732,7.8373008005296185],[6.757203394910754,7.838204665533053],[6.757022116063986,7.838203699964616],[6.756478279661798,7.838200802792004],[6.756297000907135,7.838199836912032],[6.756296032273758,7.838380609795008],[6.75611475346403,7.838379643814607],[6.756111847191376,7.8389219623858795],[6.756110878387749,7.839102735239639],[6.756109909561086,7.839283508091715],[6.756291188761342,7.839284474184859],[6.756290219989751,7.839465247057829],[6.756471499291154,7.839466213095622],[6.7564705305746395,7.839646985989499],[6.756590586009373,7.839708355869575],[6.756725878400305,7.840185405470395],[6.756790019553033,7.840185548483428],[6.7570726439228395,7.839774858933469],[6.756872243341981,7.839360052132051],[6.757137011904679,7.839228250652051],[6.757272003002425,7.838965643756659],[6.757560270772264,7.8391079386724245],[6.757744327494488,7.838749880955912],[6.757745295549102,7.838569107895996],[6.757537553075493,7.838424435310668],[6.758000076978337,7.837773514917737],[6.758242118508781,7.838735347730179],[6.758175753844796,7.839023345601341],[6.758218082503348,7.839216464561665],[6.7578670189597565,7.839455426397024],[6.758100109930552,7.840017223215454],[6.758281389696542,7.84001818854186],[6.758280475737215,7.840188868942658],[6.760208528183563,7.8401931564537675],[6.7604241319045775,7.839968862584061]],[[6.764350719474865,7.836684584008523],[6.76408034345623,7.837116994756263],[6.763825927932254,7.83703648729995],[6.762991440922428,7.8373052858346615],[6.7627552706766965,7.837984498600874],[6.762642736890126,7.838052822697338],[6.762715345763083,7.83739901520243],[6.763004106556362,7.836765272280898],[6.763669390844521,7.836543122739305],[6.764003371212948,7.836311918481158],[6.764343070153928,7.836419413163804],[6.764463252680587,7.836616259268902],[6.764350719474865,7.836684584008523]],[[6.7625557190425765,7.838328613079244],[6.762363331916884,7.838498200460665],[6.762029931139772,7.839212522858999],[6.761831270951117,7.8381994022340855],[6.762642736890126,7.838052822697338],[6.7625557190425765,7.838328613079244]],[[6.766459251931945,7.836265290568523],[6.7664611798780445,7.835903742241454],[6.766789356784587,7.835971622250325],[6.766640531114658,7.836266251840064],[6.766459251931945,7.836265290568523]],[[6.766279900874443,7.835902780936941],[6.76627893683478,7.836083555078853],[6.7660976577760525,7.836082593674029],[6.765553820737427,7.836079708992372],[6.765371196149381,7.836330965055346],[6.7651912628263755,7.83607778548195],[6.765192227334509,7.8358970114747475],[6.765374851744864,7.835645755461585],[6.765554785089404,7.835898934940262],[6.765918307108944,7.835720083995628],[6.766041384290662,7.835480639347776],[6.766282792855834,7.835360458501137],[6.7666991779509,7.835438544297671],[6.766463107732419,7.835542193907683],[6.766462143816697,7.835722968075413],[6.7664611798780445,7.835903742241454],[6.766279900874443,7.835902780936941]],[[6.761641480216856,7.833488403241769],[6.761799594130738,7.833647766643616],[6.761578245879569,7.833708476867521],[6.761641480216856,7.833488403241769]],[[6.756834340444947,7.831994357281165],[6.756994148478934,7.831836684954194],[6.757055025275611,7.8320574178863005],[6.756834340444947,7.831994357281165]],[[6.754650694194534,7.829372576146907],[6.754492584916753,7.829213211255826],[6.75471393057492,7.829152504363951],[6.754650694194534,7.829372576146907]],[[6.754354286235611,7.8286082550604155],[6.754173011894118,7.828607289441888],[6.754173980219628,7.8284265167397],[6.754355254483123,7.828427482335663],[6.754354286235611,7.8286082550604155]],[[6.754046666125574,7.829325721090913],[6.753577492617847,7.8296828871803275],[6.753300541160516,7.829321096970853],[6.75337696172494,7.8288237847583915],[6.754173011894118,7.828607289441888],[6.754046666125574,7.829325721090913]],[[6.7556009437773,7.832772788055222],[6.755603848402557,7.832230469516956],[6.75578512448881,7.832231434964231],[6.755782220097676,7.8327737535701525],[6.7556009437773,7.832772788055222]],[[6.755786092573109,7.832050662092253],[6.755967368604366,7.832051627439155],[6.755966400598104,7.832232400333683],[6.75578512448881,7.832231434964231],[6.755786092573109,7.832050662092253]],[[6.75596833658759,7.83187085454298],[6.756149612563829,7.83187181978951],[6.756150580445983,7.831691046869106],[6.756673377490464,7.8320551305494455],[6.756447752722059,7.832489577711678],[6.75614864465864,7.832052592708233],[6.755967368604366,7.832051627439155],[6.75596833658759,7.83187085454298]],[[6.755969304547777,7.831690081645123],[6.755970272484925,7.831509308745598],[6.755788996687768,7.831508343466348],[6.755789964679908,7.83132757058769],[6.755608688983822,7.831326605253177],[6.755610625055037,7.830965059536024],[6.755850731317651,7.8310877983292935],[6.755971240399037,7.831328535844391],[6.7561525161411815,7.831329501023273],[6.7561515483051,7.831510273947028],[6.756150580445983,7.831691046869106],[6.755969304547777,7.831690081645123]],[[6.755329871423696,7.830821541967917],[6.75525097844624,7.8304208102708985],[6.755251946534199,7.830240037449908],[6.755252914599113,7.830059264627277],[6.755434189702964,7.830060229959527],[6.7556638215959115,7.8297972852241715],[6.755795772148925,7.830242933280922],[6.755614496920975,7.830241968081721],[6.755433221716065,7.83024100280472],[6.755432253706124,7.830421775648262],[6.7555513386535955,7.8306639179141815],[6.755610625055037,7.830965059536024],[6.755329871423696,7.830821541967917]],[[6.755071639518308,7.830058299217221],[6.755074543808821,7.829515980807021],[6.755618368418256,7.829518876600779],[6.7556174005784975,7.829699649473517],[6.755254850659808,7.829697718977032],[6.755252914599113,7.830059264627277],[6.755071639518308,7.830058299217221]],[[6.755681604375474,7.829298804536278],[6.755839714255822,7.829458169117569],[6.755618368418256,7.829518876600779],[6.755681604375474,7.829298804536278]],[[6.7560164558202365,7.830305994129918],[6.755856648271771,7.830463666157414],[6.755795772148925,7.830242933280922],[6.7560164558202365,7.830305994129918]],[[6.758601068163417,7.834465030632484],[6.758439734583301,7.834153892563925],[6.758675875378349,7.8340546037706185],[6.758601068163417,7.834465030632484]],[[6.758162746084795,7.835740764261699],[6.7580029364563465,7.835898436708652],[6.757942059137797,7.835677703651553],[6.758162746084795,7.835740764261699]],[[6.759514426250547,7.83581506464982],[6.7599971448719325,7.835971616902154],[6.7593903487413955,7.8360469669573725],[6.759514426250547,7.83581506464982]],[[6.759969725570964,7.836835048319554],[6.759809915891739,7.8369927218643625],[6.759749037550388,7.836771988765138],[6.759969725570964,7.836835048319554]],[[6.757250549001497,7.83682057698232],[6.757090738597882,7.836978249206593],[6.7570298618027715,7.836757516119451],[6.757250549001497,7.83682057698232]],[[6.758344627523665,7.83979811605834],[6.7585027415300205,7.839957481490873],[6.758281389696542,7.84001818854186],[6.758344627523665,7.83979811605834]],[[6.759011347105344,7.839118183021968],[6.758790658265129,7.839055122671956],[6.758950469227093,7.838897449859323],[6.759011347105344,7.839118183021968]],[[6.759439496321857,7.839439333885597],[6.758690620872946,7.83991670233565],[6.758752612248497,7.839568751648512],[6.7587206546130325,7.839377541559611],[6.7589334657715225,7.839221433611623],[6.759011347105344,7.839118183021968],[6.759439496321857,7.839439333885597]],[[6.758284293571728,7.839475869189222],[6.758221055812312,7.8396959416716046],[6.758062942013917,7.839536576189519],[6.758284293571728,7.839475869189222]],[[6.7632623364619695,7.839370324375569],[6.762944783250766,7.839212375471422],[6.763362061223216,7.839141317306599],[6.7632623364619695,7.839370324375569]],[[6.760726350736305,7.838995286984657],[6.760408799269064,7.83883733668595],[6.760826076568004,7.838766280879326],[6.760726350736305,7.838995286984657]],[[6.758471379786719,7.838392195484766],[6.758250691460287,7.838329134980532],[6.758410502212526,7.838171462347202],[6.758471379786719,7.838392195484766]],[[6.758764796070313,7.838539591862284],[6.758931152182181,7.837976070752889],[6.759074704927417,7.8386590123381765],[6.758554605613251,7.838814925353471],[6.758471379786719,7.838392195484766],[6.758764796070313,7.838539591862284]],[[6.758293971659677,7.837668137905499],[6.7580732837374,7.837605077421559],[6.758233094183282,7.837447404791496],[6.758293971659677,7.837668137905499]],[[6.75851465967866,7.837731198292241],[6.758354849169768,7.837888871026705],[6.758293971659677,7.837668137905499],[6.75851465967866,7.837731198292241]],[[6.757933349835233,7.837304661573856],[6.757870112559636,7.837524733892535],[6.757711999517317,7.837365368705292],[6.757933349835233,7.837304661573856]],[[6.760425379657427,7.838464478462143],[6.7606467306136215,7.838403769958953],[6.760583494319462,7.838623843030848],[6.760425379657427,7.838464478462143]],[[6.762242038715774,7.837751021824353],[6.762463389272477,7.837690312182599],[6.7624001540709,7.837910385834295],[6.762242038715774,7.837751021824353]],[[6.75969238555256,7.8372065193901355],[6.760109661066288,7.8371354638645165],[6.7600099355325804,7.83736446981541],[6.75969238555256,7.8372065193901355]],[[6.762063657570317,7.837207737660303],[6.76228500781649,7.837147028037196],[6.762221772691795,7.837367101664045],[6.762063657570317,7.837207737660303]],[[6.760752218494609,7.8366537618295835],[6.760410023666448,7.836150441219392],[6.760840575056684,7.836054679063383],[6.760752218494609,7.8366537618295835]],[[6.7612031318654155,7.836056606311256],[6.7612040980912615,7.83587583279855],[6.761435792186354,7.8359674535644634],[6.7612031318654155,7.836056606311256]],[[6.761139896545194,7.836276679671967],[6.760981782245386,7.836117315486491],[6.7612031318654155,7.836056606311256],[6.761139896545194,7.836276679671967]],[[6.760983410167748,7.835812773634373],[6.761143218952536,7.835655099728617],[6.7612040980912615,7.83587583279855],[6.760983410167748,7.835812773634373]],[[6.762599608202172,7.8359565230447625],[6.763016882733047,7.835885464141252],[6.762917159087104,7.836114471326421],[6.762599608202172,7.8359565230447625]],[[6.763563614068217,7.835346030600648],[6.763331919480607,7.83525441096948],[6.763564579187212,7.835165256788952],[6.763745857534331,7.835166219171509],[6.763743927429525,7.83552776683818],[6.763925205955746,7.835528729187821],[6.763926170941556,7.83534795533285],[6.764174325925968,7.834935550509232],[6.764356018431051,7.835383956417534],[6.764106484504924,7.835529691459607],[6.76428641689843,7.835782871251788],[6.764556218603781,7.835411678818943],[6.7649064382018125,7.835692077901413],[6.764048505461049,7.8360168250786675],[6.763741997232884,7.835889314498209],[6.763560718573472,7.83588835202576],[6.763561683761347,7.835707578219063],[6.763562648926262,7.8355268044106765],[6.763563614068217,7.835346030600648]],[[6.762292734335019,7.835700838889171],[6.762524428752411,7.835792459096264],[6.762291768600612,7.8358816125385085],[6.762060074226669,7.83578999220411],[6.762292734335019,7.835700838889171]],[[6.758667170750624,7.835681562638846],[6.758603934317434,7.835901635261639],[6.758445821353265,7.835742270777958],[6.758667170750624,7.835681562638846]],[[6.763685518859512,7.834843971854539],[6.763527403703901,7.834684608839624],[6.763748752519348,7.834623897659074],[6.763685518859512,7.834843971854539]],[[6.762479806211172,7.8346171598182694],[6.762416571940139,7.834837233635343],[6.762258457404666,7.834677870280545],[6.762479806211172,7.8346171598182694]],[[6.758311386418196,7.834414221174875],[6.758248150193898,7.834634293757613],[6.758090037744908,7.83447492930496],[6.758311386418196,7.834414221174875]],[[6.758252019346723,7.833911201116481],[6.758093907090799,7.833751836736985],[6.758315255351895,7.833691128494753],[6.758252019346723,7.833911201116481]],[[6.750904258829818,7.829674528746407],[6.750804531815118,7.82990353235858],[6.75048699215119,7.829745576141736],[6.750904258829818,7.829674528746407]],[[6.752498565362812,7.829202585011874],[6.752719911005434,7.829141879248305],[6.752656673665701,7.829361950435593],[6.752498565362812,7.829202585011874]],[[6.751634204094363,7.828774534999388],[6.751413522478354,7.8287114722651685],[6.751573330362869,7.828553802196159],[6.751634204094363,7.828774534999388]],[[6.752045768022919,7.82884913898888],[6.751733765686635,7.829010020806511],[6.751634204094363,7.828774534999388],[6.752045768022919,7.82884913898888]],[[6.751839803352122,7.82848764820777],[6.7515634011138514,7.8281708810080115],[6.752001598502641,7.827872606217004],[6.751839803352122,7.82848764820777]],[[6.765294838433471,7.839010432152085],[6.76513672137121,7.838851068637742],[6.765358072566498,7.838790357521347],[6.765294838433471,7.839010432152085]],[[6.765902877590384,7.838612469374955],[6.766206500967263,7.838178897118597],[6.766521604873082,7.838457624731239],[6.765902877590384,7.838612469374955]],[[6.765803151491645,7.838841477463979],[6.765485599888039,7.838683530504489],[6.765902877590384,7.838612469374955],[6.765803151491645,7.838841477463979]],[[6.763182712695889,7.838778806808659],[6.763119477514367,7.8389988807907125],[6.762961361515594,7.838839516693154],[6.763182712695889,7.838778806808659]],[[6.763257517619137,7.838368378159505],[6.763418856043775,7.838679515447508],[6.763182712695889,7.838778806808659],[6.763257517619137,7.838368378159505]],[[6.763328749324016,7.837937574019168],[6.763550099991409,7.837876863789492],[6.763486865259229,7.838096937755875],[6.763328749324016,7.837937574019168]]],[[[6.795405181175977,7.8402698725683395],[6.795359001465057,7.840117918224697],[6.794817053369344,7.840147281971184],[6.794789241349,7.839636833380777],[6.795182199018971,7.839202868373369],[6.795544653576711,7.83922631652616],[6.795727002801017,7.839024938379248],[6.796591908678817,7.839080889187372],[6.797353729442631,7.83811113607566],[6.796383786929331,7.838184161229224],[6.795939072820987,7.838675288541847],[6.795721017455913,7.838322750943019],[6.795638833882804,7.83768449655843],[6.79563978545415,7.837503718817369],[6.795640737002864,7.8373229410746434],[6.796184586793349,7.837325787376629],[6.796298094278531,7.836875179826543],[6.796238392912594,7.836602937750728],[6.796338561398736,7.836168058054793],[6.796082667342134,7.836314395851641],[6.795933452876721,7.836527503578425],[6.795656462164528,7.836716082600325],[6.7953848461937145,7.837428545817949],[6.79527721888414,7.837501820848991],[6.794650049824919,7.8383236965800025],[6.794360041111553,7.838544510789531],[6.794654063699399,7.839036406292872],[6.794246516328189,7.8395785890414755],[6.794503014028849,7.839778170067408],[6.794073462111351,7.8401052259754955],[6.793993950110184,7.840206838455983],[6.794146577436396,7.840267180013876],[6.794510150958311,7.840267958200123],[6.794719087393681,7.840210637591848],[6.794702504185166,7.840268369782482],[6.795405181175977,7.8402698725683395]]],[[[6.803376127507023,7.8390937891333206],[6.803377540934765,7.838464487686095],[6.803170470839991,7.838041755222148],[6.803378859932072,7.837877122043177],[6.803379796484484,7.837460000737984],[6.802612712545293,7.837806250723549],[6.8018985724471746,7.838298171725441],[6.801158641897762,7.838521794333068],[6.80098649977787,7.838722623248669],[6.801542659331498,7.838692480490766],[6.80133652557204,7.839066078481446],[6.801348051509177,7.839277524207957],[6.801885086067192,7.839248418009909],[6.802068255599597,7.839260264941094],[6.803376127507023,7.8390937891333206]],[[6.8020864864296104,7.838852167865109],[6.801925115048662,7.838541037361528],[6.802161255156776,7.838441721644746],[6.8020864864296104,7.838852167865109]],[[6.802997057287443,7.83853571957254],[6.8029429730503885,7.838770533471432],[6.802559504587549,7.838682705344269],[6.802661915597953,7.838238071762293],[6.8028882904366705,7.838083948633292],[6.802997057287443,7.83853571957254]]],[[[6.788382742761393,7.838550361354142],[6.7882014599032585,7.8385494091601915],[6.788202414790262,7.838368632337203],[6.788600259851404,7.8377463463225014],[6.787985600358623,7.8379470683404335],[6.787688311143111,7.8386208928713605],[6.787259759193439,7.838100868315798],[6.787183334915378,7.83851734001379],[6.787212383547614,7.838817193070207],[6.787108986112352,7.839447577783723],[6.787216614864019,7.839374305386045],[6.787365834325895,7.839161202295107],[6.787621731970108,7.839014870806028],[6.787521553492301,7.8394497460073005],[6.787639382633105,7.839987128275107],[6.787249781797478,7.840252358741276],[6.788568561718223,7.840255201550825],[6.788634945070993,7.840076694115804],[6.788737670507018,7.839998480565761],[6.78879920450223,7.839878753284086],[6.789161317356518,7.839698460714058],[6.789284384960391,7.839459005912092],[6.789103101598168,7.839458053996528],[6.789104056208126,7.83927727707076],[6.788922772946742,7.839276325099512],[6.788923727612116,7.839095548194282],[6.7887424444515085,7.839094596167353],[6.7887443538703796,7.8387330423963855],[6.78838178792979,7.838731138197719],[6.788382742761393,7.838550361354142]]]]}}]}